,session_id,user_id,session_start,session_date,source,device,region,age_band,income_band,product,is_returning_user,page_views,session_duration_seconds,completed_stage,product_page_viewed,calculator_used,cta_clicked,form_started,form_submitted,exit_page,exit_reason,estimated_opportunity_value,session_month,session_week
0,S000001,U000179,2025-05-20 15:42:34,2025-05-20,Email,Desktop,North,45-54,50K-100K,Insurance Plan,1,6,1010,Product Page Viewed,1,0,0,0,0,Product Page Viewed,High interest-rate concern,5699,5,21
1,S000002,U001109,2025-06-09 01:31:53,2025-06-09,Email,Desktop,West,55+,100K+,Credit Card,0,10,245,Lead Form Submitted,1,1,1,1,1,,,0,6,24
2,S000003,U000741,2025-01-14 11:16:09,2025-01-14,Organic Search,Mobile,East,35-44,25K-50K,Personal Loan,0,8,845,Product Page Viewed,1,0,0,0,0,Product Page Viewed,Unclear product value,76835,1,3
3,S000004,U001665,2025-02-05 19:19:03,2025-02-05,Email,Desktop,West,25-34,50K-100K,Savings Account,1,1,306,Lead Form Submitted,1,1,1,1,1,,,0,2,6
4,S000005,U001590,2025-02-24 14:28:05,2025-02-24,Paid Ads,Mobile,South,25-34,Below 25K,Insurance Plan,0,1,1103,Product Page Viewed,1,0,0,0,0,Product Page Viewed,High interest-rate concern,9572,2,9
5,S000006,U000334,2025-03-02 00:32:42,2025-03-02,Organic Search,Desktop,East,35-44,Below 25K,Personal Loan,0,6,544,Lead Form Submitted,1,1,1,1,1,,,0,3,9
6,S000007,U001817,2025-03-31 16:47:34,2025-03-31,Paid Ads,Tablet,West,25-34,25K-50K,Savings Account,1,6,1085,Lead Form Submitted,1,1,1,1,1,,,0,3,14
7,S000008,U001439,2025-04-30 10:22:12,2025-04-30,Direct,Desktop,West,25-34,Below 25K,Personal Loan,0,3,406,Lead Form Started,1,1,1,1,0,Lead Form Started,Technical issue,97340,4,18
8,S000009,U000046,2025-01-28 23:00:19,2025-01-28,Direct,Desktop,North,35-44,100K+,Credit Card,0,7,576,Lead Form Submitted,1,1,1,1,1,,,0,1,5
9,S000010,U000281,2025-02-24 13:17:48,2025-02-24,Organic Search,Desktop,South,35-44,50K-100K,Savings Account,1,8,1101,Lead Form Started,1,1,1,1,0,Lead Form Started,Document requirement concern,13110,2,9
10,S000011,U000582,2025-04-22 12:21:40,2025-04-22,Paid Ads,Tablet,North,25-34,100K+,Personal Loan,0,2,902,Product Page Viewed,1,0,0,0,0,Product Page Viewed,High interest-rate concern,99992,4,17
11,S000012,U001772,2025-01-18 17:40:43,2025-01-18,Paid Ads,Tablet,South,45-54,Below 25K,Personal Loan,1,9,450,CTA Clicked,1,1,1,0,0,CTA Clicked,Not ready to apply,112573,1,3
12,S000013,U000028,2025-02-01 05:30:42,2025-02-01,Organic Search,Desktop,North,35-44,50K-100K,Credit Card,1,11,968,Product Page Viewed,1,0,0,0,0,Product Page Viewed,Unclear product value,23198,2,5
13,S000014,U000265,2025-03-29 12:12:03,2025-03-29,Social Media,Mobile,Central,35-44,50K-100K,Personal Loan,1,8,872,Product Page Viewed,1,0,0,0,0,Product Page Viewed,Unclear product value,109270,3,13
14,S000015,U001569,2025-06-02 00:25:41,2025-06-02,Organic Search,Desktop,West,35-44,50K-100K,Personal Loan,0,10,730,Lead Form Started,1,1,1,1,0,Lead Form Started,Document requirement concern,87536,6,23
15,S000016,U001492,2025-06-01 19:35:51,2025-06-01,Organic Search,Mobile,East,45-54,25K-50K,Personal Loan,1,11,1107,Lead Form Submitted,1,1,1,1,1,,,0,6,22
16,S000017,U000107,2025-03-19 14:11:14,2025-03-19,Referral,Mobile,South,45-54,50K-100K,Credit Card,1,6,230,Lead Form Submitted,1,1,1,1,1,,,0,3,12
17,S000018,U000204,2025-01-17 20:00:10,2025-01-17,Organic Search,Desktop,North,45-54,100K+,Savings Account,0,7,939,Product Page Viewed,1,0,0,0,0,Product Page Viewed,Technical issue,15113,1,3
18,S000019,U001568,2025-03-11 16:28:04,2025-03-11,Paid Ads,Mobile,East,25-34,25K-50K,Credit Card,0,8,889,Product Page Viewed,1,0,0,0,0,Product Page Viewed,High interest-rate concern,27652,3,11
19,S000020,U000657,2025-03-24 12:51:01,2025-03-24,Email,Desktop,West,35-44,25K-50K,Credit Card,0,1,255,Product Page Viewed,1,0,0,0,0,Product Page Viewed,Comparing alternatives,17841,3,13
20,S000021,U001046,2025-06-18 17:21:43,2025-06-18,Social Media,Desktop,East,45-54,100K+,Savings Account,1,2,871,Product Page Viewed,1,0,0,0,0,Product Page Viewed,Comparing alternatives,15157,6,25
21,S000022,U001045,2025-05-11 18:20:02,2025-05-11,Email,Mobile,East,18-24,Below 25K,Insurance Plan,1,6,795,Product Page Viewed,1,0,0,0,0,Product Page Viewed,Technical issue,5985,5,19
22,S000023,U001590,2025-03-07 12:46:21,2025-03-07,Organic Search,Mobile,Central,25-34,50K-100K,Credit Card,0,4,1140,CTA Clicked,1,1,1,0,0,CTA Clicked,Technical issue,39292,3,10
23,S000024,U001701,2025-06-08 15:17:23,2025-06-08,Organic Search,Desktop,West,25-34,50K-100K,Personal Loan,0,12,558,Calculator Used,1,1,0,0,0,Calculator Used,Required information unavailable,150040,6,23
24,S000025,U000568,2025-05-21 20:05:07,2025-05-21,Organic Search,Tablet,West,18-24,100K+,Savings Account,1,3,300,Product Page Viewed,1,0,0,0,0,Product Page Viewed,Technical issue,8824,5,21
25,S000026,U000313,2025-01-10 19:40:46,2025-01-10,Email,Mobile,Central,45-54,100K+,Personal Loan,0,8,1018,Lead Form Submitted,1,1,1,1,1,,,0,1,2
26,S000027,U000172,2025-06-03 10:46:14,2025-06-03,Referral,Mobile,South,55+,50K-100K,Savings Account,1,2,98,Product Page Viewed,1,0,0,0,0,Product Page Viewed,Comparing alternatives,11273,6,23
27,S000028,U001960,2025-04-17 11:00:19,2025-04-17,Email,Desktop,East,55+,25K-50K,Personal Loan,0,7,844,Product Page Viewed,1,0,0,0,0,Product Page Viewed,Technical issue,74802,4,16
28,S000029,U001946,2025-01-25 22:44:54,2025-01-25,Paid Ads,Mobile,West,25-34,25K-50K,Credit Card,1,4,1140,Lead Form Submitted,1,1,1,1,1,,,0,1,4
29,S000030,U001179,2025-05-07 13:07:43,2025-05-07,Referral,Mobile,West,25-34,50K-100K,Credit Card,0,8,1155,Product Page Viewed,1,0,0,0,0,Product Page Viewed,Comparing alternatives,35546,5,19
30,S000031,U000629,2025-04-04 20:05:49,2025-04-04,Direct,Mobile,North,18-24,25K-50K,Savings Account,0,6,220,Product Page Viewed,1,0,0,0,0,Product Page Viewed,High interest-rate concern,10862,4,14
31,S000032,U000479,2025-04-19 16:02:34,2025-04-19,Paid Ads,Tablet,Central,25-34,50K-100K,Savings Account,0,2,908,Lead Form Submitted,1,1,1,1,1,,,0,4,16
32,S000033,U001840,2025-06-28 22:59:32,2025-06-28,Email,Tablet,North,25-34,Below 25K,Credit Card,0,7,63,CTA Clicked,1,1,1,0,0,CTA Clicked,Privacy concern,21513,6,26
33,S000034,U000980,2025-06-29 14:04:28,2025-06-29,Direct,Mobile,South,35-44,50K-100K,Savings Account,0,10,919,Lead Form Started,1,1,1,1,0,Lead Form Started,Document requirement concern,19318,6,26
34,S000035,U001010,2025-03-19 21:49:45,2025-03-19,Direct,Desktop,South,35-44,Below 25K,Credit Card,0,12,1102,Lead Form Submitted,1,1,1,1,1,,,0,3,12
35,S000036,U000615,2025-01-26 14:21:48,2025-01-26,Organic Search,Mobile,West,55+,50K-100K,Credit Card,0,12,918,Product Page Viewed,1,0,0,0,0,Product Page Viewed,Unclear product value,33877,1,4
36,S000037,U001618,2025-03-21 15:35:31,2025-03-21,Referral,Tablet,Central,35-44,50K-100K,Personal Loan,0,7,20,Product Page Viewed,1,0,0,0,0,Product Page Viewed,Unclear product value,159813,3,12
37,S000038,U000823,2025-01-14 19:02:54,2025-01-14,Organic Search,Mobile,West,45-54,Below 25K,Insurance Plan,0,12,72,Product Page Viewed,1,0,0,0,0,Product Page Viewed,Comparing alternatives,9485,1,3
38,S000039,U000764,2025-01-09 21:47:15,2025-01-09,Direct,Desktop,North,35-44,Below 25K,Credit Card,0,3,844,Calculator Used,1,1,0,0,0,Calculator Used,Technical issue,23148,1,2
39,S000040,U000898,2025-03-13 02:44:57,2025-03-13,Email,Mobile,North,35-44,50K-100K,Personal Loan,0,4,771,CTA Clicked,1,1,1,0,0,CTA Clicked,Privacy concern,121926,3,11
40,S000041,U001830,2025-02-09 11:55:33,2025-02-09,Organic Search,Mobile,North,18-24,25K-50K,Personal Loan,0,11,422,Product Page Viewed,1,0,0,0,0,Product Page Viewed,High interest-rate concern,86274,2,6
41,S000042,U001121,2025-02-28 21:22:51,2025-02-28,Direct,Desktop,East,25-34,25K-50K,Savings Account,0,11,225,Lead Form Started,1,1,1,1,0,Lead Form Started,Too many required fields,14777,2,9
42,S000043,U001178,2025-05-02 06:08:09,2025-05-02,Social Media,Desktop,North,18-24,50K-100K,Credit Card,0,10,939,Calculator Used,1,1,0,0,0,Calculator Used,Comparing alternatives,21840,5,18
43,S000044,U001969,2025-03-23 06:19:56,2025-03-23,Paid Ads,Mobile,North,18-24,50K-100K,Credit Card,1,7,1173,Lead Form Started,1,1,1,1,0,Lead Form Started,Document requirement concern,15780,3,12
44,S000045,U000059,2025-03-01 09:50:35,2025-03-01,Email,Desktop,South,25-34,25K-50K,Personal Loan,0,6,410,Product Page Viewed,1,0,0,0,0,Product Page Viewed,Unclear product value,77894,3,9
45,S000046,U000095,2025-02-27 03:19:00,2025-02-27,Social Media,Mobile,North,18-24,50K-100K,Personal Loan,1,2,690,Product Page Viewed,1,0,0,0,0,Product Page Viewed,High interest-rate concern,139520,2,9
46,S000047,U001990,2025-06-03 06:59:13,2025-06-03,Social Media,Mobile,West,25-34,50K-100K,Insurance Plan,0,4,665,Lead Form Submitted,1,1,1,1,1,,,0,6,23
47,S000048,U000767,2025-01-04 16:51:01,2025-01-04,Referral,Desktop,West,45-54,50K-100K,Personal Loan,1,2,935,CTA Clicked,1,1,1,0,0,CTA Clicked,Form looked too long,64641,1,1
48,S000049,U001169,2025-03-11 03:02:45,2025-03-11,Email,Desktop,East,25-34,Below 25K,Credit Card,0,2,364,Product Page Viewed,1,0,0,0,0,Product Page Viewed,Technical issue,22028,3,11
49,S000050,U001239,2025-04-20 04:26:45,2025-04-20,Paid Ads,Desktop,West,45-54,100K+,Credit Card,0,7,1111,Product Page Viewed,1,0,0,0,0,Product Page Viewed,Comparing alternatives,37768,4,16
50,S000051,U000790,2025-01-29 16:22:55,2025-01-29,Organic Search,Tablet,North,45-54,100K+,Personal Loan,1,5,572,Product Page Viewed,1,0,0,0,0,Product Page Viewed,Comparing alternatives,140513,1,5
51,S000052,U001899,2025-04-13 10:39:54,2025-04-13,Social Media,Desktop,West,25-34,50K-100K,Personal Loan,1,2,264,Product Page Viewed,1,0,0,0,0,Product Page Viewed,Technical issue,123265,4,15
52,S000053,U001162,2025-03-11 09:49:09,2025-03-11,Direct,Tablet,East,25-34,25K-50K,Personal Loan,1,4,208,Calculator Used,1,1,0,0,0,Calculator Used,Required information unavailable,150222,3,11
53,S000054,U000556,2025-03-28 04:51:00,2025-03-28,Organic Search,Mobile,East,18-24,25K-50K,Personal Loan,0,3,788,Lead Form Started,1,1,1,1,0,Lead Form Started,Document requirement concern,152262,3,13
54,S000055,U001964,2025-03-05 22:52:19,2025-03-05,Organic Search,Mobile,South,18-24,50K-100K,Credit Card,0,5,658,CTA Clicked,1,1,1,0,0,CTA Clicked,Not ready to apply,23076,3,10
55,S000056,U001670,2025-03-14 02:39:49,2025-03-14,Email,Mobile,Central,45-54,Below 25K,Personal Loan,1,10,225,Lead Form Started,1,1,1,1,0,Lead Form Started,Technical issue,147282,3,11
56,S000057,U001070,2025-04-06 17:16:42,2025-04-06,Organic Search,Mobile,Central,45-54,25K-50K,Insurance Plan,0,3,550,Product Page Viewed,1,0,0,0,0,Product Page Viewed,Comparing alternatives,7381,4,14
57,S000058,U001906,2025-01-27 03:55:33,2025-01-27,Direct,Mobile,South,18-24,100K+,Personal Loan,0,11,736,Lead Form Started,1,1,1,1,0,Lead Form Started,Too many required fields,136419,1,5
58,S000059,U000306,2025-05-30 22:05:45,2025-05-30,Paid Ads,Mobile,South,35-44,50K-100K,Savings Account,0,10,266,Website Visit,0,0,0,0,0,Website Visit,Landing page mismatch,9603,5,22
59,S000060,U000562,2025-03-13 10:59:53,2025-03-13,Organic Search,Mobile,West,55+,25K-50K,Credit Card,0,9,561,Product Page Viewed,1,0,0,0,0,Product Page Viewed,Comparing alternatives,32532,3,11
60,S000061,U001972,2025-06-02 14:00:28,2025-06-02,Paid Ads,Desktop,West,35-44,50K-100K,Insurance Plan,0,1,443,Product Page Viewed,1,0,0,0,0,Product Page Viewed,Technical issue,7558,6,23
61,S000062,U001814,2025-03-01 10:03:47,2025-03-01,Direct,Mobile,South,25-34,Below 25K,Credit Card,0,2,792,Lead Form Started,1,1,1,1,0,Lead Form Started,Technical issue,21855,3,9
62,S000063,U000259,2025-06-06 06:36:13,2025-06-06,Organic Search,Mobile,West,25-34,50K-100K,Insurance Plan,0,10,1145,Calculator Used,1,1,0,0,0,Calculator Used,Comparing alternatives,8723,6,23
63,S000064,U000047,2025-04-08 09:36:05,2025-04-08,Email,Desktop,East,45-54,25K-50K,Insurance Plan,0,9,595,CTA Clicked,1,1,1,0,0,CTA Clicked,Privacy concern,10656,4,15
64,S000065,U001993,2025-05-18 05:35:46,2025-05-18,Direct,Mobile,South,25-34,25K-50K,Credit Card,0,10,444,Product Page Viewed,1,0,0,0,0,Product Page Viewed,High interest-rate concern,24069,5,20
65,S000066,U001595,2025-01-25 20:08:24,2025-01-25,Organic Search,Desktop,North,55+,25K-50K,Credit Card,1,1,516,Product Page Viewed,1,0,0,0,0,Product Page Viewed,Comparing alternatives,22448,1,4
66,S000067,U000952,2025-06-09 05:21:59,2025-06-09,Organic Search,Desktop,North,35-44,25K-50K,Credit Card,0,8,959,Website Visit,0,0,0,0,0,Website Visit,Slow page load,39922,6,24
67,S000068,U000641,2025-02-27 07:07:38,2025-02-27,Paid Ads,Mobile,West,45-54,50K-100K,Credit Card,0,6,1125,Product Page Viewed,1,0,0,0,0,Product Page Viewed,High interest-rate concern,19311,2,9
68,S000069,U001758,2025-06-14 02:18:22,2025-06-14,Organic Search,Mobile,North,18-24,25K-50K,Personal Loan,0,2,56,Product Page Viewed,1,0,0,0,0,Product Page Viewed,High interest-rate concern,116355,6,24
69,S000070,U000910,2025-05-28 01:02:34,2025-05-28,Paid Ads,Desktop,South,35-44,50K-100K,Savings Account,0,2,381,Calculator Used,1,1,0,0,0,Calculator Used,Required information unavailable,11174,5,22
70,S000071,U000088,2025-05-29 01:28:01,2025-05-29,Social Media,Mobile,West,25-34,100K+,Credit Card,0,5,1148,Calculator Used,1,1,0,0,0,Calculator Used,Technical issue,29768,5,22
71,S000072,U000768,2025-05-30 08:54:17,2025-05-30,Organic Search,Mobile,West,25-34,25K-50K,Credit Card,0,9,138,Lead Form Submitted,1,1,1,1,1,,,0,5,22
72,S000073,U001688,2025-01-12 08:41:44,2025-01-12,Organic Search,Desktop,West,45-54,25K-50K,Personal Loan,0,1,1011,Lead Form Started,1,1,1,1,0,Lead Form Started,Technical issue,84195,1,2
73,S000074,U000210,2025-03-18 12:30:52,2025-03-18,Organic Search,Desktop,South,18-24,25K-50K,Credit Card,1,3,1117,Product Page Viewed,1,0,0,0,0,Product Page Viewed,Comparing alternatives,18604,3,12
74,S000075,U001239,2025-03-15 02:55:38,2025-03-15,Email,Desktop,West,55+,Below 25K,Credit Card,0,1,399,Website Visit,0,0,0,0,0,Website Visit,Landing page mismatch,27968,3,11
75,S000076,U000997,2025-02-22 23:18:04,2025-02-22,Paid Ads,Mobile,East,25-34,25K-50K,Personal Loan,1,10,1042,Lead Form Started,1,1,1,1,0,Lead Form Started,Document requirement concern,155345,2,8
76,S000077,U000659,2025-02-18 10:49:30,2025-02-18,Direct,Mobile,West,25-34,25K-50K,Credit Card,0,7,127,Product Page Viewed,1,0,0,0,0,Product Page Viewed,Technical issue,22121,2,8
77,S000078,U001052,2025-05-29 23:17:44,2025-05-29,Direct,Desktop,North,25-34,100K+,Insurance Plan,0,12,1175,Product Page Viewed,1,0,0,0,0,Product Page Viewed,Unclear product value,9824,5,22
78,S000079,U000993,2025-02-06 11:10:41,2025-02-06,Organic Search,Desktop,South,25-34,50K-100K,Insurance Plan,0,9,205,CTA Clicked,1,1,1,0,0,CTA Clicked,Technical issue,5438,2,6
79,S000080,U001924,2025-06-08 13:54:38,2025-06-08,Organic Search,Desktop,East,55+,50K-100K,Credit Card,0,5,1123,Calculator Used,1,1,0,0,0,Calculator Used,Required information unavailable,23268,6,23
80,S000081,U000133,2025-01-05 22:33:36,2025-01-05,Direct,Desktop,North,25-34,50K-100K,Savings Account,1,7,704,Lead Form Submitted,1,1,1,1,1,,,0,1,1
81,S000082,U000398,2025-03-14 05:23:26,2025-03-14,Social Media,Mobile,West,35-44,25K-50K,Insurance Plan,0,10,447,Product Page Viewed,1,0,0,0,0,Product Page Viewed,Unclear product value,6191,3,11
82,S000083,U001806,2025-03-11 01:04:57,2025-03-11,Social Media,Desktop,North,45-54,Below 25K,Personal Loan,0,1,1101,Lead Form Started,1,1,1,1,0,Lead Form Started,Document requirement concern,81746,3,11
83,S000084,U001928,2025-02-05 02:15:46,2025-02-05,Email,Desktop,West,45-54,100K+,Insurance Plan,1,12,958,Calculator Used,1,1,0,0,0,Calculator Used,Technical issue,7212,2,6
84,S000085,U000773,2025-02-20 08:40:42,2025-02-20,Paid Ads,Mobile,North,25-34,100K+,Savings Account,0,2,56,Calculator Used,1,1,0,0,0,Calculator Used,Comparing alternatives,22186,2,8
85,S000086,U000473,2025-04-12 01:10:43,2025-04-12,Organic Search,Mobile,North,45-54,25K-50K,Credit Card,0,10,254,Product Page Viewed,1,0,0,0,0,Product Page Viewed,Unclear product value,21341,4,15
86,S000087,U000814,2025-03-20 14:54:07,2025-03-20,Paid Ads,Desktop,East,25-34,50K-100K,Personal Loan,0,12,207,Product Page Viewed,1,0,0,0,0,Product Page Viewed,High interest-rate concern,73623,3,12
87,S000088,U000995,2025-04-06 12:28:09,2025-04-06,Direct,Mobile,Central,35-44,25K-50K,Credit Card,1,9,718,Product Page Viewed,1,0,0,0,0,Product Page Viewed,High interest-rate concern,27520,4,14
88,S000089,U001434,2025-01-11 19:13:34,2025-01-11,Direct,Desktop,East,45-54,50K-100K,Credit Card,0,10,530,Product Page Viewed,1,0,0,0,0,Product Page Viewed,Comparing alternatives,28267,1,2
89,S000090,U001473,2025-03-30 11:01:58,2025-03-30,Organic Search,Desktop,North,35-44,50K-100K,Personal Loan,0,9,338,Product Page Viewed,1,0,0,0,0,Product Page Viewed,High interest-rate concern,150399,3,13
90,S000091,U001455,2025-05-17 04:04:02,2025-05-17,Organic Search,Mobile,East,25-34,25K-50K,Personal Loan,1,9,853,CTA Clicked,1,1,1,0,0,CTA Clicked,Not ready to apply,143692,5,20
91,S000092,U001641,2025-02-19 05:46:41,2025-02-19,Paid Ads,Mobile,East,25-34,50K-100K,Credit Card,0,3,338,Lead Form Submitted,1,1,1,1,1,,,0,2,8
92,S000093,U000996,2025-04-24 15:25:55,2025-04-24,Email,Tablet,West,45-54,50K-100K,Insurance Plan,0,10,111,Product Page Viewed,1,0,0,0,0,Product Page Viewed,Technical issue,9721,4,17
93,S000094,U001979,2025-01-20 17:06:36,2025-01-20,Email,Desktop,Central,45-54,25K-50K,Insurance Plan,0,3,903,Product Page Viewed,1,0,0,0,0,Product Page Viewed,High interest-rate concern,5320,1,4
94,S000095,U000391,2025-05-15 01:23:26,2025-05-15,Social Media,Mobile,West,25-34,Below 25K,Savings Account,0,12,328,Website Visit,0,0,0,0,0,Website Visit,Not ready to explore,22012,5,20
95,S000096,U000553,2025-04-12 06:21:01,2025-04-12,Paid Ads,Mobile,South,45-54,25K-50K,Savings Account,0,11,267,Product Page Viewed,1,0,0,0,0,Product Page Viewed,Technical issue,19886,4,15
96,S000097,U001535,2025-01-17 03:22:04,2025-01-17,Referral,Mobile,North,25-34,25K-50K,Personal Loan,0,5,639,Product Page Viewed,1,0,0,0,0,Product Page Viewed,Comparing alternatives,87341,1,3
97,S000098,U001459,2025-01-16 18:06:35,2025-01-16,Organic Search,Mobile,North,35-44,25K-50K,Personal Loan,0,3,1091,Lead Form Submitted,1,1,1,1,1,,,0,1,3
98,S000099,U000450,2025-03-14 20:19:12,2025-03-14,Paid Ads,Mobile,North,45-54,25K-50K,Credit Card,0,8,1024,CTA Clicked,1,1,1,0,0,CTA Clicked,Form looked too long,34559,3,11
99,S000100,U000244,2025-05-21 03:48:59,2025-05-21,Referral,Mobile,Central,45-54,50K-100K,Credit Card,0,12,751,Lead Form Submitted,1,1,1,1,1,,,0,5,21
100,S000101,U001922,2025-06-14 19:09:22,2025-06-14,Referral,Desktop,East,45-54,100K+,Personal Loan,0,3,980,Website Visit,0,0,0,0,0,Website Visit,Not ready to explore,72286,6,24
101,S000102,U001195,2025-03-16 14:46:25,2025-03-16,Paid Ads,Desktop,South,45-54,25K-50K,Insurance Plan,0,11,261,Product Page Viewed,1,0,0,0,0,Product Page Viewed,High interest-rate concern,8898,3,11
102,S000103,U001127,2025-04-19 11:53:40,2025-04-19,Organic Search,Mobile,Central,25-34,100K+,Personal Loan,1,5,904,Product Page Viewed,1,0,0,0,0,Product Page Viewed,Comparing alternatives,140147,4,16
103,S000104,U001598,2025-02-14 19:05:33,2025-02-14,Organic Search,Tablet,West,45-54,25K-50K,Credit Card,0,3,161,Calculator Used,1,1,0,0,0,Calculator Used,Required information unavailable,30070,2,7
104,S000105,U000526,2025-06-25 04:04:14,2025-06-25,Social Media,Mobile,North,18-24,Below 25K,Personal Loan,1,11,87,Calculator Used,1,1,0,0,0,Calculator Used,Technical issue,125460,6,26
105,S000106,U000615,2025-04-25 10:33:35,2025-04-25,Referral,Mobile,South,25-34,50K-100K,Credit Card,1,7,515,Product Page Viewed,1,0,0,0,0,Product Page Viewed,Unclear product value,17674,4,17
106,S000107,U001530,2025-02-07 07:23:02,2025-02-07,Organic Search,Desktop,Central,35-44,25K-50K,Personal Loan,0,4,752,Product Page Viewed,1,0,0,0,0,Product Page Viewed,Comparing alternatives,70332,2,6
107,S000108,U001502,2025-03-22 01:14:05,2025-03-22,Organic Search,Mobile,East,25-34,50K-100K,Savings Account,0,5,59,Product Page Viewed,1,0,0,0,0,Product Page Viewed,Technical issue,16019,3,12
108,S000109,U001204,2025-06-29 17:42:01,2025-06-29,Organic Search,Mobile,East,35-44,25K-50K,Insurance Plan,0,7,549,Lead Form Submitted,1,1,1,1,1,,,0,6,26
109,S000110,U000065,2025-02-08 13:40:46,2025-02-08,Organic Search,Tablet,North,25-34,50K-100K,Credit Card,0,4,915,Product Page Viewed,1,0,0,0,0,Product Page Viewed,High interest-rate concern,21292,2,6
110,S000111,U001451,2025-02-21 08:23:42,2025-02-21,Paid Ads,Desktop,Central,35-44,50K-100K,Insurance Plan,0,4,491,Product Page Viewed,1,0,0,0,0,Product Page Viewed,Technical issue,10705,2,8
111,S000112,U001970,2025-06-15 21:44:47,2025-06-15,Email,Mobile,South,35-44,25K-50K,Credit Card,0,5,499,Lead Form Submitted,1,1,1,1,1,,,0,6,24
112,S000113,U000456,2025-01-19 18:13:27,2025-01-19,Direct,Mobile,South,35-44,25K-50K,Personal Loan,1,1,80,Calculator Used,1,1,0,0,0,Calculator Used,Calculator result not attractive,106842,1,3
113,S000114,U000144,2025-03-23 19:15:57,2025-03-23,Email,Mobile,North,35-44,Below 25K,Insurance Plan,1,10,797,Product Page Viewed,1,0,0,0,0,Product Page Viewed,Technical issue,6573,3,12
114,S000115,U001481,2025-02-10 17:36:39,2025-02-10,Paid Ads,Desktop,North,35-44,50K-100K,Credit Card,0,1,634,Lead Form Submitted,1,1,1,1,1,,,0,2,7
115,S000116,U001150,2025-03-23 03:53:47,2025-03-23,Organic Search,Desktop,Central,55+,Below 25K,Personal Loan,0,5,629,Product Page Viewed,1,0,0,0,0,Product Page Viewed,Technical issue,117482,3,12
116,S000117,U000157,2025-01-13 20:23:41,2025-01-13,Direct,Desktop,South,25-34,50K-100K,Credit Card,1,9,880,Lead Form Started,1,1,1,1,0,Lead Form Started,Too many required fields,24882,1,3
117,S000118,U000439,2025-05-12 11:08:02,2025-05-12,Social Media,Desktop,North,25-34,50K-100K,Insurance Plan,1,8,748,Website Visit,0,0,0,0,0,Website Visit,Landing page mismatch,8649,5,20
118,S000119,U000177,2025-06-04 08:09:13,2025-06-04,Organic Search,Mobile,West,25-34,50K-100K,Personal Loan,0,4,1014,Product Page Viewed,1,0,0,0,0,Product Page Viewed,Comparing alternatives,77022,6,23
119,S000120,U000542,2025-01-28 04:29:24,2025-01-28,Organic Search,Mobile,North,25-34,25K-50K,Credit Card,0,9,519,Calculator Used,1,1,0,0,0,Calculator Used,Calculator result not attractive,21895,1,5
120,S000121,U000648,2025-03-12 18:21:16,2025-03-12,Paid Ads,Mobile,East,35-44,25K-50K,Personal Loan,0,10,890,Product Page Viewed,1,0,0,0,0,Product Page Viewed,Unclear product value,91195,3,11
121,S000122,U001575,2025-04-01 15:10:35,2025-04-01,Social Media,Tablet,North,35-44,Below 25K,Credit Card,0,2,1186,Product Page Viewed,1,0,0,0,0,Product Page Viewed,Unclear product value,27503,4,14
122,S000123,U000038,2025-01-24 04:58:46,2025-01-24,Social Media,Mobile,East,25-34,100K+,Personal Loan,0,1,1185,Product Page Viewed,1,0,0,0,0,Product Page Viewed,Technical issue,147692,1,4
123,S000124,U000780,2025-03-01 12:44:14,2025-03-01,Social Media,Mobile,South,25-34,25K-50K,Personal Loan,0,6,230,Lead Form Started,1,1,1,1,0,Lead Form Started,Document requirement concern,98768,3,9
124,S000125,U001144,2025-02-17 05:07:54,2025-02-17,Social Media,Mobile,North,25-34,25K-50K,Credit Card,0,5,170,Product Page Viewed,1,0,0,0,0,Product Page Viewed,Comparing alternatives,24203,2,8
125,S000126,U001053,2025-01-30 02:40:56,2025-01-30,Direct,Mobile,West,55+,25K-50K,Personal Loan,1,7,1135,Lead Form Submitted,1,1,1,1,1,,,0,1,5
126,S000127,U001960,2025-03-03 08:12:01,2025-03-03,Organic Search,Mobile,North,55+,100K+,Savings Account,0,4,962,Product Page Viewed,1,0,0,0,0,Product Page Viewed,Comparing alternatives,14722,3,10
127,S000128,U001533,2025-05-09 19:21:12,2025-05-09,Paid Ads,Desktop,North,45-54,Below 25K,Insurance Plan,0,2,55,Product Page Viewed,1,0,0,0,0,Product Page Viewed,Technical issue,6933,5,19
128,S000129,U001703,2025-01-08 15:49:17,2025-01-08,Paid Ads,Mobile,East,25-34,100K+,Insurance Plan,0,6,912,Lead Form Submitted,1,1,1,1,1,,,0,1,2
129,S000130,U001102,2025-03-16 11:35:58,2025-03-16,Paid Ads,Tablet,West,45-54,Below 25K,Insurance Plan,0,10,677,Product Page Viewed,1,0,0,0,0,Product Page Viewed,Unclear product value,7921,3,11
130,S000131,U001442,2025-02-16 01:24:44,2025-02-16,Direct,Desktop,North,25-34,50K-100K,Credit Card,1,5,1126,Lead Form Started,1,1,1,1,0,Lead Form Started,Document requirement concern,19618,2,7
131,S000132,U001999,2025-05-18 10:55:42,2025-05-18,Email,Mobile,Central,18-24,100K+,Personal Loan,0,5,388,Lead Form Started,1,1,1,1,0,Lead Form Started,Technical issue,132821,5,20
132,S000133,U000078,2025-01-21 15:41:22,2025-01-21,Paid Ads,Desktop,North,45-54,100K+,Insurance Plan,1,11,394,Product Page Viewed,1,0,0,0,0,Product Page Viewed,Comparing alternatives,6747,1,4
133,S000134,U000377,2025-02-05 16:42:58,2025-02-05,Direct,Mobile,South,45-54,25K-50K,Credit Card,0,4,330,Product Page Viewed,1,0,0,0,0,Product Page Viewed,Technical issue,33033,2,6
134,S000135,U001973,2025-05-25 11:00:03,2025-05-25,Organic Search,Mobile,North,35-44,50K-100K,Savings Account,0,8,760,Product Page Viewed,1,0,0,0,0,Product Page Viewed,Unclear product value,11723,5,21
135,S000136,U000312,2025-06-04 18:00:46,2025-06-04,Paid Ads,Mobile,South,25-34,Below 25K,Savings Account,0,8,858,Calculator Used,1,1,0,0,0,Calculator Used,Technical issue,12979,6,23
136,S000137,U001388,2025-01-08 01:44:51,2025-01-08,Organic Search,Mobile,West,45-54,25K-50K,Insurance Plan,0,9,1049,Product Page Viewed,1,0,0,0,0,Product Page Viewed,High interest-rate concern,10767,1,2
137,S000138,U000158,2025-03-12 09:13:56,2025-03-12,Organic Search,Mobile,South,45-54,25K-50K,Personal Loan,0,11,53,Lead Form Started,1,1,1,1,0,Lead Form Started,Document requirement concern,82613,3,11
138,S000139,U000996,2025-05-30 13:55:49,2025-05-30,Paid Ads,Desktop,North,35-44,100K+,Credit Card,0,7,688,Lead Form Submitted,1,1,1,1,1,,,0,5,22
139,S000140,U001725,2025-05-08 20:03:09,2025-05-08,Organic Search,Mobile,North,25-34,50K-100K,Insurance Plan,0,4,958,Product Page Viewed,1,0,0,0,0,Product Page Viewed,Technical issue,7352,5,19
140,S000141,U000197,2025-06-09 02:41:31,2025-06-09,Referral,Mobile,South,35-44,25K-50K,Credit Card,0,8,840,CTA Clicked,1,1,1,0,0,CTA Clicked,Privacy concern,19061,6,24
141,S000142,U001695,2025-01-18 05:42:03,2025-01-18,Organic Search,Mobile,North,55+,Below 25K,Savings Account,0,2,100,Product Page Viewed,1,0,0,0,0,Product Page Viewed,Unclear product value,12292,1,3
142,S000143,U000793,2025-02-04 12:05:41,2025-02-04,Direct,Desktop,West,45-54,50K-100K,Savings Account,1,2,639,Calculator Used,1,1,0,0,0,Calculator Used,Comparing alternatives,14482,2,6
143,S000144,U001836,2025-03-29 08:21:48,2025-03-29,Organic Search,Mobile,North,25-34,25K-50K,Insurance Plan,0,2,1008,Product Page Viewed,1,0,0,0,0,Product Page Viewed,Unclear product value,9198,3,13
144,S000145,U001656,2025-06-10 17:14:25,2025-06-10,Direct,Mobile,West,35-44,50K-100K,Insurance Plan,0,9,911,Website Visit,0,0,0,0,0,Website Visit,Not ready to explore,4523,6,24
145,S000146,U001143,2025-03-28 09:42:09,2025-03-28,Direct,Desktop,West,35-44,50K-100K,Savings Account,0,12,652,Lead Form Started,1,1,1,1,0,Lead Form Started,Session timeout,9993,3,13
146,S000147,U000444,2025-01-03 17:36:59,2025-01-03,Email,Desktop,East,25-34,100K+,Personal Loan,0,5,631,Lead Form Submitted,1,1,1,1,1,,,0,1,1
147,S000148,U000470,2025-06-20 02:32:16,2025-06-20,Paid Ads,Desktop,South,45-54,Below 25K,Savings Account,0,11,1152,Calculator Used,1,1,0,0,0,Calculator Used,Technical issue,11661,6,25
148,S000149,U001639,2025-05-03 11:57:59,2025-05-03,Organic Search,Desktop,Central,25-34,Below 25K,Savings Account,0,8,1126,Product Page Viewed,1,0,0,0,0,Product Page Viewed,High interest-rate concern,11950,5,18
149,S000150,U000634,2025-05-31 08:38:39,2025-05-31,Organic Search,Mobile,North,35-44,25K-50K,Personal Loan,0,2,361,Product Page Viewed,1,0,0,0,0,Product Page Viewed,Technical issue,124394,5,22
150,S000151,U001278,2025-04-03 16:34:18,2025-04-03,Organic Search,Tablet,East,25-34,Below 25K,Savings Account,0,4,616,Lead Form Submitted,1,1,1,1,1,,,0,4,14
151,S000152,U000640,2025-06-18 07:03:18,2025-06-18,Direct,Mobile,West,25-34,50K-100K,Insurance Plan,1,3,326,Lead Form Started,1,1,1,1,0,Lead Form Started,Too many required fields,8186,6,25
152,S000153,U000083,2025-05-11 02:23:55,2025-05-11,Referral,Tablet,North,45-54,50K-100K,Credit Card,0,2,750,Product Page Viewed,1,0,0,0,0,Product Page Viewed,High interest-rate concern,17649,5,19
153,S000154,U001444,2025-02-05 08:28:02,2025-02-05,Paid Ads,Mobile,North,25-34,50K-100K,Credit Card,0,1,940,Calculator Used,1,1,0,0,0,Calculator Used,Comparing alternatives,39076,2,6
154,S000155,U000873,2025-03-16 20:04:34,2025-03-16,Direct,Desktop,North,35-44,25K-50K,Personal Loan,0,9,76,Product Page Viewed,1,0,0,0,0,Product Page Viewed,High interest-rate concern,111931,3,11
155,S000156,U000395,2025-03-09 20:39:40,2025-03-09,Email,Desktop,Central,25-34,100K+,Insurance Plan,0,2,516,Lead Form Submitted,1,1,1,1,1,,,0,3,10
156,S000157,U001260,2025-05-06 12:30:12,2025-05-06,Paid Ads,Mobile,North,25-34,50K-100K,Savings Account,0,12,696,Calculator Used,1,1,0,0,0,Calculator Used,Calculator result not attractive,20387,5,19
157,S000158,U001986,2025-02-01 10:05:02,2025-02-01,Email,Desktop,East,25-34,50K-100K,Insurance Plan,1,10,282,Lead Form Submitted,1,1,1,1,1,,,0,2,5
158,S000159,U000141,2025-05-14 13:47:44,2025-05-14,Direct,Desktop,East,35-44,50K-100K,Credit Card,0,2,574,Product Page Viewed,1,0,0,0,0,Product Page Viewed,High interest-rate concern,30171,5,20
159,S000160,U001330,2025-02-21 18:48:27,2025-02-21,Organic Search,Desktop,South,55+,25K-50K,Credit Card,0,9,293,Calculator Used,1,1,0,0,0,Calculator Used,Technical issue,37300,2,8
160,S000161,U001346,2025-04-06 00:35:40,2025-04-06,Email,Desktop,East,25-34,Below 25K,Insurance Plan,0,5,965,CTA Clicked,1,1,1,0,0,CTA Clicked,Technical issue,7520,4,14
161,S000162,U000025,2025-03-18 13:21:20,2025-03-18,Direct,Desktop,South,25-34,50K-100K,Credit Card,0,4,177,Product Page Viewed,1,0,0,0,0,Product Page Viewed,Unclear product value,22483,3,12
162,S000163,U001187,2025-03-24 19:11:08,2025-03-24,Direct,Desktop,East,45-54,Below 25K,Personal Loan,0,3,1036,Lead Form Submitted,1,1,1,1,1,,,0,3,13
163,S000164,U001065,2025-05-31 02:36:01,2025-05-31,Email,Desktop,Central,35-44,25K-50K,Savings Account,0,1,905,CTA Clicked,1,1,1,0,0,CTA Clicked,Technical issue,18035,5,22
164,S000165,U001982,2025-02-21 03:52:58,2025-02-21,Email,Desktop,North,25-34,50K-100K,Savings Account,0,2,323,Lead Form Submitted,1,1,1,1,1,,,0,2,8
165,S000166,U001374,2025-05-09 12:56:24,2025-05-09,Social Media,Mobile,West,35-44,100K+,Personal Loan,0,1,702,Calculator Used,1,1,0,0,0,Calculator Used,Calculator result not attractive,69069,5,19
166,S000167,U001192,2025-04-20 02:51:23,2025-04-20,Organic Search,Mobile,West,25-34,Below 25K,Personal Loan,0,3,837,Lead Form Started,1,1,1,1,0,Lead Form Started,Document requirement concern,154407,4,16
167,S000168,U001358,2025-04-20 01:17:50,2025-04-20,Social Media,Tablet,West,25-34,50K-100K,Credit Card,0,2,278,Product Page Viewed,1,0,0,0,0,Product Page Viewed,Technical issue,22444,4,16
168,S000169,U001046,2025-03-08 14:40:13,2025-03-08,Email,Mobile,East,25-34,50K-100K,Personal Loan,1,1,711,Lead Form Started,1,1,1,1,0,Lead Form Started,Too many required fields,94762,3,10
169,S000170,U000927,2025-04-29 22:58:25,2025-04-29,Referral,Mobile,South,25-34,Below 25K,Credit Card,0,6,1005,Product Page Viewed,1,0,0,0,0,Product Page Viewed,Unclear product value,27078,4,18
170,S000171,U000041,2025-03-19 05:59:20,2025-03-19,Organic Search,Mobile,South,35-44,Below 25K,Credit Card,1,3,125,Lead Form Submitted,1,1,1,1,1,,,0,3,12
171,S000172,U000254,2025-02-04 03:31:01,2025-02-04,Social Media,Desktop,West,18-24,100K+,Insurance Plan,1,11,753,Calculator Used,1,1,0,0,0,Calculator Used,Required information unavailable,8481,2,6
172,S000173,U001935,2025-04-17 01:22:56,2025-04-17,Social Media,Mobile,West,35-44,50K-100K,Personal Loan,0,4,198,Product Page Viewed,1,0,0,0,0,Product Page Viewed,Comparing alternatives,78943,4,16
173,S000174,U000242,2025-05-02 14:29:29,2025-05-02,Direct,Desktop,East,35-44,50K-100K,Credit Card,1,1,1098,Product Page Viewed,1,0,0,0,0,Product Page Viewed,Comparing alternatives,21804,5,18
174,S000175,U000023,2025-01-29 23:40:44,2025-01-29,Organic Search,Desktop,North,25-34,25K-50K,Personal Loan,0,1,1150,Calculator Used,1,1,0,0,0,Calculator Used,Technical issue,96301,1,5
175,S000176,U000314,2025-04-05 00:17:00,2025-04-05,Organic Search,Desktop,West,18-24,50K-100K,Insurance Plan,1,12,658,Lead Form Submitted,1,1,1,1,1,,,0,4,14
176,S000177,U001861,2025-06-18 12:08:14,2025-06-18,Email,Desktop,West,45-54,50K-100K,Savings Account,0,9,133,Lead Form Submitted,1,1,1,1,1,,,0,6,25
177,S000178,U001581,2025-06-17 19:43:30,2025-06-17,Paid Ads,Mobile,East,35-44,25K-50K,Credit Card,0,10,131,Product Page Viewed,1,0,0,0,0,Product Page Viewed,High interest-rate concern,30352,6,25
178,S000179,U001068,2025-01-20 07:57:47,2025-01-20,Referral,Mobile,Central,35-44,25K-50K,Savings Account,0,1,927,Lead Form Started,1,1,1,1,0,Lead Form Started,Technical issue,15270,1,4
179,S000180,U000830,2025-01-26 09:20:51,2025-01-26,Email,Desktop,South,18-24,25K-50K,Savings Account,1,4,192,Product Page Viewed,1,0,0,0,0,Product Page Viewed,Technical issue,13971,1,4
180,S000181,U001848,2025-05-02 18:21:12,2025-05-02,Paid Ads,Desktop,Central,35-44,100K+,Credit Card,1,3,1066,Product Page Viewed,1,0,0,0,0,Product Page Viewed,High interest-rate concern,19503,5,18
181,S000182,U001687,2025-02-08 12:06:15,2025-02-08,Direct,Mobile,South,25-34,25K-50K,Insurance Plan,0,4,787,Product Page Viewed,1,0,0,0,0,Product Page Viewed,Unclear product value,8975,2,6
182,S000183,U001738,2025-01-03 21:45:48,2025-01-03,Paid Ads,Desktop,West,25-34,Below 25K,Personal Loan,0,4,941,Lead Form Submitted,1,1,1,1,1,,,0,1,1
183,S000184,U001832,2025-02-02 20:24:22,2025-02-02,Social Media,Mobile,North,25-34,25K-50K,Personal Loan,1,12,1145,Product Page Viewed,1,0,0,0,0,Product Page Viewed,Comparing alternatives,126996,2,5
184,S000185,U000878,2025-02-03 00:33:56,2025-02-03,Paid Ads,Mobile,West,25-34,50K-100K,Savings Account,1,12,919,Lead Form Submitted,1,1,1,1,1,,,0,2,6
185,S000186,U001367,2025-02-04 06:36:27,2025-02-04,Organic Search,Desktop,Central,45-54,Below 25K,Credit Card,1,7,340,Product Page Viewed,1,0,0,0,0,Product Page Viewed,Comparing alternatives,23257,2,6
186,S000187,U000346,2025-03-25 23:54:15,2025-03-25,Organic Search,Desktop,West,35-44,50K-100K,Savings Account,1,5,15,Lead Form Submitted,1,1,1,1,1,,,0,3,13
187,S000188,U001832,2025-03-25 07:29:25,2025-03-25,Social Media,Tablet,North,35-44,50K-100K,Savings Account,1,1,238,Product Page Viewed,1,0,0,0,0,Product Page Viewed,Comparing alternatives,18072,3,13
188,S000189,U000682,2025-01-08 03:04:12,2025-01-08,Paid Ads,Mobile,East,25-34,25K-50K,Insurance Plan,1,11,46,Product Page Viewed,1,0,0,0,0,Product Page Viewed,Unclear product value,5487,1,2
189,S000190,U000054,2025-02-14 13:16:56,2025-02-14,Referral,Desktop,South,18-24,Below 25K,Credit Card,0,7,918,Product Page Viewed,1,0,0,0,0,Product Page Viewed,Unclear product value,17298,2,7
190,S000191,U000423,2025-01-20 23:32:42,2025-01-20,Paid Ads,Desktop,West,25-34,50K-100K,Credit Card,0,2,739,CTA Clicked,1,1,1,0,0,CTA Clicked,Form looked too long,32964,1,4
191,S000192,U001615,2025-06-26 16:15:08,2025-06-26,Organic Search,Desktop,East,18-24,25K-50K,Credit Card,1,7,209,Product Page Viewed,1,0,0,0,0,Product Page Viewed,Comparing alternatives,29683,6,26
192,S000193,U001426,2025-06-15 18:52:50,2025-06-15,Organic Search,Mobile,South,45-54,25K-50K,Savings Account,0,4,622,Product Page Viewed,1,0,0,0,0,Product Page Viewed,Comparing alternatives,12995,6,24
193,S000194,U001131,2025-02-05 01:01:53,2025-02-05,Organic Search,Desktop,North,25-34,25K-50K,Credit Card,1,12,920,Website Visit,0,0,0,0,0,Website Visit,Slow page load,33176,2,6
194,S000195,U001420,2025-04-10 19:40:31,2025-04-10,Direct,Mobile,South,35-44,Below 25K,Personal Loan,0,2,126,Product Page Viewed,1,0,0,0,0,Product Page Viewed,Unclear product value,97921,4,15
195,S000196,U001240,2025-05-10 17:29:22,2025-05-10,Direct,Mobile,Central,35-44,25K-50K,Savings Account,1,7,175,Calculator Used,1,1,0,0,0,Calculator Used,Technical issue,9600,5,19
196,S000197,U000943,2025-04-18 07:41:46,2025-04-18,Social Media,Tablet,East,25-34,Below 25K,Credit Card,0,1,1044,Lead Form Started,1,1,1,1,0,Lead Form Started,Too many required fields,35583,4,16
197,S000198,U001863,2025-03-15 02:13:10,2025-03-15,Direct,Mobile,Central,18-24,25K-50K,Personal Loan,0,11,237,Product Page Viewed,1,0,0,0,0,Product Page Viewed,High interest-rate concern,144355,3,11
198,S000199,U000316,2025-02-04 02:29:03,2025-02-04,Direct,Desktop,West,45-54,25K-50K,Credit Card,1,7,152,Lead Form Submitted,1,1,1,1,1,,,0,2,6
199,S000200,U001334,2025-06-05 07:38:00,2025-06-05,Paid Ads,Desktop,East,25-34,50K-100K,Personal Loan,0,5,175,Product Page Viewed,1,0,0,0,0,Product Page Viewed,High interest-rate concern,105009,6,23
200,S000201,U001223,2025-01-02 15:48:17,2025-01-02,Direct,Tablet,South,55+,50K-100K,Insurance Plan,1,11,681,Product Page Viewed,1,0,0,0,0,Product Page Viewed,Comparing alternatives,8810,1,1
201,S000202,U001948,2025-04-27 00:40:48,2025-04-27,Referral,Desktop,North,35-44,50K-100K,Personal Loan,1,7,1004,Product Page Viewed,1,0,0,0,0,Product Page Viewed,High interest-rate concern,113091,4,17
202,S000203,U001446,2025-01-19 18:56:03,2025-01-19,Organic Search,Mobile,North,25-34,50K-100K,Personal Loan,0,8,863,Product Page Viewed,1,0,0,0,0,Product Page Viewed,Unclear product value,78264,1,3
203,S000204,U001057,2025-05-02 02:04:21,2025-05-02,Email,Desktop,West,35-44,100K+,Credit Card,1,9,105,Lead Form Submitted,1,1,1,1,1,,,0,5,18
204,S000205,U000081,2025-06-08 08:44:40,2025-06-08,Email,Mobile,West,25-34,50K-100K,Savings Account,0,10,678,Calculator Used,1,1,0,0,0,Calculator Used,Calculator result not attractive,9031,6,23
205,S000206,U001583,2025-02-16 10:49:38,2025-02-16,Email,Mobile,South,45-54,50K-100K,Savings Account,0,6,383,Website Visit,0,0,0,0,0,Website Visit,Landing page mismatch,14694,2,7
206,S000207,U001105,2025-05-26 19:50:28,2025-05-26,Social Media,Tablet,East,35-44,50K-100K,Credit Card,0,7,845,Product Page Viewed,1,0,0,0,0,Product Page Viewed,High interest-rate concern,15811,5,22
207,S000208,U001913,2025-06-04 12:42:17,2025-06-04,Organic Search,Desktop,West,25-34,50K-100K,Savings Account,0,8,1165,Product Page Viewed,1,0,0,0,0,Product Page Viewed,Comparing alternatives,19886,6,23
208,S000209,U001363,2025-03-25 06:40:25,2025-03-25,Social Media,Desktop,Central,45-54,50K-100K,Insurance Plan,0,11,219,Product Page Viewed,1,0,0,0,0,Product Page Viewed,Comparing alternatives,7539,3,13
209,S000210,U001982,2025-03-19 16:17:55,2025-03-19,Organic Search,Desktop,East,18-24,25K-50K,Personal Loan,1,2,759,Lead Form Submitted,1,1,1,1,1,,,0,3,12
210,S000211,U001081,2025-06-09 10:43:23,2025-06-09,Paid Ads,Mobile,East,18-24,50K-100K,Insurance Plan,0,3,782,Product Page Viewed,1,0,0,0,0,Product Page Viewed,Comparing alternatives,10310,6,24
211,S000212,U001245,2025-03-19 12:20:37,2025-03-19,Referral,Mobile,Central,55+,50K-100K,Personal Loan,0,1,587,Calculator Used,1,1,0,0,0,Calculator Used,Technical issue,94909,3,12
212,S000213,U000774,2025-01-26 19:40:57,2025-01-26,Paid Ads,Desktop,North,45-54,25K-50K,Savings Account,0,5,1100,CTA Clicked,1,1,1,0,0,CTA Clicked,Privacy concern,13260,1,4
213,S000214,U000939,2025-01-16 06:16:58,2025-01-16,Social Media,Desktop,Central,25-34,25K-50K,Insurance Plan,1,1,19,Product Page Viewed,1,0,0,0,0,Product Page Viewed,Comparing alternatives,5513,1,3
214,S000215,U000452,2025-03-06 15:44:42,2025-03-06,Paid Ads,Desktop,Central,35-44,25K-50K,Credit Card,1,11,395,Website Visit,0,0,0,0,0,Website Visit,Landing page mismatch,29626,3,10
215,S000216,U001337,2025-05-20 21:14:38,2025-05-20,Referral,Desktop,North,55+,50K-100K,Personal Loan,0,6,713,Product Page Viewed,1,0,0,0,0,Product Page Viewed,Comparing alternatives,65990,5,21
216,S000217,U000228,2025-05-27 15:47:48,2025-05-27,Organic Search,Desktop,South,25-34,50K-100K,Credit Card,0,3,1133,Lead Form Submitted,1,1,1,1,1,,,0,5,22
217,S000218,U001071,2025-01-11 05:17:50,2025-01-11,Social Media,Desktop,West,25-34,25K-50K,Personal Loan,1,3,1165,Lead Form Submitted,1,1,1,1,1,,,0,1,2
218,S000219,U000747,2025-02-27 22:12:16,2025-02-27,Paid Ads,Mobile,West,25-34,25K-50K,Personal Loan,1,7,917,Product Page Viewed,1,0,0,0,0,Product Page Viewed,Unclear product value,122427,2,9
219,S000220,U000185,2025-05-22 13:01:15,2025-05-22,Referral,Mobile,South,18-24,25K-50K,Personal Loan,0,2,304,Product Page Viewed,1,0,0,0,0,Product Page Viewed,Unclear product value,106464,5,21
220,S000221,U001763,2025-05-13 17:11:25,2025-05-13,Referral,Tablet,West,45-54,50K-100K,Insurance Plan,0,11,975,Product Page Viewed,1,0,0,0,0,Product Page Viewed,Technical issue,9610,5,20
221,S000222,U001598,2025-06-03 23:05:06,2025-06-03,Organic Search,Desktop,West,45-54,50K-100K,Insurance Plan,0,11,213,Website Visit,0,0,0,0,0,Website Visit,Slow page load,5447,6,23
222,S000223,U000423,2025-01-05 20:33:21,2025-01-05,Direct,Mobile,West,45-54,25K-50K,Personal Loan,1,11,115,Calculator Used,1,1,0,0,0,Calculator Used,Required information unavailable,90536,1,1
223,S000224,U001855,2025-02-12 03:57:42,2025-02-12,Social Media,Mobile,North,18-24,50K-100K,Personal Loan,0,3,414,Product Page Viewed,1,0,0,0,0,Product Page Viewed,Comparing alternatives,141450,2,7
224,S000225,U000711,2025-03-30 11:59:31,2025-03-30,Organic Search,Desktop,Central,45-54,100K+,Personal Loan,1,9,437,Product Page Viewed,1,0,0,0,0,Product Page Viewed,Comparing alternatives,84934,3,13
225,S000226,U000650,2025-01-02 00:33:32,2025-01-02,Organic Search,Mobile,West,45-54,25K-50K,Credit Card,0,2,33,Lead Form Submitted,1,1,1,1,1,,,0,1,1
226,S000227,U001871,2025-02-16 19:09:21,2025-02-16,Direct,Mobile,East,25-34,25K-50K,Personal Loan,0,1,346,Product Page Viewed,1,0,0,0,0,Product Page Viewed,Comparing alternatives,134570,2,7
227,S000228,U000735,2025-04-09 06:51:56,2025-04-09,Paid Ads,Tablet,West,35-44,25K-50K,Credit Card,0,4,353,Product Page Viewed,1,0,0,0,0,Product Page Viewed,High interest-rate concern,32643,4,15
228,S000229,U001285,2025-04-03 15:39:47,2025-04-03,Direct,Tablet,East,35-44,25K-50K,Savings Account,0,7,517,Lead Form Submitted,1,1,1,1,1,,,0,4,14
229,S000230,U001412,2025-03-20 01:57:16,2025-03-20,Direct,Mobile,West,55+,25K-50K,Personal Loan,0,1,320,Lead Form Submitted,1,1,1,1,1,,,0,3,12
230,S000231,U000825,2025-02-07 00:02:46,2025-02-07,Social Media,Mobile,South,45-54,50K-100K,Savings Account,0,4,1170,Product Page Viewed,1,0,0,0,0,Product Page Viewed,Comparing alternatives,17870,2,6
231,S000232,U000967,2025-04-03 17:05:27,2025-04-03,Social Media,Desktop,South,25-34,25K-50K,Credit Card,1,7,886,Product Page Viewed,1,0,0,0,0,Product Page Viewed,Technical issue,37560,4,14
232,S000233,U001094,2025-05-05 19:40:38,2025-05-05,Direct,Mobile,Central,25-34,25K-50K,Credit Card,0,12,661,CTA Clicked,1,1,1,0,0,CTA Clicked,Privacy concern,20881,5,19
233,S000234,U000498,2025-04-07 17:56:00,2025-04-07,Organic Search,Desktop,East,35-44,Below 25K,Credit Card,0,10,97,Product Page Viewed,1,0,0,0,0,Product Page Viewed,High interest-rate concern,20345,4,15
234,S000235,U000382,2025-02-28 14:35:57,2025-02-28,Organic Search,Desktop,North,45-54,25K-50K,Personal Loan,0,5,1152,Website Visit,0,0,0,0,0,Website Visit,Immediate bounce,73494,2,9
235,S000236,U001893,2025-01-11 09:30:11,2025-01-11,Paid Ads,Mobile,West,25-34,Below 25K,Personal Loan,0,8,202,Calculator Used,1,1,0,0,0,Calculator Used,Comparing alternatives,70559,1,2
236,S000237,U000405,2025-06-13 01:18:52,2025-06-13,Organic Search,Mobile,West,25-34,50K-100K,Personal Loan,1,1,456,CTA Clicked,1,1,1,0,0,CTA Clicked,Technical issue,104885,6,24
237,S000238,U001680,2025-02-28 00:10:40,2025-02-28,Organic Search,Mobile,East,25-34,50K-100K,Personal Loan,0,3,1135,Product Page Viewed,1,0,0,0,0,Product Page Viewed,Technical issue,78996,2,9
238,S000239,U001224,2025-02-21 06:19:51,2025-02-21,Organic Search,Desktop,North,35-44,25K-50K,Credit Card,0,12,119,Lead Form Started,1,1,1,1,0,Lead Form Started,Session timeout,39185,2,8
239,S000240,U001326,2025-04-19 11:31:14,2025-04-19,Social Media,Mobile,South,35-44,Below 25K,Credit Card,0,8,386,Product Page Viewed,1,0,0,0,0,Product Page Viewed,Comparing alternatives,38635,4,16
240,S000241,U001501,2025-03-28 12:33:21,2025-03-28,Organic Search,Mobile,South,55+,50K-100K,Savings Account,0,4,597,Product Page Viewed,1,0,0,0,0,Product Page Viewed,High interest-rate concern,19751,3,13
241,S000242,U001933,2025-05-14 16:53:16,2025-05-14,Organic Search,Desktop,North,25-34,50K-100K,Savings Account,0,11,229,Product Page Viewed,1,0,0,0,0,Product Page Viewed,Technical issue,17676,5,20
242,S000243,U000871,2025-04-14 01:24:10,2025-04-14,Direct,Mobile,South,25-34,50K-100K,Savings Account,0,2,367,Lead Form Started,1,1,1,1,0,Lead Form Started,Session timeout,20243,4,16
243,S000244,U000401,2025-02-28 05:08:38,2025-02-28,Direct,Desktop,Central,35-44,50K-100K,Personal Loan,0,8,386,Product Page Viewed,1,0,0,0,0,Product Page Viewed,Technical issue,94840,2,9
244,S000245,U001655,2025-06-10 18:29:58,2025-06-10,Direct,Desktop,South,45-54,25K-50K,Credit Card,0,9,1142,Product Page Viewed,1,0,0,0,0,Product Page Viewed,Unclear product value,27612,6,24
245,S000246,U001120,2025-05-24 12:23:32,2025-05-24,Referral,Desktop,East,35-44,Below 25K,Credit Card,0,11,108,Product Page Viewed,1,0,0,0,0,Product Page Viewed,Technical issue,25229,5,21
246,S000247,U000949,2025-03-18 06:07:30,2025-03-18,Organic Search,Desktop,East,25-34,25K-50K,Credit Card,0,6,577,Calculator Used,1,1,0,0,0,Calculator Used,Calculator result not attractive,28713,3,12
247,S000248,U000561,2025-04-05 20:38:24,2025-04-05,Paid Ads,Desktop,South,25-34,25K-50K,Personal Loan,0,11,1155,Product Page Viewed,1,0,0,0,0,Product Page Viewed,High interest-rate concern,160599,4,14
248,S000249,U001867,2025-04-28 16:18:21,2025-04-28,Referral,Mobile,West,45-54,50K-100K,Credit Card,1,11,1099,Lead Form Submitted,1,1,1,1,1,,,0,4,18
249,S000250,U001983,2025-04-04 22:19:24,2025-04-04,Email,Mobile,North,45-54,Below 25K,Personal Loan,0,2,49,Lead Form Submitted,1,1,1,1,1,,,0,4,14
250,S000251,U000132,2025-03-22 06:15:15,2025-03-22,Direct,Mobile,West,55+,50K-100K,Personal Loan,1,2,379,CTA Clicked,1,1,1,0,0,CTA Clicked,Form looked too long,80469,3,12
251,S000252,U000512,2025-05-15 23:25:43,2025-05-15,Organic Search,Desktop,West,25-34,25K-50K,Personal Loan,0,6,651,Product Page Viewed,1,0,0,0,0,Product Page Viewed,Comparing alternatives,89070,5,20
252,S000253,U000915,2025-06-03 07:28:27,2025-06-03,Organic Search,Desktop,South,25-34,25K-50K,Personal Loan,0,1,816,Calculator Used,1,1,0,0,0,Calculator Used,Calculator result not attractive,150880,6,23
253,S000254,U001021,2025-05-28 22:17:29,2025-05-28,Direct,Mobile,West,45-54,100K+,Savings Account,0,9,166,Lead Form Started,1,1,1,1,0,Lead Form Started,Technical issue,12725,5,22
254,S000255,U001954,2025-03-05 03:04:42,2025-03-05,Organic Search,Desktop,North,25-34,100K+,Insurance Plan,0,8,248,CTA Clicked,1,1,1,0,0,CTA Clicked,Form looked too long,7135,3,10
255,S000256,U001066,2025-02-23 16:30:48,2025-02-23,Direct,Desktop,Central,18-24,Below 25K,Credit Card,0,3,423,Website Visit,0,0,0,0,0,Website Visit,Not ready to explore,15825,2,8
256,S000257,U001639,2025-03-22 14:52:20,2025-03-22,Social Media,Desktop,Central,45-54,50K-100K,Credit Card,0,9,84,Product Page Viewed,1,0,0,0,0,Product Page Viewed,Unclear product value,18268,3,12
257,S000258,U001294,2025-06-19 07:45:15,2025-06-19,Direct,Desktop,North,18-24,25K-50K,Personal Loan,0,1,1076,Product Page Viewed,1,0,0,0,0,Product Page Viewed,Unclear product value,138837,6,25
258,S000259,U001754,2025-05-12 12:28:12,2025-05-12,Email,Mobile,North,18-24,100K+,Savings Account,0,11,1144,Calculator Used,1,1,0,0,0,Calculator Used,Technical issue,22208,5,20
259,S000260,U001489,2025-04-18 02:50:06,2025-04-18,Direct,Desktop,North,25-34,Below 25K,Credit Card,0,2,211,Calculator Used,1,1,0,0,0,Calculator Used,Calculator result not attractive,28669,4,16
260,S000261,U000640,2025-02-23 05:24:06,2025-02-23,Direct,Desktop,Central,25-34,50K-100K,Personal Loan,0,7,253,Lead Form Submitted,1,1,1,1,1,,,0,2,8
261,S000262,U000314,2025-06-02 18:40:45,2025-06-02,Email,Desktop,North,35-44,50K-100K,Personal Loan,0,6,460,Lead Form Started,1,1,1,1,0,Lead Form Started,Too many required fields,88444,6,23
262,S000263,U001069,2025-06-18 00:20:07,2025-06-18,Organic Search,Mobile,South,35-44,25K-50K,Personal Loan,0,4,464,Lead Form Submitted,1,1,1,1,1,,,0,6,25
263,S000264,U000744,2025-05-15 13:49:12,2025-05-15,Direct,Desktop,South,25-34,Below 25K,Personal Loan,0,2,1056,Lead Form Submitted,1,1,1,1,1,,,0,5,20
264,S000265,U001684,2025-04-13 23:22:04,2025-04-13,Referral,Desktop,East,25-34,50K-100K,Personal Loan,1,9,992,CTA Clicked,1,1,1,0,0,CTA Clicked,Technical issue,79387,4,15
265,S000266,U001998,2025-06-28 21:29:36,2025-06-28,Social Media,Mobile,West,35-44,50K-100K,Personal Loan,0,3,1081,Product Page Viewed,1,0,0,0,0,Product Page Viewed,Unclear product value,86907,6,26
266,S000267,U001729,2025-04-21 06:43:29,2025-04-21,Email,Mobile,South,35-44,50K-100K,Credit Card,0,9,142,Lead Form Started,1,1,1,1,0,Lead Form Started,Too many required fields,16216,4,17
267,S000268,U001236,2025-05-22 11:02:58,2025-05-22,Organic Search,Mobile,South,45-54,25K-50K,Personal Loan,0,10,626,Lead Form Submitted,1,1,1,1,1,,,0,5,21
268,S000269,U000491,2025-05-13 02:02:04,2025-05-13,Paid Ads,Desktop,Central,35-44,50K-100K,Savings Account,0,11,292,Product Page Viewed,1,0,0,0,0,Product Page Viewed,Comparing alternatives,9988,5,20
269,S000270,U000041,2025-04-30 10:03:09,2025-04-30,Organic Search,Mobile,North,55+,25K-50K,Personal Loan,0,11,637,Website Visit,0,0,0,0,0,Website Visit,Landing page mismatch,130644,4,18
270,S000271,U000470,2025-01-01 11:21:35,2025-01-01,Paid Ads,Desktop,West,18-24,50K-100K,Savings Account,0,9,1198,Product Page Viewed,1,0,0,0,0,Product Page Viewed,Unclear product value,9260,1,1
271,S000272,U001107,2025-06-15 13:49:15,2025-06-15,Paid Ads,Desktop,North,45-54,25K-50K,Credit Card,0,12,108,Calculator Used,1,1,0,0,0,Calculator Used,Comparing alternatives,32382,6,24
272,S000273,U001538,2025-01-13 12:08:17,2025-01-13,Social Media,Desktop,Central,35-44,50K-100K,Personal Loan,1,5,265,Website Visit,0,0,0,0,0,Website Visit,Landing page mismatch,154378,1,3
273,S000274,U001246,2025-04-26 23:40:41,2025-04-26,Referral,Desktop,South,25-34,Below 25K,Insurance Plan,0,2,1039,Product Page Viewed,1,0,0,0,0,Product Page Viewed,Comparing alternatives,7825,4,17
274,S000275,U001113,2025-03-22 15:26:44,2025-03-22,Organic Search,Tablet,West,18-24,50K-100K,Insurance Plan,0,7,1046,Lead Form Submitted,1,1,1,1,1,,,0,3,12
275,S000276,U001920,2025-01-10 20:28:31,2025-01-10,Referral,Mobile,South,18-24,25K-50K,Personal Loan,1,5,429,Website Visit,0,0,0,0,0,Website Visit,Landing page mismatch,146596,1,2
276,S000277,U001101,2025-05-25 10:51:13,2025-05-25,Organic Search,Mobile,Central,18-24,50K-100K,Insurance Plan,1,2,357,Product Page Viewed,1,0,0,0,0,Product Page Viewed,Comparing alternatives,9551,5,21
277,S000278,U000681,2025-03-12 20:59:51,2025-03-12,Paid Ads,Mobile,South,25-34,50K-100K,Personal Loan,1,1,147,Calculator Used,1,1,0,0,0,Calculator Used,Required information unavailable,135978,3,11
278,S000279,U001993,2025-03-01 08:20:56,2025-03-01,Paid Ads,Mobile,Central,35-44,25K-50K,Savings Account,0,10,1028,Product Page Viewed,1,0,0,0,0,Product Page Viewed,Technical issue,22190,3,9
279,S000280,U001960,2025-03-21 18:19:26,2025-03-21,Paid Ads,Mobile,South,25-34,Below 25K,Personal Loan,0,5,572,Product Page Viewed,1,0,0,0,0,Product Page Viewed,Technical issue,97131,3,12
280,S000281,U001181,2025-01-11 12:09:31,2025-01-11,Organic Search,Mobile,East,35-44,Below 25K,Personal Loan,0,9,968,Product Page Viewed,1,0,0,0,0,Product Page Viewed,Unclear product value,86430,1,2
281,S000282,U001769,2025-06-13 09:07:21,2025-06-13,Referral,Mobile,North,25-34,25K-50K,Credit Card,0,9,448,Lead Form Started,1,1,1,1,0,Lead Form Started,Document requirement concern,18492,6,24
282,S000283,U000059,2025-03-07 04:40:12,2025-03-07,Social Media,Mobile,South,18-24,100K+,Insurance Plan,0,6,1038,Website Visit,0,0,0,0,0,Website Visit,Slow page load,7959,3,10
283,S000284,U001475,2025-02-08 13:09:43,2025-02-08,Direct,Mobile,North,18-24,Below 25K,Credit Card,0,9,570,Product Page Viewed,1,0,0,0,0,Product Page Viewed,Unclear product value,30236,2,6
284,S000285,U001933,2025-06-21 20:49:56,2025-06-21,Paid Ads,Desktop,North,35-44,Below 25K,Savings Account,0,12,1148,Lead Form Started,1,1,1,1,0,Lead Form Started,Session timeout,14756,6,25
285,S000286,U000093,2025-02-26 11:06:11,2025-02-26,Email,Desktop,South,25-34,50K-100K,Credit Card,0,3,822,Product Page Viewed,1,0,0,0,0,Product Page Viewed,Comparing alternatives,29129,2,9
286,S000287,U001806,2025-04-10 08:35:46,2025-04-10,Paid Ads,Desktop,West,25-34,Below 25K,Credit Card,0,9,1013,Product Page Viewed,1,0,0,0,0,Product Page Viewed,Technical issue,23972,4,15
287,S000288,U001653,2025-06-09 01:46:07,2025-06-09,Organic Search,Mobile,North,25-34,25K-50K,Insurance Plan,0,4,483,Calculator Used,1,1,0,0,0,Calculator Used,Calculator result not attractive,9027,6,24
288,S000289,U001611,2025-02-27 03:00:28,2025-02-27,Organic Search,Tablet,East,18-24,25K-50K,Credit Card,0,2,1066,Product Page Viewed,1,0,0,0,0,Product Page Viewed,High interest-rate concern,26702,2,9
289,S000290,U001836,2025-04-25 08:23:04,2025-04-25,Organic Search,Desktop,East,35-44,25K-50K,Credit Card,0,6,396,Lead Form Submitted,1,1,1,1,1,,,0,4,17
290,S000291,U001660,2025-01-20 02:35:45,2025-01-20,Paid Ads,Tablet,South,25-34,25K-50K,Personal Loan,0,9,252,Product Page Viewed,1,0,0,0,0,Product Page Viewed,High interest-rate concern,91560,1,4
291,S000292,U000360,2025-06-09 21:04:52,2025-06-09,Referral,Mobile,Central,35-44,25K-50K,Personal Loan,1,3,567,Product Page Viewed,1,0,0,0,0,Product Page Viewed,Unclear product value,154119,6,24
292,S000293,U000204,2025-03-15 23:45:30,2025-03-15,Organic Search,Mobile,Central,25-34,25K-50K,Credit Card,0,5,395,Product Page Viewed,1,0,0,0,0,Product Page Viewed,Comparing alternatives,31367,3,11
293,S000294,U000308,2025-05-21 08:43:52,2025-05-21,Referral,Desktop,North,18-24,50K-100K,Insurance Plan,0,12,645,Product Page Viewed,1,0,0,0,0,Product Page Viewed,Comparing alternatives,9096,5,21
294,S000295,U001237,2025-02-12 21:04:06,2025-02-12,Organic Search,Mobile,Central,25-34,50K-100K,Personal Loan,1,12,846,Lead Form Submitted,1,1,1,1,1,,,0,2,7
295,S000296,U001236,2025-04-22 13:45:36,2025-04-22,Organic Search,Mobile,Central,25-34,25K-50K,Credit Card,1,8,925,Product Page Viewed,1,0,0,0,0,Product Page Viewed,Technical issue,23353,4,17
296,S000297,U000666,2025-04-19 15:11:40,2025-04-19,Organic Search,Desktop,North,45-54,50K-100K,Personal Loan,0,8,721,Lead Form Submitted,1,1,1,1,1,,,0,4,16
297,S000298,U001533,2025-04-25 03:59:57,2025-04-25,Organic Search,Mobile,West,35-44,25K-50K,Savings Account,1,8,645,Product Page Viewed,1,0,0,0,0,Product Page Viewed,Technical issue,17011,4,17
298,S000299,U001917,2025-03-20 14:17:53,2025-03-20,Email,Desktop,West,35-44,25K-50K,Credit Card,0,12,881,Calculator Used,1,1,0,0,0,Calculator Used,Comparing alternatives,30970,3,12
299,S000300,U000735,2025-06-11 18:24:41,2025-06-11,Email,Desktop,South,25-34,25K-50K,Personal Loan,1,3,194,Product Page Viewed,1,0,0,0,0,Product Page Viewed,Technical issue,104747,6,24
300,S000301,U001117,2025-05-19 02:53:12,2025-05-19,Email,Mobile,East,35-44,Below 25K,Credit Card,1,9,206,Calculator Used,1,1,0,0,0,Calculator Used,Calculator result not attractive,22587,5,21
301,S000302,U001006,2025-03-09 07:03:49,2025-03-09,Paid Ads,Mobile,East,25-34,25K-50K,Insurance Plan,1,2,430,Calculator Used,1,1,0,0,0,Calculator Used,Technical issue,6929,3,10
302,S000303,U001568,2025-06-27 09:59:29,2025-06-27,Social Media,Mobile,South,25-34,25K-50K,Savings Account,0,1,673,Product Page Viewed,1,0,0,0,0,Product Page Viewed,Technical issue,9063,6,26
303,S000304,U001754,2025-04-21 17:50:04,2025-04-21,Direct,Mobile,South,45-54,Below 25K,Credit Card,0,10,905,Website Visit,0,0,0,0,0,Website Visit,Not ready to explore,17080,4,17
304,S000305,U000814,2025-04-02 16:42:27,2025-04-02,Paid Ads,Mobile,East,18-24,25K-50K,Credit Card,1,8,940,Website Visit,0,0,0,0,0,Website Visit,Not ready to explore,37394,4,14
305,S000306,U001945,2025-04-01 12:36:18,2025-04-01,Organic Search,Mobile,Central,35-44,25K-50K,Credit Card,0,1,322,Product Page Viewed,1,0,0,0,0,Product Page Viewed,High interest-rate concern,32046,4,14
306,S000307,U000176,2025-06-26 11:22:27,2025-06-26,Organic Search,Mobile,North,35-44,25K-50K,Personal Loan,0,12,1190,Website Visit,0,0,0,0,0,Website Visit,Slow page load,136881,6,26
307,S000308,U000733,2025-02-14 02:58:46,2025-02-14,Paid Ads,Desktop,West,18-24,Below 25K,Savings Account,1,3,242,Product Page Viewed,1,0,0,0,0,Product Page Viewed,Comparing alternatives,18016,2,7
308,S000309,U000683,2025-01-10 02:59:11,2025-01-10,Organic Search,Mobile,Central,35-44,50K-100K,Credit Card,1,11,211,Product Page Viewed,1,0,0,0,0,Product Page Viewed,Comparing alternatives,29186,1,2
309,S000310,U000515,2025-05-05 04:07:54,2025-05-05,Organic Search,Mobile,North,18-24,100K+,Personal Loan,1,9,101,Calculator Used,1,1,0,0,0,Calculator Used,Comparing alternatives,100136,5,19
310,S000311,U000076,2025-03-02 07:01:41,2025-03-02,Organic Search,Mobile,East,18-24,25K-50K,Personal Loan,0,12,178,CTA Clicked,1,1,1,0,0,CTA Clicked,Form looked too long,103097,3,9
311,S000312,U001188,2025-04-23 17:27:38,2025-04-23,Organic Search,Mobile,East,25-34,25K-50K,Personal Loan,1,3,1185,Product Page Viewed,1,0,0,0,0,Product Page Viewed,High interest-rate concern,110451,4,17
312,S000313,U000125,2025-03-12 06:11:41,2025-03-12,Email,Desktop,Central,25-34,25K-50K,Credit Card,1,12,786,Calculator Used,1,1,0,0,0,Calculator Used,Comparing alternatives,37278,3,11
313,S000314,U001833,2025-01-26 11:46:10,2025-01-26,Social Media,Desktop,West,25-34,50K-100K,Insurance Plan,0,12,868,Product Page Viewed,1,0,0,0,0,Product Page Viewed,Unclear product value,5518,1,4
314,S000315,U001566,2025-01-21 04:16:46,2025-01-21,Direct,Mobile,West,25-34,100K+,Personal Loan,0,10,1132,Product Page Viewed,1,0,0,0,0,Product Page Viewed,Technical issue,117847,1,4
315,S000316,U001227,2025-05-16 17:25:23,2025-05-16,Paid Ads,Mobile,West,25-34,25K-50K,Insurance Plan,0,5,519,Calculator Used,1,1,0,0,0,Calculator Used,Comparing alternatives,10258,5,20
316,S000317,U000814,2025-05-18 07:52:31,2025-05-18,Organic Search,Desktop,Central,25-34,Below 25K,Personal Loan,0,4,1107,Calculator Used,1,1,0,0,0,Calculator Used,Required information unavailable,98423,5,20
317,S000318,U001551,2025-03-01 16:40:53,2025-03-01,Referral,Desktop,South,18-24,100K+,Personal Loan,0,11,368,Product Page Viewed,1,0,0,0,0,Product Page Viewed,High interest-rate concern,137562,3,9
318,S000319,U001061,2025-04-29 15:02:10,2025-04-29,Social Media,Desktop,East,25-34,50K-100K,Credit Card,0,8,51,Product Page Viewed,1,0,0,0,0,Product Page Viewed,Unclear product value,35155,4,18
319,S000320,U001656,2025-01-05 07:34:36,2025-01-05,Organic Search,Tablet,North,35-44,50K-100K,Credit Card,1,9,870,Product Page Viewed,1,0,0,0,0,Product Page Viewed,Technical issue,21640,1,1
320,S000321,U000111,2025-05-21 15:52:55,2025-05-21,Organic Search,Mobile,Central,25-34,100K+,Credit Card,0,2,156,Lead Form Submitted,1,1,1,1,1,,,0,5,21
321,S000322,U001249,2025-03-11 17:39:56,2025-03-11,Direct,Desktop,South,25-34,50K-100K,Personal Loan,1,2,145,Calculator Used,1,1,0,0,0,Calculator Used,Technical issue,158034,3,11
322,S000323,U000089,2025-03-05 23:35:15,2025-03-05,Direct,Desktop,North,35-44,100K+,Insurance Plan,0,5,781,Lead Form Submitted,1,1,1,1,1,,,0,3,10
323,S000324,U001013,2025-05-30 11:27:04,2025-05-30,Social Media,Mobile,North,45-54,50K-100K,Savings Account,0,3,579,Lead Form Submitted,1,1,1,1,1,,,0,5,22
324,S000325,U001789,2025-02-01 22:58:29,2025-02-01,Direct,Mobile,West,18-24,50K-100K,Personal Loan,1,12,64,Calculator Used,1,1,0,0,0,Calculator Used,Calculator result not attractive,114319,2,5
325,S000326,U000743,2025-04-24 15:29:18,2025-04-24,Social Media,Mobile,West,25-34,25K-50K,Personal Loan,0,1,796,Lead Form Started,1,1,1,1,0,Lead Form Started,Technical issue,153345,4,17
326,S000327,U001252,2025-03-16 15:05:26,2025-03-16,Paid Ads,Desktop,South,45-54,25K-50K,Personal Loan,0,9,383,Lead Form Submitted,1,1,1,1,1,,,0,3,11
327,S000328,U001059,2025-03-07 00:44:22,2025-03-07,Paid Ads,Desktop,East,35-44,25K-50K,Personal Loan,0,3,438,Website Visit,0,0,0,0,0,Website Visit,Immediate bounce,106923,3,10
328,S000329,U000572,2025-02-14 05:09:48,2025-02-14,Referral,Mobile,Central,25-34,100K+,Personal Loan,0,6,880,Lead Form Started,1,1,1,1,0,Lead Form Started,Document requirement concern,92489,2,7
329,S000330,U001486,2025-01-01 02:12:45,2025-01-01,Direct,Desktop,East,25-34,100K+,Credit Card,0,12,924,Lead Form Submitted,1,1,1,1,1,,,0,1,1
330,S000331,U001740,2025-02-24 13:26:19,2025-02-24,Referral,Mobile,Central,18-24,Below 25K,Credit Card,0,4,911,CTA Clicked,1,1,1,0,0,CTA Clicked,Form looked too long,16214,2,9
331,S000332,U001725,2025-06-02 07:49:25,2025-06-02,Organic Search,Tablet,West,45-54,50K-100K,Insurance Plan,0,8,399,Product Page Viewed,1,0,0,0,0,Product Page Viewed,Comparing alternatives,8250,6,23
332,S000333,U000823,2025-03-18 14:40:41,2025-03-18,Direct,Mobile,East,45-54,25K-50K,Credit Card,0,10,609,Calculator Used,1,1,0,0,0,Calculator Used,Required information unavailable,29524,3,12
333,S000334,U000952,2025-04-18 13:13:14,2025-04-18,Referral,Mobile,West,35-44,50K-100K,Personal Loan,1,6,193,Product Page Viewed,1,0,0,0,0,Product Page Viewed,High interest-rate concern,126522,4,16
334,S000335,U001229,2025-06-16 00:14:58,2025-06-16,Direct,Desktop,West,25-34,25K-50K,Personal Loan,1,12,513,Lead Form Started,1,1,1,1,0,Lead Form Started,Document requirement concern,118707,6,25
335,S000336,U001594,2025-04-24 18:48:53,2025-04-24,Paid Ads,Desktop,South,18-24,25K-50K,Credit Card,1,12,1062,Product Page Viewed,1,0,0,0,0,Product Page Viewed,Comparing alternatives,35536,4,17
336,S000337,U000318,2025-01-24 18:47:24,2025-01-24,Paid Ads,Mobile,East,25-34,50K-100K,Personal Loan,1,9,725,Product Page Viewed,1,0,0,0,0,Product Page Viewed,Technical issue,117364,1,4
337,S000338,U001032,2025-04-23 21:41:27,2025-04-23,Organic Search,Mobile,West,45-54,25K-50K,Credit Card,1,9,707,Lead Form Started,1,1,1,1,0,Lead Form Started,Too many required fields,29254,4,17
338,S000339,U001069,2025-04-08 20:32:04,2025-04-08,Referral,Mobile,North,45-54,Below 25K,Insurance Plan,0,1,130,Product Page Viewed,1,0,0,0,0,Product Page Viewed,High interest-rate concern,4580,4,15
339,S000340,U001240,2025-04-21 13:01:44,2025-04-21,Direct,Tablet,West,25-34,50K-100K,Personal Loan,0,10,168,Product Page Viewed,1,0,0,0,0,Product Page Viewed,Unclear product value,142244,4,17
340,S000341,U001763,2025-05-19 15:36:44,2025-05-19,Paid Ads,Desktop,South,45-54,50K-100K,Personal Loan,0,10,199,Website Visit,0,0,0,0,0,Website Visit,Immediate bounce,126393,5,21
341,S000342,U001439,2025-06-05 18:54:21,2025-06-05,Email,Desktop,North,55+,100K+,Personal Loan,0,3,58,Product Page Viewed,1,0,0,0,0,Product Page Viewed,Unclear product value,111827,6,23
342,S000343,U000863,2025-02-13 00:25:28,2025-02-13,Organic Search,Desktop,West,35-44,25K-50K,Insurance Plan,0,1,1007,Product Page Viewed,1,0,0,0,0,Product Page Viewed,Comparing alternatives,7678,2,7
343,S000344,U000447,2025-03-07 00:54:04,2025-03-07,Referral,Mobile,West,55+,100K+,Personal Loan,0,2,1042,Product Page Viewed,1,0,0,0,0,Product Page Viewed,Technical issue,144179,3,10
344,S000345,U000233,2025-05-05 08:07:55,2025-05-05,Organic Search,Desktop,West,45-54,50K-100K,Credit Card,0,2,1071,Product Page Viewed,1,0,0,0,0,Product Page Viewed,High interest-rate concern,33205,5,19
345,S000346,U001660,2025-03-08 01:30:04,2025-03-08,Referral,Mobile,North,35-44,25K-50K,Savings Account,0,3,371,Lead Form Started,1,1,1,1,0,Lead Form Started,Document requirement concern,11142,3,10
346,S000347,U000317,2025-03-27 16:28:52,2025-03-27,Organic Search,Mobile,West,25-34,25K-50K,Savings Account,0,8,666,Product Page Viewed,1,0,0,0,0,Product Page Viewed,High interest-rate concern,13326,3,13
347,S000348,U001225,2025-02-18 15:26:18,2025-02-18,Direct,Desktop,Central,18-24,50K-100K,Personal Loan,0,7,1019,Lead Form Submitted,1,1,1,1,1,,,0,2,8
348,S000349,U001871,2025-02-15 11:17:04,2025-02-15,Organic Search,Desktop,West,25-34,50K-100K,Savings Account,0,8,162,Product Page Viewed,1,0,0,0,0,Product Page Viewed,Unclear product value,11027,2,7
349,S000350,U000956,2025-04-09 14:34:38,2025-04-09,Organic Search,Desktop,South,25-34,50K-100K,Personal Loan,0,5,599,CTA Clicked,1,1,1,0,0,CTA Clicked,Form looked too long,121262,4,15
350,S000351,U001071,2025-06-02 12:42:19,2025-06-02,Email,Mobile,Central,18-24,50K-100K,Credit Card,1,1,848,Calculator Used,1,1,0,0,0,Calculator Used,Calculator result not attractive,22982,6,23
351,S000352,U001439,2025-06-23 13:36:50,2025-06-23,Direct,Mobile,South,45-54,50K-100K,Credit Card,0,2,302,Calculator Used,1,1,0,0,0,Calculator Used,Required information unavailable,19940,6,26
352,S000353,U001459,2025-05-28 15:27:06,2025-05-28,Organic Search,Tablet,South,25-34,25K-50K,Personal Loan,0,11,39,Product Page Viewed,1,0,0,0,0,Product Page Viewed,Unclear product value,77625,5,22
353,S000354,U001632,2025-06-10 00:53:40,2025-06-10,Paid Ads,Mobile,West,35-44,25K-50K,Credit Card,0,7,558,Product Page Viewed,1,0,0,0,0,Product Page Viewed,High interest-rate concern,23394,6,24
354,S000355,U001720,2025-01-03 01:54:49,2025-01-03,Direct,Mobile,West,45-54,25K-50K,Personal Loan,0,2,734,CTA Clicked,1,1,1,0,0,CTA Clicked,Technical issue,84881,1,1
355,S000356,U000690,2025-05-31 03:50:47,2025-05-31,Referral,Mobile,East,25-34,50K-100K,Savings Account,0,7,65,Product Page Viewed,1,0,0,0,0,Product Page Viewed,Comparing alternatives,21234,5,22
356,S000357,U001957,2025-04-13 02:11:43,2025-04-13,Direct,Desktop,Central,25-34,Below 25K,Savings Account,0,5,673,Product Page Viewed,1,0,0,0,0,Product Page Viewed,Unclear product value,20537,4,15
357,S000358,U001520,2025-06-24 16:52:39,2025-06-24,Organic Search,Desktop,North,25-34,50K-100K,Personal Loan,0,9,1140,Website Visit,0,0,0,0,0,Website Visit,Immediate bounce,78016,6,26
358,S000359,U001742,2025-05-11 02:48:10,2025-05-11,Social Media,Mobile,South,25-34,Below 25K,Credit Card,0,5,1054,Website Visit,0,0,0,0,0,Website Visit,Not ready to explore,35036,5,19
359,S000360,U000012,2025-05-28 23:55:12,2025-05-28,Direct,Mobile,South,25-34,25K-50K,Personal Loan,0,2,661,Lead Form Submitted,1,1,1,1,1,,,0,5,22
360,S000361,U001773,2025-05-14 15:14:33,2025-05-14,Paid Ads,Mobile,South,45-54,25K-50K,Personal Loan,1,1,357,Product Page Viewed,1,0,0,0,0,Product Page Viewed,Unclear product value,114823,5,20
361,S000362,U001410,2025-04-23 15:41:34,2025-04-23,Organic Search,Desktop,North,35-44,Below 25K,Personal Loan,1,5,829,Lead Form Submitted,1,1,1,1,1,,,0,4,17
362,S000363,U000266,2025-04-20 04:13:38,2025-04-20,Paid Ads,Mobile,East,25-34,50K-100K,Credit Card,1,12,664,Calculator Used,1,1,0,0,0,Calculator Used,Technical issue,24850,4,16
363,S000364,U001233,2025-01-16 12:23:12,2025-01-16,Paid Ads,Tablet,South,25-34,Below 25K,Savings Account,0,5,565,Product Page Viewed,1,0,0,0,0,Product Page Viewed,Unclear product value,13120,1,3
364,S000365,U000490,2025-06-24 00:07:48,2025-06-24,Direct,Mobile,South,35-44,25K-50K,Credit Card,0,11,307,Website Visit,0,0,0,0,0,Website Visit,Not ready to explore,18123,6,26
365,S000366,U000314,2025-03-25 15:21:50,2025-03-25,Direct,Desktop,West,45-54,50K-100K,Personal Loan,0,4,870,Lead Form Submitted,1,1,1,1,1,,,0,3,13
366,S000367,U001863,2025-01-28 16:32:38,2025-01-28,Direct,Mobile,East,35-44,50K-100K,Insurance Plan,0,12,424,Product Page Viewed,1,0,0,0,0,Product Page Viewed,Technical issue,10738,1,5
367,S000368,U001053,2025-05-08 14:11:25,2025-05-08,Paid Ads,Mobile,North,45-54,50K-100K,Credit Card,1,5,119,Calculator Used,1,1,0,0,0,Calculator Used,Comparing alternatives,19117,5,19
368,S000369,U001072,2025-03-29 18:28:05,2025-03-29,Paid Ads,Desktop,North,55+,25K-50K,Credit Card,0,1,382,Calculator Used,1,1,0,0,0,Calculator Used,Comparing alternatives,16526,3,13
369,S000370,U001041,2025-01-06 11:45:15,2025-01-06,Paid Ads,Desktop,South,35-44,50K-100K,Personal Loan,1,9,655,Lead Form Submitted,1,1,1,1,1,,,0,1,2
370,S000371,U000310,2025-02-26 05:27:32,2025-02-26,Paid Ads,Desktop,East,25-34,25K-50K,Savings Account,1,6,753,Product Page Viewed,1,0,0,0,0,Product Page Viewed,High interest-rate concern,9261,2,9
371,S000372,U001583,2025-01-26 04:00:32,2025-01-26,Organic Search,Tablet,Central,25-34,50K-100K,Credit Card,1,6,524,Product Page Viewed,1,0,0,0,0,Product Page Viewed,Technical issue,21821,1,4
372,S000373,U000191,2025-06-09 10:47:12,2025-06-09,Organic Search,Desktop,East,18-24,50K-100K,Savings Account,1,2,215,Lead Form Submitted,1,1,1,1,1,,,0,6,24
373,S000374,U001314,2025-04-29 04:35:35,2025-04-29,Organic Search,Desktop,South,18-24,50K-100K,Credit Card,0,9,940,Website Visit,0,0,0,0,0,Website Visit,Slow page load,38218,4,18
374,S000375,U001896,2025-06-28 15:26:03,2025-06-28,Email,Desktop,West,55+,25K-50K,Personal Loan,0,2,1015,Product Page Viewed,1,0,0,0,0,Product Page Viewed,Comparing alternatives,97590,6,26
375,S000376,U001419,2025-06-04 03:45:45,2025-06-04,Email,Tablet,North,35-44,25K-50K,Savings Account,0,11,594,CTA Clicked,1,1,1,0,0,CTA Clicked,Not ready to apply,11283,6,23
376,S000377,U001495,2025-04-15 06:16:27,2025-04-15,Organic Search,Mobile,Central,35-44,50K-100K,Credit Card,0,5,329,Calculator Used,1,1,0,0,0,Calculator Used,Required information unavailable,37549,4,16
377,S000378,U000824,2025-02-21 21:03:12,2025-02-21,Social Media,Desktop,East,45-54,100K+,Savings Account,0,8,480,Product Page Viewed,1,0,0,0,0,Product Page Viewed,High interest-rate concern,15240,2,8
378,S000379,U000697,2025-01-25 15:20:44,2025-01-25,Direct,Mobile,Central,25-34,25K-50K,Credit Card,0,2,847,Calculator Used,1,1,0,0,0,Calculator Used,Comparing alternatives,23078,1,4
379,S000380,U001751,2025-02-15 06:59:36,2025-02-15,Direct,Desktop,Central,45-54,Below 25K,Savings Account,0,7,342,Product Page Viewed,1,0,0,0,0,Product Page Viewed,Technical issue,10583,2,7
380,S000381,U000754,2025-04-19 01:35:56,2025-04-19,Email,Mobile,East,25-34,25K-50K,Savings Account,1,10,112,Product Page Viewed,1,0,0,0,0,Product Page Viewed,Comparing alternatives,11662,4,16
381,S000382,U000036,2025-03-13 18:12:19,2025-03-13,Paid Ads,Tablet,East,25-34,25K-50K,Personal Loan,0,8,834,Product Page Viewed,1,0,0,0,0,Product Page Viewed,Technical issue,74330,3,11
382,S000383,U000464,2025-03-13 03:06:38,2025-03-13,Organic Search,Mobile,East,45-54,50K-100K,Personal Loan,0,6,158,Product Page Viewed,1,0,0,0,0,Product Page Viewed,Comparing alternatives,145959,3,11
383,S000384,U001625,2025-06-03 05:24:52,2025-06-03,Organic Search,Desktop,East,45-54,25K-50K,Savings Account,0,12,597,Product Page Viewed,1,0,0,0,0,Product Page Viewed,Technical issue,18551,6,23
384,S000385,U001842,2025-02-10 03:49:35,2025-02-10,Referral,Mobile,East,25-34,50K-100K,Insurance Plan,0,9,943,Product Page Viewed,1,0,0,0,0,Product Page Viewed,Technical issue,4499,2,7
385,S000386,U001580,2025-02-16 10:10:01,2025-02-16,Organic Search,Mobile,West,45-54,50K-100K,Credit Card,0,9,1068,Product Page Viewed,1,0,0,0,0,Product Page Viewed,Comparing alternatives,36766,2,7
386,S000387,U001161,2025-01-29 07:47:58,2025-01-29,Organic Search,Mobile,East,35-44,100K+,Credit Card,0,11,328,Product Page Viewed,1,0,0,0,0,Product Page Viewed,Comparing alternatives,30321,1,5
387,S000388,U001151,2025-05-17 18:52:24,2025-05-17,Organic Search,Mobile,West,35-44,50K-100K,Personal Loan,0,10,264,Product Page Viewed,1,0,0,0,0,Product Page Viewed,Unclear product value,161949,5,20
388,S000389,U000378,2025-02-24 06:30:31,2025-02-24,Direct,Mobile,South,35-44,Below 25K,Insurance Plan,0,1,617,Product Page Viewed,1,0,0,0,0,Product Page Viewed,Unclear product value,5828,2,9
389,S000390,U001846,2025-05-10 12:25:54,2025-05-10,Paid Ads,Desktop,North,35-44,25K-50K,Credit Card,0,5,299,Lead Form Started,1,1,1,1,0,Lead Form Started,Session timeout,37417,5,19
390,S000391,U000905,2025-03-26 08:27:56,2025-03-26,Organic Search,Tablet,East,35-44,25K-50K,Savings Account,0,10,1080,Product Page Viewed,1,0,0,0,0,Product Page Viewed,Unclear product value,14849,3,13
391,S000392,U001878,2025-05-17 09:56:40,2025-05-17,Social Media,Desktop,West,25-34,25K-50K,Savings Account,1,12,684,Website Visit,0,0,0,0,0,Website Visit,Immediate bounce,14728,5,20
392,S000393,U000615,2025-05-25 23:41:08,2025-05-25,Paid Ads,Mobile,South,25-34,Below 25K,Personal Loan,1,12,1199,Product Page Viewed,1,0,0,0,0,Product Page Viewed,High interest-rate concern,73750,5,21
393,S000394,U000021,2025-03-31 17:09:53,2025-03-31,Paid Ads,Mobile,North,25-34,25K-50K,Insurance Plan,0,12,305,Product Page Viewed,1,0,0,0,0,Product Page Viewed,Comparing alternatives,10204,3,14
394,S000395,U001980,2025-04-26 12:31:12,2025-04-26,Organic Search,Desktop,West,45-54,50K-100K,Personal Loan,0,7,550,Product Page Viewed,1,0,0,0,0,Product Page Viewed,High interest-rate concern,144007,4,17
395,S000396,U000412,2025-05-15 08:08:12,2025-05-15,Direct,Mobile,North,45-54,25K-50K,Personal Loan,0,7,1188,Product Page Viewed,1,0,0,0,0,Product Page Viewed,Technical issue,141016,5,20
396,S000397,U000501,2025-03-18 10:03:25,2025-03-18,Email,Mobile,Central,35-44,50K-100K,Personal Loan,0,4,105,Lead Form Submitted,1,1,1,1,1,,,0,3,12
397,S000398,U000682,2025-03-20 23:54:33,2025-03-20,Organic Search,Mobile,West,35-44,50K-100K,Insurance Plan,1,11,393,Website Visit,0,0,0,0,0,Website Visit,Landing page mismatch,4588,3,12
398,S000399,U000386,2025-06-10 21:10:34,2025-06-10,Direct,Mobile,South,35-44,50K-100K,Personal Loan,1,10,370,Website Visit,0,0,0,0,0,Website Visit,Slow page load,115626,6,24
399,S000400,U001167,2025-04-20 10:18:40,2025-04-20,Organic Search,Desktop,South,35-44,50K-100K,Credit Card,0,2,496,Lead Form Submitted,1,1,1,1,1,,,0,4,16
400,S000401,U000058,2025-03-12 07:40:58,2025-03-12,Paid Ads,Desktop,East,35-44,50K-100K,Savings Account,0,1,563,Website Visit,0,0,0,0,0,Website Visit,Immediate bounce,16980,3,11
401,S000402,U000269,2025-03-07 07:19:18,2025-03-07,Organic Search,Mobile,North,35-44,25K-50K,Credit Card,0,1,236,Product Page Viewed,1,0,0,0,0,Product Page Viewed,Unclear product value,35518,3,10
402,S000403,U001770,2025-02-21 09:55:40,2025-02-21,Organic Search,Mobile,East,35-44,25K-50K,Insurance Plan,0,1,1001,Product Page Viewed,1,0,0,0,0,Product Page Viewed,Technical issue,10648,2,8
403,S000404,U000108,2025-04-03 12:40:43,2025-04-03,Paid Ads,Mobile,South,25-34,25K-50K,Savings Account,0,5,362,Product Page Viewed,1,0,0,0,0,Product Page Viewed,Unclear product value,20386,4,14
404,S000405,U000750,2025-05-22 07:50:56,2025-05-22,Referral,Desktop,West,45-54,25K-50K,Credit Card,0,12,202,Product Page Viewed,1,0,0,0,0,Product Page Viewed,High interest-rate concern,28775,5,21
405,S000406,U000176,2025-06-21 16:20:27,2025-06-21,Email,Mobile,South,18-24,25K-50K,Personal Loan,1,6,929,Calculator Used,1,1,0,0,0,Calculator Used,Comparing alternatives,111498,6,25
406,S000407,U001536,2025-04-14 08:54:53,2025-04-14,Organic Search,Desktop,West,35-44,50K-100K,Savings Account,1,7,954,Lead Form Started,1,1,1,1,0,Lead Form Started,Technical issue,21067,4,16
407,S000408,U000191,2025-05-11 03:21:58,2025-05-11,Direct,Mobile,South,25-34,100K+,Credit Card,0,5,1004,Lead Form Submitted,1,1,1,1,1,,,0,5,19
408,S000409,U000441,2025-01-21 07:58:22,2025-01-21,Social Media,Mobile,South,25-34,25K-50K,Credit Card,1,3,582,Product Page Viewed,1,0,0,0,0,Product Page Viewed,Comparing alternatives,21354,1,4
409,S000410,U001000,2025-06-19 00:37:30,2025-06-19,Paid Ads,Desktop,North,35-44,25K-50K,Personal Loan,0,9,1126,Website Visit,0,0,0,0,0,Website Visit,Landing page mismatch,94856,6,25
410,S000411,U001245,2025-06-25 01:31:48,2025-06-25,Organic Search,Mobile,North,18-24,50K-100K,Insurance Plan,0,5,442,Product Page Viewed,1,0,0,0,0,Product Page Viewed,High interest-rate concern,9535,6,26
411,S000412,U001616,2025-06-27 15:52:03,2025-06-27,Referral,Desktop,West,45-54,100K+,Savings Account,0,5,70,Lead Form Submitted,1,1,1,1,1,,,0,6,26
412,S000413,U000446,2025-01-31 08:10:37,2025-01-31,Social Media,Mobile,Central,35-44,50K-100K,Personal Loan,0,4,828,Product Page Viewed,1,0,0,0,0,Product Page Viewed,Comparing alternatives,133113,1,5
413,S000414,U000988,2025-04-02 13:09:54,2025-04-02,Direct,Mobile,West,35-44,50K-100K,Savings Account,0,12,721,Website Visit,0,0,0,0,0,Website Visit,Landing page mismatch,16313,4,14
414,S000415,U000577,2025-01-26 08:45:14,2025-01-26,Social Media,Mobile,North,25-34,Below 25K,Credit Card,0,3,652,Product Page Viewed,1,0,0,0,0,Product Page Viewed,Comparing alternatives,39292,1,4
415,S000416,U000589,2025-04-12 19:44:10,2025-04-12,Email,Mobile,West,55+,100K+,Savings Account,0,1,474,Product Page Viewed,1,0,0,0,0,Product Page Viewed,Technical issue,9544,4,15
416,S000417,U000256,2025-01-13 06:11:01,2025-01-13,Social Media,Mobile,West,35-44,25K-50K,Savings Account,0,7,895,Product Page Viewed,1,0,0,0,0,Product Page Viewed,Comparing alternatives,19909,1,3
417,S000418,U000239,2025-01-10 06:05:07,2025-01-10,Direct,Mobile,Central,35-44,25K-50K,Personal Loan,0,1,618,CTA Clicked,1,1,1,0,0,CTA Clicked,Privacy concern,96390,1,2
418,S000419,U000201,2025-02-08 12:31:56,2025-02-08,Direct,Mobile,West,18-24,25K-50K,Insurance Plan,1,6,161,Product Page Viewed,1,0,0,0,0,Product Page Viewed,Unclear product value,8557,2,6
419,S000420,U000039,2025-02-05 09:42:45,2025-02-05,Organic Search,Tablet,Central,25-34,25K-50K,Credit Card,0,2,1177,Lead Form Submitted,1,1,1,1,1,,,0,2,6
420,S000421,U001889,2025-04-16 07:21:48,2025-04-16,Organic Search,Mobile,South,25-34,50K-100K,Personal Loan,0,5,634,Product Page Viewed,1,0,0,0,0,Product Page Viewed,Technical issue,115453,4,16
421,S000422,U001593,2025-03-13 11:05:00,2025-03-13,Organic Search,Tablet,North,45-54,50K-100K,Insurance Plan,0,11,261,Product Page Viewed,1,0,0,0,0,Product Page Viewed,Technical issue,7366,3,11
422,S000423,U001426,2025-04-14 12:52:02,2025-04-14,Referral,Desktop,South,25-34,25K-50K,Credit Card,1,11,1007,Lead Form Submitted,1,1,1,1,1,,,0,4,16
423,S000424,U000317,2025-03-02 10:33:26,2025-03-02,Social Media,Desktop,West,45-54,100K+,Credit Card,0,2,539,Product Page Viewed,1,0,0,0,0,Product Page Viewed,Comparing alternatives,37243,3,9
424,S000425,U000582,2025-06-25 23:56:46,2025-06-25,Paid Ads,Mobile,Central,25-34,50K-100K,Personal Loan,1,12,515,Product Page Viewed,1,0,0,0,0,Product Page Viewed,Technical issue,104779,6,26
425,S000426,U000673,2025-05-09 05:58:18,2025-05-09,Organic Search,Desktop,West,45-54,50K-100K,Personal Loan,0,10,263,Product Page Viewed,1,0,0,0,0,Product Page Viewed,Comparing alternatives,147725,5,19
426,S000427,U001909,2025-03-23 04:38:02,2025-03-23,Organic Search,Desktop,East,45-54,100K+,Credit Card,0,5,866,Lead Form Submitted,1,1,1,1,1,,,0,3,12
427,S000428,U000717,2025-01-26 00:08:15,2025-01-26,Organic Search,Tablet,Central,25-34,25K-50K,Personal Loan,0,5,438,Lead Form Submitted,1,1,1,1,1,,,0,1,4
428,S000429,U000542,2025-05-05 13:17:33,2025-05-05,Direct,Desktop,Central,45-54,50K-100K,Personal Loan,0,2,458,Calculator Used,1,1,0,0,0,Calculator Used,Comparing alternatives,67012,5,19
429,S000430,U000348,2025-03-05 14:57:38,2025-03-05,Direct,Desktop,West,45-54,Below 25K,Credit Card,0,11,863,Lead Form Submitted,1,1,1,1,1,,,0,3,10
430,S000431,U000211,2025-05-13 00:38:43,2025-05-13,Paid Ads,Mobile,Central,25-34,25K-50K,Personal Loan,0,10,733,Calculator Used,1,1,0,0,0,Calculator Used,Technical issue,91699,5,20
431,S000432,U001407,2025-05-01 19:40:53,2025-05-01,Direct,Tablet,Central,45-54,50K-100K,Personal Loan,0,7,624,Product Page Viewed,1,0,0,0,0,Product Page Viewed,High interest-rate concern,133461,5,18
432,S000433,U000705,2025-01-10 18:07:23,2025-01-10,Email,Mobile,North,18-24,25K-50K,Credit Card,0,11,447,Product Page Viewed,1,0,0,0,0,Product Page Viewed,Technical issue,33319,1,2
433,S000434,U001513,2025-01-15 09:25:04,2025-01-15,Referral,Desktop,West,18-24,Below 25K,Savings Account,1,2,1120,Product Page Viewed,1,0,0,0,0,Product Page Viewed,Unclear product value,12422,1,3
434,S000435,U000260,2025-05-30 19:07:15,2025-05-30,Direct,Tablet,West,45-54,50K-100K,Personal Loan,0,2,906,Lead Form Submitted,1,1,1,1,1,,,0,5,22
435,S000436,U000342,2025-03-13 05:32:25,2025-03-13,Paid Ads,Mobile,West,25-34,100K+,Personal Loan,0,5,42,Lead Form Started,1,1,1,1,0,Lead Form Started,Document requirement concern,135340,3,11
436,S000437,U000770,2025-03-19 03:23:20,2025-03-19,Paid Ads,Mobile,Central,35-44,25K-50K,Credit Card,0,4,250,Calculator Used,1,1,0,0,0,Calculator Used,Comparing alternatives,37478,3,12
437,S000438,U000718,2025-02-26 17:27:09,2025-02-26,Paid Ads,Mobile,South,18-24,Below 25K,Personal Loan,0,7,841,Calculator Used,1,1,0,0,0,Calculator Used,Comparing alternatives,127934,2,9
438,S000439,U001446,2025-05-19 17:07:25,2025-05-19,Email,Mobile,North,45-54,100K+,Personal Loan,0,11,604,Calculator Used,1,1,0,0,0,Calculator Used,Required information unavailable,70842,5,21
439,S000440,U000854,2025-03-18 09:45:48,2025-03-18,Paid Ads,Mobile,Central,18-24,50K-100K,Personal Loan,0,5,935,Lead Form Submitted,1,1,1,1,1,,,0,3,12
440,S000441,U001912,2025-06-11 10:55:54,2025-06-11,Paid Ads,Tablet,West,25-34,25K-50K,Credit Card,0,5,277,Product Page Viewed,1,0,0,0,0,Product Page Viewed,Comparing alternatives,34683,6,24
441,S000442,U001474,2025-05-11 02:17:01,2025-05-11,Direct,Desktop,West,45-54,25K-50K,Personal Loan,1,2,140,Lead Form Submitted,1,1,1,1,1,,,0,5,19
442,S000443,U001199,2025-06-29 22:17:40,2025-06-29,Email,Desktop,West,18-24,25K-50K,Personal Loan,1,6,439,Product Page Viewed,1,0,0,0,0,Product Page Viewed,Comparing alternatives,67788,6,26
443,S000444,U001475,2025-04-28 18:09:59,2025-04-28,Paid Ads,Mobile,East,25-34,25K-50K,Personal Loan,0,8,884,Product Page Viewed,1,0,0,0,0,Product Page Viewed,Technical issue,110728,4,18
444,S000445,U001145,2025-05-14 00:55:19,2025-05-14,Social Media,Tablet,North,25-34,50K-100K,Personal Loan,0,5,225,Lead Form Submitted,1,1,1,1,1,,,0,5,20
445,S000446,U000849,2025-03-07 21:48:00,2025-03-07,Direct,Desktop,East,25-34,50K-100K,Savings Account,1,11,38,Calculator Used,1,1,0,0,0,Calculator Used,Calculator result not attractive,21110,3,10
446,S000447,U001487,2025-06-16 07:58:25,2025-06-16,Direct,Desktop,North,35-44,25K-50K,Credit Card,0,12,646,Product Page Viewed,1,0,0,0,0,Product Page Viewed,Unclear product value,29243,6,25
447,S000448,U000617,2025-01-11 16:06:18,2025-01-11,Referral,Mobile,Central,25-34,Below 25K,Savings Account,1,9,656,Lead Form Started,1,1,1,1,0,Lead Form Started,Document requirement concern,19355,1,2
448,S000449,U001399,2025-01-20 18:22:26,2025-01-20,Paid Ads,Mobile,South,35-44,50K-100K,Insurance Plan,1,2,253,Website Visit,0,0,0,0,0,Website Visit,Landing page mismatch,6215,1,4
449,S000450,U000944,2025-04-06 06:30:20,2025-04-06,Organic Search,Mobile,Central,25-34,25K-50K,Savings Account,0,1,1054,Calculator Used,1,1,0,0,0,Calculator Used,Technical issue,12780,4,14
450,S000451,U000107,2025-03-21 02:05:36,2025-03-21,Email,Mobile,West,55+,50K-100K,Insurance Plan,0,4,735,Calculator Used,1,1,0,0,0,Calculator Used,Calculator result not attractive,4319,3,12
451,S000452,U000283,2025-02-16 16:24:01,2025-02-16,Organic Search,Desktop,East,25-34,100K+,Credit Card,0,11,398,Product Page Viewed,1,0,0,0,0,Product Page Viewed,High interest-rate concern,37726,2,7
452,S000453,U000599,2025-04-04 16:53:20,2025-04-04,Paid Ads,Desktop,Central,35-44,50K-100K,Insurance Plan,0,1,1183,CTA Clicked,1,1,1,0,0,CTA Clicked,Form looked too long,8608,4,14
453,S000454,U000553,2025-03-14 20:59:09,2025-03-14,Paid Ads,Desktop,West,25-34,50K-100K,Savings Account,1,10,818,Calculator Used,1,1,0,0,0,Calculator Used,Calculator result not attractive,20276,3,11
454,S000455,U001140,2025-05-07 22:31:48,2025-05-07,Direct,Mobile,North,55+,50K-100K,Credit Card,0,11,120,Calculator Used,1,1,0,0,0,Calculator Used,Calculator result not attractive,17328,5,19
455,S000456,U001956,2025-02-27 23:18:46,2025-02-27,Email,Mobile,East,25-34,50K-100K,Personal Loan,0,9,1193,Product Page Viewed,1,0,0,0,0,Product Page Viewed,Technical issue,155585,2,9
456,S000457,U000291,2025-04-20 10:49:15,2025-04-20,Email,Mobile,West,55+,Below 25K,Credit Card,0,8,491,Product Page Viewed,1,0,0,0,0,Product Page Viewed,Comparing alternatives,40423,4,16
457,S000458,U001320,2025-05-01 13:31:02,2025-05-01,Email,Mobile,West,35-44,25K-50K,Credit Card,0,6,68,Lead Form Submitted,1,1,1,1,1,,,0,5,18
458,S000459,U000425,2025-01-21 05:44:51,2025-01-21,Organic Search,Mobile,East,25-34,25K-50K,Credit Card,1,7,801,Product Page Viewed,1,0,0,0,0,Product Page Viewed,High interest-rate concern,21585,1,4
459,S000460,U000548,2025-05-17 01:05:12,2025-05-17,Direct,Desktop,West,25-34,100K+,Credit Card,1,7,488,Lead Form Submitted,1,1,1,1,1,,,0,5,20
460,S000461,U000876,2025-01-27 08:01:31,2025-01-27,Organic Search,Desktop,South,25-34,Below 25K,Savings Account,0,7,617,Product Page Viewed,1,0,0,0,0,Product Page Viewed,Unclear product value,17613,1,5
461,S000462,U000011,2025-02-21 13:39:51,2025-02-21,Email,Mobile,Central,25-34,100K+,Savings Account,1,10,643,Product Page Viewed,1,0,0,0,0,Product Page Viewed,Unclear product value,12616,2,8
462,S000463,U001270,2025-02-22 00:05:33,2025-02-22,Referral,Mobile,Central,18-24,Below 25K,Savings Account,1,9,1144,CTA Clicked,1,1,1,0,0,CTA Clicked,Not ready to apply,19245,2,8
463,S000464,U000833,2025-04-01 21:59:03,2025-04-01,Paid Ads,Tablet,West,35-44,25K-50K,Savings Account,0,3,39,Product Page Viewed,1,0,0,0,0,Product Page Viewed,Comparing alternatives,20794,4,14
464,S000465,U000759,2025-01-17 06:30:26,2025-01-17,Organic Search,Desktop,South,25-34,50K-100K,Credit Card,0,9,417,Website Visit,0,0,0,0,0,Website Visit,Slow page load,29463,1,3
465,S000466,U000502,2025-04-09 07:38:28,2025-04-09,Direct,Desktop,Central,35-44,50K-100K,Credit Card,0,6,315,Website Visit,0,0,0,0,0,Website Visit,Slow page load,39687,4,15
466,S000467,U000372,2025-03-22 16:27:49,2025-03-22,Organic Search,Desktop,West,25-34,50K-100K,Personal Loan,0,4,403,Lead Form Submitted,1,1,1,1,1,,,0,3,12
467,S000468,U000573,2025-03-23 05:09:35,2025-03-23,Referral,Mobile,West,35-44,25K-50K,Credit Card,0,4,248,Product Page Viewed,1,0,0,0,0,Product Page Viewed,Comparing alternatives,28123,3,12
468,S000469,U000182,2025-05-15 17:58:52,2025-05-15,Organic Search,Mobile,East,18-24,Below 25K,Savings Account,1,6,1018,Calculator Used,1,1,0,0,0,Calculator Used,Calculator result not attractive,21790,5,20
469,S000470,U000910,2025-01-06 02:28:12,2025-01-06,Referral,Mobile,South,25-34,50K-100K,Personal Loan,0,4,108,Lead Form Submitted,1,1,1,1,1,,,0,1,2
470,S000471,U001532,2025-06-22 20:41:09,2025-06-22,Paid Ads,Desktop,Central,55+,25K-50K,Savings Account,0,4,1145,Calculator Used,1,1,0,0,0,Calculator Used,Technical issue,20758,6,25
471,S000472,U001566,2025-06-26 17:16:36,2025-06-26,Organic Search,Desktop,East,25-34,50K-100K,Savings Account,0,11,106,Lead Form Started,1,1,1,1,0,Lead Form Started,Technical issue,12820,6,26
472,S000473,U001591,2025-01-31 06:11:23,2025-01-31,Paid Ads,Mobile,South,35-44,Below 25K,Personal Loan,0,8,100,Product Page Viewed,1,0,0,0,0,Product Page Viewed,Comparing alternatives,91409,1,5
473,S000474,U001808,2025-06-24 15:43:37,2025-06-24,Direct,Desktop,North,35-44,25K-50K,Savings Account,1,6,139,Website Visit,0,0,0,0,0,Website Visit,Landing page mismatch,19944,6,26
474,S000475,U000322,2025-05-02 12:14:48,2025-05-02,Email,Mobile,North,25-34,25K-50K,Credit Card,1,3,939,Product Page Viewed,1,0,0,0,0,Product Page Viewed,Comparing alternatives,37930,5,18
475,S000476,U000906,2025-06-16 09:34:43,2025-06-16,Referral,Mobile,Central,35-44,50K-100K,Insurance Plan,0,12,982,Product Page Viewed,1,0,0,0,0,Product Page Viewed,Technical issue,7362,6,25
476,S000477,U000465,2025-04-30 22:50:59,2025-04-30,Direct,Desktop,South,45-54,50K-100K,Personal Loan,0,3,981,Calculator Used,1,1,0,0,0,Calculator Used,Calculator result not attractive,63223,4,18
477,S000478,U000482,2025-04-03 18:20:02,2025-04-03,Referral,Mobile,West,25-34,100K+,Personal Loan,0,6,305,CTA Clicked,1,1,1,0,0,CTA Clicked,Form looked too long,99118,4,14
478,S000479,U001603,2025-02-27 10:57:05,2025-02-27,Email,Mobile,East,45-54,Below 25K,Personal Loan,0,1,720,Product Page Viewed,1,0,0,0,0,Product Page Viewed,Technical issue,117411,2,9
479,S000480,U001384,2025-06-12 09:26:14,2025-06-12,Referral,Desktop,West,35-44,50K-100K,Insurance Plan,0,11,856,Product Page Viewed,1,0,0,0,0,Product Page Viewed,High interest-rate concern,5233,6,24
480,S000481,U000073,2025-01-23 10:40:58,2025-01-23,Organic Search,Tablet,East,25-34,25K-50K,Credit Card,0,5,129,Calculator Used,1,1,0,0,0,Calculator Used,Required information unavailable,30977,1,4
481,S000482,U001296,2025-04-14 18:34:01,2025-04-14,Email,Tablet,North,18-24,25K-50K,Credit Card,1,2,139,Website Visit,0,0,0,0,0,Website Visit,Landing page mismatch,26939,4,16
482,S000483,U000450,2025-06-17 18:54:22,2025-06-17,Organic Search,Desktop,West,18-24,25K-50K,Savings Account,0,3,243,CTA Clicked,1,1,1,0,0,CTA Clicked,Not ready to apply,10494,6,25
483,S000484,U001165,2025-05-24 08:00:02,2025-05-24,Paid Ads,Desktop,South,35-44,25K-50K,Credit Card,0,1,437,Product Page Viewed,1,0,0,0,0,Product Page Viewed,Technical issue,35557,5,21
484,S000485,U000378,2025-05-29 19:23:32,2025-05-29,Paid Ads,Mobile,North,25-34,25K-50K,Savings Account,1,4,422,Product Page Viewed,1,0,0,0,0,Product Page Viewed,High interest-rate concern,20112,5,22
485,S000486,U000186,2025-04-18 12:18:27,2025-04-18,Direct,Mobile,Central,55+,100K+,Credit Card,1,10,301,Lead Form Submitted,1,1,1,1,1,,,0,4,16
486,S000487,U001376,2025-04-10 23:25:36,2025-04-10,Organic Search,Mobile,Central,35-44,25K-50K,Savings Account,1,12,1074,Product Page Viewed,1,0,0,0,0,Product Page Viewed,Technical issue,15756,4,15
487,S000488,U000448,2025-01-07 12:50:17,2025-01-07,Social Media,Mobile,South,45-54,50K-100K,Credit Card,0,5,69,Website Visit,0,0,0,0,0,Website Visit,Immediate bounce,26836,1,2
488,S000489,U001879,2025-02-06 07:49:58,2025-02-06,Social Media,Mobile,East,25-34,25K-50K,Personal Loan,0,1,1015,Website Visit,0,0,0,0,0,Website Visit,Slow page load,86473,2,6
489,S000490,U000159,2025-01-12 17:29:17,2025-01-12,Direct,Mobile,West,45-54,25K-50K,Personal Loan,0,11,256,Product Page Viewed,1,0,0,0,0,Product Page Viewed,High interest-rate concern,85855,1,2
490,S000491,U000418,2025-04-21 22:10:22,2025-04-21,Direct,Desktop,North,35-44,50K-100K,Insurance Plan,0,11,85,Website Visit,0,0,0,0,0,Website Visit,Landing page mismatch,4682,4,17
491,S000492,U000310,2025-03-31 09:23:25,2025-03-31,Organic Search,Mobile,North,45-54,50K-100K,Savings Account,1,7,924,Product Page Viewed,1,0,0,0,0,Product Page Viewed,Technical issue,21670,3,14
492,S000493,U001855,2025-04-30 13:56:31,2025-04-30,Social Media,Mobile,West,35-44,Below 25K,Personal Loan,0,12,864,Product Page Viewed,1,0,0,0,0,Product Page Viewed,Comparing alternatives,94822,4,18
493,S000494,U000945,2025-01-12 14:14:13,2025-01-12,Paid Ads,Mobile,North,25-34,100K+,Personal Loan,0,9,311,Product Page Viewed,1,0,0,0,0,Product Page Viewed,Technical issue,129690,1,2
494,S000495,U000091,2025-02-19 22:30:36,2025-02-19,Paid Ads,Desktop,South,35-44,50K-100K,Personal Loan,1,1,553,Calculator Used,1,1,0,0,0,Calculator Used,Comparing alternatives,66078,2,8
495,S000496,U001974,2025-02-06 12:11:15,2025-02-06,Social Media,Desktop,South,18-24,50K-100K,Credit Card,1,7,937,Calculator Used,1,1,0,0,0,Calculator Used,Technical issue,27522,2,6
496,S000497,U000178,2025-04-26 23:02:04,2025-04-26,Direct,Mobile,West,18-24,25K-50K,Savings Account,0,1,582,Product Page Viewed,1,0,0,0,0,Product Page Viewed,Unclear product value,17371,4,17
497,S000498,U000282,2025-02-03 00:33:21,2025-02-03,Organic Search,Desktop,Central,25-34,25K-50K,Savings Account,0,2,815,Product Page Viewed,1,0,0,0,0,Product Page Viewed,High interest-rate concern,13877,2,6
498,S000499,U000760,2025-04-10 21:29:35,2025-04-10,Organic Search,Desktop,South,25-34,50K-100K,Personal Loan,1,12,1067,Product Page Viewed,1,0,0,0,0,Product Page Viewed,High interest-rate concern,104873,4,15
499,S000500,U000993,2025-01-23 13:35:32,2025-01-23,Organic Search,Mobile,North,55+,50K-100K,Credit Card,0,8,686,Lead Form Submitted,1,1,1,1,1,,,0,1,4
500,S000501,U001513,2025-06-06 23:35:00,2025-06-06,Email,Mobile,North,45-54,100K+,Credit Card,0,4,239,Product Page Viewed,1,0,0,0,0,Product Page Viewed,High interest-rate concern,23035,6,23
501,S000502,U000600,2025-01-16 07:02:16,2025-01-16,Social Media,Desktop,South,25-34,50K-100K,Personal Loan,0,10,790,Product Page Viewed,1,0,0,0,0,Product Page Viewed,Technical issue,121647,1,3
502,S000503,U000016,2025-02-07 00:36:13,2025-02-07,Email,Desktop,West,25-34,50K-100K,Savings Account,0,3,219,Lead Form Started,1,1,1,1,0,Lead Form Started,Technical issue,14716,2,6
503,S000504,U000221,2025-03-01 19:00:50,2025-03-01,Social Media,Mobile,North,25-34,Below 25K,Insurance Plan,0,4,1073,Product Page Viewed,1,0,0,0,0,Product Page Viewed,High interest-rate concern,8511,3,9
504,S000505,U001156,2025-04-01 00:31:37,2025-04-01,Direct,Mobile,South,45-54,25K-50K,Credit Card,1,5,198,Product Page Viewed,1,0,0,0,0,Product Page Viewed,High interest-rate concern,16225,4,14
505,S000506,U000349,2025-04-14 19:50:48,2025-04-14,Direct,Desktop,West,18-24,50K-100K,Insurance Plan,0,5,260,Calculator Used,1,1,0,0,0,Calculator Used,Calculator result not attractive,10234,4,16
506,S000507,U001113,2025-03-07 00:08:46,2025-03-07,Organic Search,Desktop,North,35-44,25K-50K,Credit Card,0,8,299,Website Visit,0,0,0,0,0,Website Visit,Landing page mismatch,25502,3,10
507,S000508,U001920,2025-01-02 13:29:36,2025-01-02,Social Media,Mobile,East,35-44,25K-50K,Personal Loan,0,6,507,Product Page Viewed,1,0,0,0,0,Product Page Viewed,Comparing alternatives,126563,1,1
508,S000509,U000851,2025-01-07 21:53:54,2025-01-07,Social Media,Desktop,South,55+,Below 25K,Personal Loan,1,3,98,Calculator Used,1,1,0,0,0,Calculator Used,Calculator result not attractive,136847,1,2
509,S000510,U001838,2025-05-14 17:43:54,2025-05-14,Direct,Desktop,West,45-54,Below 25K,Savings Account,0,8,1051,Product Page Viewed,1,0,0,0,0,Product Page Viewed,Comparing alternatives,12146,5,20
510,S000511,U000831,2025-03-24 08:49:48,2025-03-24,Email,Mobile,West,35-44,100K+,Savings Account,0,7,489,Website Visit,0,0,0,0,0,Website Visit,Immediate bounce,16780,3,13
511,S000512,U000314,2025-01-20 08:40:42,2025-01-20,Direct,Mobile,Central,25-34,25K-50K,Credit Card,0,12,770,Calculator Used,1,1,0,0,0,Calculator Used,Required information unavailable,32088,1,4
512,S000513,U001299,2025-04-29 10:14:45,2025-04-29,Paid Ads,Mobile,North,55+,50K-100K,Personal Loan,0,12,278,Lead Form Started,1,1,1,1,0,Lead Form Started,Session timeout,69910,4,18
513,S000514,U001268,2025-05-17 13:42:24,2025-05-17,Referral,Mobile,West,35-44,25K-50K,Insurance Plan,0,9,421,Calculator Used,1,1,0,0,0,Calculator Used,Calculator result not attractive,7612,5,20
514,S000515,U000011,2025-06-16 15:17:25,2025-06-16,Organic Search,Mobile,South,35-44,Below 25K,Credit Card,0,7,1188,Lead Form Started,1,1,1,1,0,Lead Form Started,Too many required fields,27141,6,25
515,S000516,U000645,2025-04-19 22:46:13,2025-04-19,Social Media,Mobile,South,25-34,25K-50K,Personal Loan,0,11,519,Calculator Used,1,1,0,0,0,Calculator Used,Required information unavailable,108230,4,16
516,S000517,U001377,2025-02-22 14:19:37,2025-02-22,Email,Mobile,South,25-34,Below 25K,Insurance Plan,0,1,937,Product Page Viewed,1,0,0,0,0,Product Page Viewed,Comparing alternatives,9912,2,8
517,S000518,U000898,2025-02-14 17:39:00,2025-02-14,Email,Mobile,North,35-44,25K-50K,Savings Account,1,2,811,Lead Form Submitted,1,1,1,1,1,,,0,2,7
518,S000519,U000447,2025-04-09 11:56:16,2025-04-09,Paid Ads,Mobile,East,18-24,Below 25K,Personal Loan,0,3,743,Product Page Viewed,1,0,0,0,0,Product Page Viewed,Comparing alternatives,82308,4,15
519,S000520,U000113,2025-01-17 12:45:08,2025-01-17,Organic Search,Desktop,East,45-54,25K-50K,Savings Account,0,11,1189,Lead Form Submitted,1,1,1,1,1,,,0,1,3
520,S000521,U001526,2025-01-14 06:34:35,2025-01-14,Direct,Mobile,West,18-24,50K-100K,Credit Card,1,9,874,Calculator Used,1,1,0,0,0,Calculator Used,Technical issue,33636,1,3
521,S000522,U000828,2025-05-25 18:56:11,2025-05-25,Email,Mobile,South,25-34,25K-50K,Personal Loan,1,11,721,Calculator Used,1,1,0,0,0,Calculator Used,Calculator result not attractive,160466,5,21
522,S000523,U001130,2025-04-23 01:53:51,2025-04-23,Organic Search,Tablet,West,35-44,Below 25K,Savings Account,0,2,961,Calculator Used,1,1,0,0,0,Calculator Used,Calculator result not attractive,18741,4,17
523,S000524,U000462,2025-02-12 14:47:07,2025-02-12,Referral,Mobile,West,45-54,25K-50K,Insurance Plan,0,7,678,Lead Form Submitted,1,1,1,1,1,,,0,2,7
524,S000525,U000256,2025-06-25 05:05:59,2025-06-25,Email,Mobile,North,45-54,100K+,Savings Account,0,5,1191,Product Page Viewed,1,0,0,0,0,Product Page Viewed,Comparing alternatives,19417,6,26
525,S000526,U001465,2025-06-11 01:22:59,2025-06-11,Paid Ads,Desktop,West,45-54,50K-100K,Insurance Plan,0,5,612,Website Visit,0,0,0,0,0,Website Visit,Immediate bounce,6774,6,24
526,S000527,U000696,2025-01-15 13:36:19,2025-01-15,Referral,Mobile,West,25-34,Below 25K,Personal Loan,0,8,405,Product Page Viewed,1,0,0,0,0,Product Page Viewed,Technical issue,101705,1,3
527,S000528,U000300,2025-02-15 03:14:58,2025-02-15,Direct,Mobile,North,55+,25K-50K,Insurance Plan,1,7,268,Product Page Viewed,1,0,0,0,0,Product Page Viewed,High interest-rate concern,6881,2,7
528,S000529,U000940,2025-03-14 11:56:10,2025-03-14,Direct,Desktop,North,18-24,25K-50K,Savings Account,0,8,72,Calculator Used,1,1,0,0,0,Calculator Used,Comparing alternatives,9089,3,11
529,S000530,U001562,2025-01-28 16:58:36,2025-01-28,Direct,Desktop,North,35-44,50K-100K,Savings Account,1,1,250,Lead Form Submitted,1,1,1,1,1,,,0,1,5
530,S000531,U000353,2025-05-22 16:43:32,2025-05-22,Social Media,Mobile,South,25-34,25K-50K,Savings Account,0,5,332,Product Page Viewed,1,0,0,0,0,Product Page Viewed,Comparing alternatives,11767,5,21
531,S000532,U001735,2025-06-12 17:56:12,2025-06-12,Paid Ads,Desktop,North,25-34,25K-50K,Personal Loan,0,9,1156,Lead Form Submitted,1,1,1,1,1,,,0,6,24
532,S000533,U001917,2025-06-19 05:13:40,2025-06-19,Organic Search,Mobile,Central,18-24,Below 25K,Personal Loan,0,11,947,Calculator Used,1,1,0,0,0,Calculator Used,Calculator result not attractive,112613,6,25
533,S000534,U000659,2025-02-01 23:16:26,2025-02-01,Direct,Mobile,West,18-24,50K-100K,Savings Account,1,12,460,Product Page Viewed,1,0,0,0,0,Product Page Viewed,High interest-rate concern,21302,2,5
534,S000535,U001538,2025-04-07 11:24:39,2025-04-07,Paid Ads,Desktop,North,18-24,Below 25K,Personal Loan,0,11,870,Product Page Viewed,1,0,0,0,0,Product Page Viewed,Comparing alternatives,122091,4,15
535,S000536,U001497,2025-04-01 06:44:36,2025-04-01,Social Media,Mobile,South,25-34,Below 25K,Insurance Plan,0,1,522,Website Visit,0,0,0,0,0,Website Visit,Slow page load,5823,4,14
536,S000537,U001747,2025-01-07 11:44:06,2025-01-07,Organic Search,Mobile,West,35-44,50K-100K,Personal Loan,1,9,547,Product Page Viewed,1,0,0,0,0,Product Page Viewed,Unclear product value,101800,1,2
537,S000538,U001246,2025-05-08 20:56:23,2025-05-08,Paid Ads,Tablet,Central,35-44,25K-50K,Credit Card,0,10,50,CTA Clicked,1,1,1,0,0,CTA Clicked,Technical issue,37715,5,19
538,S000539,U000578,2025-04-10 21:36:55,2025-04-10,Direct,Mobile,North,25-34,25K-50K,Personal Loan,0,1,379,CTA Clicked,1,1,1,0,0,CTA Clicked,Privacy concern,120530,4,15
539,S000540,U001030,2025-05-22 06:36:51,2025-05-22,Social Media,Desktop,Central,45-54,50K-100K,Personal Loan,0,11,598,Lead Form Submitted,1,1,1,1,1,,,0,5,21
540,S000541,U001297,2025-02-08 01:40:02,2025-02-08,Referral,Desktop,West,45-54,50K-100K,Personal Loan,1,4,1119,Lead Form Submitted,1,1,1,1,1,,,0,2,6
541,S000542,U001196,2025-05-28 00:39:05,2025-05-28,Paid Ads,Desktop,East,25-34,25K-50K,Personal Loan,0,7,987,Product Page Viewed,1,0,0,0,0,Product Page Viewed,High interest-rate concern,110556,5,22
542,S000543,U001433,2025-04-14 17:31:37,2025-04-14,Referral,Mobile,East,25-34,100K+,Savings Account,0,9,605,Calculator Used,1,1,0,0,0,Calculator Used,Technical issue,20454,4,16
543,S000544,U001218,2025-02-13 23:02:25,2025-02-13,Email,Mobile,Central,25-34,50K-100K,Insurance Plan,0,3,785,Product Page Viewed,1,0,0,0,0,Product Page Viewed,High interest-rate concern,7473,2,7
544,S000545,U001620,2025-04-23 18:00:25,2025-04-23,Organic Search,Mobile,Central,35-44,Below 25K,Personal Loan,0,4,563,Lead Form Submitted,1,1,1,1,1,,,0,4,17
545,S000546,U001460,2025-03-26 01:10:48,2025-03-26,Direct,Mobile,South,25-34,100K+,Credit Card,0,11,1190,Lead Form Submitted,1,1,1,1,1,,,0,3,13
546,S000547,U000750,2025-05-02 09:59:57,2025-05-02,Organic Search,Desktop,Central,35-44,50K-100K,Credit Card,1,1,553,Calculator Used,1,1,0,0,0,Calculator Used,Required information unavailable,34214,5,18
547,S000548,U000769,2025-05-16 11:25:52,2025-05-16,Direct,Mobile,East,35-44,Below 25K,Personal Loan,0,8,347,Product Page Viewed,1,0,0,0,0,Product Page Viewed,Unclear product value,97875,5,20
548,S000549,U000059,2025-05-20 20:14:17,2025-05-20,Direct,Mobile,South,55+,25K-50K,Savings Account,1,6,144,Product Page Viewed,1,0,0,0,0,Product Page Viewed,Comparing alternatives,22193,5,21
549,S000550,U001765,2025-03-01 01:47:39,2025-03-01,Referral,Mobile,West,45-54,50K-100K,Insurance Plan,0,5,1116,Product Page Viewed,1,0,0,0,0,Product Page Viewed,Unclear product value,6580,3,9
550,S000551,U001366,2025-01-20 18:54:21,2025-01-20,Social Media,Mobile,East,25-34,25K-50K,Personal Loan,0,6,573,Product Page Viewed,1,0,0,0,0,Product Page Viewed,Comparing alternatives,140016,1,4
551,S000552,U000642,2025-05-29 04:40:09,2025-05-29,Direct,Desktop,South,55+,Below 25K,Credit Card,0,3,274,Product Page Viewed,1,0,0,0,0,Product Page Viewed,Technical issue,37344,5,22
552,S000553,U000129,2025-05-11 18:09:52,2025-05-11,Social Media,Desktop,West,45-54,Below 25K,Personal Loan,0,12,1113,Website Visit,0,0,0,0,0,Website Visit,Immediate bounce,149381,5,19
553,S000554,U000205,2025-01-13 13:27:10,2025-01-13,Paid Ads,Mobile,South,35-44,Below 25K,Insurance Plan,1,7,480,Product Page Viewed,1,0,0,0,0,Product Page Viewed,Technical issue,5816,1,3
554,S000555,U001687,2025-04-13 10:19:53,2025-04-13,Direct,Desktop,Central,35-44,25K-50K,Personal Loan,0,1,139,Calculator Used,1,1,0,0,0,Calculator Used,Required information unavailable,139889,4,15
555,S000556,U000254,2025-05-14 03:26:11,2025-05-14,Organic Search,Desktop,East,35-44,Below 25K,Credit Card,1,4,1052,Lead Form Started,1,1,1,1,0,Lead Form Started,Session timeout,36249,5,20
556,S000557,U000003,2025-04-15 15:30:07,2025-04-15,Organic Search,Mobile,West,35-44,50K-100K,Personal Loan,0,4,375,Calculator Used,1,1,0,0,0,Calculator Used,Technical issue,134961,4,16
557,S000558,U000339,2025-02-25 18:43:24,2025-02-25,Direct,Desktop,North,25-34,50K-100K,Personal Loan,0,12,51,Product Page Viewed,1,0,0,0,0,Product Page Viewed,Technical issue,150962,2,9
558,S000559,U000169,2025-01-18 16:43:57,2025-01-18,Social Media,Mobile,North,25-34,25K-50K,Insurance Plan,1,11,565,Product Page Viewed,1,0,0,0,0,Product Page Viewed,Technical issue,9597,1,3
559,S000560,U000488,2025-02-13 23:27:33,2025-02-13,Direct,Desktop,East,45-54,50K-100K,Personal Loan,0,1,1051,Product Page Viewed,1,0,0,0,0,Product Page Viewed,Technical issue,108928,2,7
560,S000561,U001419,2025-02-24 14:39:06,2025-02-24,Direct,Mobile,West,25-34,25K-50K,Credit Card,1,8,1155,Product Page Viewed,1,0,0,0,0,Product Page Viewed,High interest-rate concern,17114,2,9
561,S000562,U000958,2025-01-07 08:10:54,2025-01-07,Organic Search,Desktop,West,25-34,50K-100K,Personal Loan,0,7,334,Product Page Viewed,1,0,0,0,0,Product Page Viewed,High interest-rate concern,90662,1,2
562,S000563,U001509,2025-02-19 12:25:33,2025-02-19,Organic Search,Mobile,Central,25-34,50K-100K,Savings Account,0,2,658,CTA Clicked,1,1,1,0,0,CTA Clicked,Not ready to apply,17926,2,8
563,S000564,U000134,2025-01-25 14:12:28,2025-01-25,Organic Search,Desktop,Central,18-24,25K-50K,Insurance Plan,1,3,469,Lead Form Submitted,1,1,1,1,1,,,0,1,4
564,S000565,U000314,2025-01-04 18:58:14,2025-01-04,Paid Ads,Tablet,East,25-34,50K-100K,Savings Account,0,1,666,Website Visit,0,0,0,0,0,Website Visit,Landing page mismatch,15776,1,1
565,S000566,U000267,2025-06-22 18:19:01,2025-06-22,Paid Ads,Tablet,Central,18-24,Below 25K,Credit Card,1,11,739,Website Visit,0,0,0,0,0,Website Visit,Immediate bounce,20865,6,25
566,S000567,U001861,2025-04-15 20:40:06,2025-04-15,Direct,Mobile,West,35-44,25K-50K,Personal Loan,1,8,36,Product Page Viewed,1,0,0,0,0,Product Page Viewed,Technical issue,76611,4,16
567,S000568,U001832,2025-06-01 15:03:38,2025-06-01,Organic Search,Mobile,North,35-44,Below 25K,Credit Card,0,2,326,Product Page Viewed,1,0,0,0,0,Product Page Viewed,Technical issue,36971,6,22
568,S000569,U000591,2025-02-12 05:48:26,2025-02-12,Organic Search,Tablet,Central,35-44,50K-100K,Credit Card,0,9,361,Product Page Viewed,1,0,0,0,0,Product Page Viewed,Comparing alternatives,31322,2,7
569,S000570,U000207,2025-04-27 03:30:23,2025-04-27,Organic Search,Mobile,West,35-44,50K-100K,Credit Card,1,7,83,Product Page Viewed,1,0,0,0,0,Product Page Viewed,High interest-rate concern,31399,4,17
570,S000571,U001326,2025-01-22 00:32:32,2025-01-22,Paid Ads,Desktop,North,25-34,50K-100K,Credit Card,1,8,737,CTA Clicked,1,1,1,0,0,CTA Clicked,Form looked too long,36889,1,4
571,S000572,U001056,2025-06-10 18:33:37,2025-06-10,Organic Search,Desktop,North,35-44,25K-50K,Insurance Plan,0,3,230,Product Page Viewed,1,0,0,0,0,Product Page Viewed,Unclear product value,6787,6,24
572,S000573,U001656,2025-02-02 13:40:23,2025-02-02,Direct,Mobile,Central,55+,50K-100K,Credit Card,0,12,521,Lead Form Submitted,1,1,1,1,1,,,0,2,5
573,S000574,U001480,2025-05-12 09:23:04,2025-05-12,Referral,Desktop,West,25-34,100K+,Personal Loan,0,12,1179,Lead Form Submitted,1,1,1,1,1,,,0,5,20
574,S000575,U001269,2025-04-20 19:00:14,2025-04-20,Referral,Mobile,Central,45-54,25K-50K,Personal Loan,0,4,49,Calculator Used,1,1,0,0,0,Calculator Used,Comparing alternatives,129668,4,16
575,S000576,U000877,2025-05-28 01:52:16,2025-05-28,Organic Search,Tablet,South,45-54,25K-50K,Credit Card,0,6,642,Product Page Viewed,1,0,0,0,0,Product Page Viewed,Unclear product value,22652,5,22
576,S000577,U001933,2025-04-01 22:16:10,2025-04-01,Direct,Mobile,North,35-44,25K-50K,Credit Card,0,7,694,Product Page Viewed,1,0,0,0,0,Product Page Viewed,High interest-rate concern,37114,4,14
577,S000578,U000993,2025-01-18 00:11:16,2025-01-18,Paid Ads,Mobile,West,35-44,25K-50K,Personal Loan,0,2,306,Lead Form Started,1,1,1,1,0,Lead Form Started,Document requirement concern,90698,1,3
578,S000579,U000847,2025-05-16 14:06:35,2025-05-16,Email,Desktop,West,45-54,50K-100K,Credit Card,1,12,787,Calculator Used,1,1,0,0,0,Calculator Used,Required information unavailable,40207,5,20
579,S000580,U000097,2025-03-08 07:23:27,2025-03-08,Email,Mobile,South,55+,25K-50K,Credit Card,0,8,963,Lead Form Submitted,1,1,1,1,1,,,0,3,10
580,S000581,U000579,2025-04-02 11:01:06,2025-04-02,Direct,Desktop,West,35-44,100K+,Savings Account,0,5,748,Website Visit,0,0,0,0,0,Website Visit,Immediate bounce,14778,4,14
581,S000582,U001958,2025-05-15 01:17:31,2025-05-15,Organic Search,Mobile,Central,35-44,25K-50K,Personal Loan,0,7,84,Product Page Viewed,1,0,0,0,0,Product Page Viewed,Comparing alternatives,136693,5,20
582,S000583,U001443,2025-03-07 13:04:13,2025-03-07,Email,Mobile,North,35-44,50K-100K,Savings Account,1,10,627,Lead Form Submitted,1,1,1,1,1,,,0,3,10
583,S000584,U001805,2025-04-22 05:40:59,2025-04-22,Organic Search,Mobile,North,35-44,Below 25K,Personal Loan,0,12,83,Calculator Used,1,1,0,0,0,Calculator Used,Required information unavailable,148981,4,17
584,S000585,U001380,2025-02-06 01:21:34,2025-02-06,Paid Ads,Desktop,South,35-44,Below 25K,Credit Card,0,5,221,CTA Clicked,1,1,1,0,0,CTA Clicked,Technical issue,28961,2,6
585,S000586,U000363,2025-03-11 11:12:20,2025-03-11,Social Media,Mobile,East,45-54,25K-50K,Credit Card,0,1,1146,Lead Form Started,1,1,1,1,0,Lead Form Started,Session timeout,39636,3,11
586,S000587,U001818,2025-02-03 23:54:09,2025-02-03,Organic Search,Mobile,West,25-34,Below 25K,Credit Card,1,8,502,Lead Form Started,1,1,1,1,0,Lead Form Started,Session timeout,30912,2,6
587,S000588,U000214,2025-01-28 14:00:58,2025-01-28,Organic Search,Desktop,North,18-24,50K-100K,Credit Card,1,7,122,Product Page Viewed,1,0,0,0,0,Product Page Viewed,Technical issue,24602,1,5
588,S000589,U001656,2025-05-02 20:41:13,2025-05-02,Organic Search,Mobile,South,35-44,25K-50K,Personal Loan,1,8,1042,Product Page Viewed,1,0,0,0,0,Product Page Viewed,Technical issue,64047,5,18
589,S000590,U001339,2025-06-11 08:14:32,2025-06-11,Email,Desktop,West,55+,25K-50K,Savings Account,1,7,720,Product Page Viewed,1,0,0,0,0,Product Page Viewed,Comparing alternatives,13134,6,24
590,S000591,U001718,2025-03-08 02:35:03,2025-03-08,Direct,Desktop,South,25-34,50K-100K,Personal Loan,0,5,143,Lead Form Submitted,1,1,1,1,1,,,0,3,10
591,S000592,U001329,2025-05-06 00:48:20,2025-05-06,Email,Mobile,North,35-44,25K-50K,Savings Account,0,2,360,Calculator Used,1,1,0,0,0,Calculator Used,Technical issue,19562,5,19
592,S000593,U001146,2025-03-14 07:24:29,2025-03-14,Organic Search,Desktop,South,35-44,Below 25K,Credit Card,0,5,980,Product Page Viewed,1,0,0,0,0,Product Page Viewed,Unclear product value,24054,3,11
593,S000594,U000484,2025-03-24 18:39:46,2025-03-24,Organic Search,Tablet,North,25-34,50K-100K,Personal Loan,1,6,242,Calculator Used,1,1,0,0,0,Calculator Used,Comparing alternatives,73961,3,13
594,S000595,U000698,2025-06-01 01:33:12,2025-06-01,Organic Search,Mobile,North,35-44,50K-100K,Insurance Plan,0,2,747,Lead Form Submitted,1,1,1,1,1,,,0,6,22
595,S000596,U000773,2025-03-06 23:03:55,2025-03-06,Paid Ads,Mobile,South,35-44,50K-100K,Credit Card,1,6,571,CTA Clicked,1,1,1,0,0,CTA Clicked,Form looked too long,23642,3,10
596,S000597,U001018,2025-01-04 01:03:15,2025-01-04,Organic Search,Tablet,North,45-54,25K-50K,Credit Card,0,9,216,Calculator Used,1,1,0,0,0,Calculator Used,Calculator result not attractive,19757,1,1
597,S000598,U001758,2025-02-07 15:36:39,2025-02-07,Direct,Desktop,West,55+,100K+,Personal Loan,0,12,753,Lead Form Submitted,1,1,1,1,1,,,0,2,6
598,S000599,U000943,2025-05-09 15:16:17,2025-05-09,Paid Ads,Tablet,West,18-24,50K-100K,Personal Loan,0,10,1010,CTA Clicked,1,1,1,0,0,CTA Clicked,Technical issue,110923,5,19
599,S000600,U000908,2025-01-13 06:46:23,2025-01-13,Social Media,Mobile,Central,18-24,25K-50K,Personal Loan,0,7,528,Calculator Used,1,1,0,0,0,Calculator Used,Required information unavailable,134090,1,3
600,S000601,U000755,2025-04-03 23:33:35,2025-04-03,Organic Search,Tablet,West,35-44,50K-100K,Savings Account,1,3,215,Lead Form Started,1,1,1,1,0,Lead Form Started,Document requirement concern,17830,4,14
601,S000602,U001917,2025-01-26 09:25:25,2025-01-26,Social Media,Desktop,Central,35-44,25K-50K,Savings Account,0,3,219,Lead Form Submitted,1,1,1,1,1,,,0,1,4
602,S000603,U000001,2025-03-20 15:33:51,2025-03-20,Direct,Mobile,South,25-34,Below 25K,Personal Loan,1,12,462,Calculator Used,1,1,0,0,0,Calculator Used,Calculator result not attractive,150073,3,12
603,S000604,U000981,2025-03-29 15:18:01,2025-03-29,Direct,Mobile,West,25-34,Below 25K,Savings Account,1,11,468,CTA Clicked,1,1,1,0,0,CTA Clicked,Technical issue,9521,3,13
604,S000605,U001352,2025-01-03 11:25:35,2025-01-03,Email,Mobile,South,25-34,25K-50K,Credit Card,0,6,392,Lead Form Submitted,1,1,1,1,1,,,0,1,1
605,S000606,U001812,2025-03-25 19:50:00,2025-03-25,Email,Mobile,East,45-54,25K-50K,Personal Loan,1,9,829,Product Page Viewed,1,0,0,0,0,Product Page Viewed,High interest-rate concern,84055,3,13
606,S000607,U000563,2025-01-09 08:59:58,2025-01-09,Organic Search,Mobile,South,25-34,100K+,Personal Loan,1,1,748,Calculator Used,1,1,0,0,0,Calculator Used,Required information unavailable,125257,1,2
607,S000608,U001560,2025-04-28 21:31:00,2025-04-28,Paid Ads,Mobile,West,35-44,25K-50K,Credit Card,1,10,81,Lead Form Started,1,1,1,1,0,Lead Form Started,Document requirement concern,29663,4,18
608,S000609,U000532,2025-01-11 01:04:34,2025-01-11,Email,Desktop,West,35-44,50K-100K,Savings Account,0,9,735,Lead Form Submitted,1,1,1,1,1,,,0,1,2
609,S000610,U001365,2025-02-14 14:55:17,2025-02-14,Organic Search,Mobile,South,18-24,25K-50K,Personal Loan,0,10,256,Lead Form Started,1,1,1,1,0,Lead Form Started,Document requirement concern,141230,2,7
610,S000611,U001795,2025-02-26 09:58:55,2025-02-26,Paid Ads,Desktop,South,45-54,50K-100K,Credit Card,0,9,152,Lead Form Submitted,1,1,1,1,1,,,0,2,9
611,S000612,U001435,2025-05-06 05:41:22,2025-05-06,Direct,Mobile,North,45-54,25K-50K,Personal Loan,1,11,1000,Product Page Viewed,1,0,0,0,0,Product Page Viewed,Technical issue,81328,5,19
612,S000613,U001780,2025-02-04 21:24:04,2025-02-04,Direct,Mobile,South,45-54,25K-50K,Savings Account,1,6,804,CTA Clicked,1,1,1,0,0,CTA Clicked,Form looked too long,17150,2,6
613,S000614,U000711,2025-06-06 10:32:23,2025-06-06,Direct,Mobile,West,18-24,25K-50K,Personal Loan,0,8,651,Product Page Viewed,1,0,0,0,0,Product Page Viewed,Technical issue,104321,6,23
614,S000615,U001614,2025-05-18 12:37:25,2025-05-18,Organic Search,Desktop,North,25-34,25K-50K,Personal Loan,0,3,1068,Product Page Viewed,1,0,0,0,0,Product Page Viewed,Comparing alternatives,122813,5,20
615,S000616,U001335,2025-06-17 00:54:59,2025-06-17,Referral,Desktop,Central,55+,25K-50K,Personal Loan,0,4,570,Calculator Used,1,1,0,0,0,Calculator Used,Comparing alternatives,118457,6,25
616,S000617,U000463,2025-03-26 13:02:55,2025-03-26,Direct,Desktop,West,45-54,50K-100K,Savings Account,1,9,939,Calculator Used,1,1,0,0,0,Calculator Used,Comparing alternatives,22326,3,13
617,S000618,U001607,2025-01-04 13:11:01,2025-01-04,Organic Search,Desktop,West,25-34,25K-50K,Credit Card,1,2,558,Calculator Used,1,1,0,0,0,Calculator Used,Comparing alternatives,31475,1,1
618,S000619,U001423,2025-01-26 22:24:59,2025-01-26,Referral,Tablet,East,35-44,25K-50K,Credit Card,1,3,514,Product Page Viewed,1,0,0,0,0,Product Page Viewed,High interest-rate concern,30222,1,4
619,S000620,U000420,2025-01-24 04:49:23,2025-01-24,Email,Desktop,West,35-44,Below 25K,Personal Loan,1,9,629,Product Page Viewed,1,0,0,0,0,Product Page Viewed,High interest-rate concern,79979,1,4
620,S000621,U001322,2025-02-03 01:12:23,2025-02-03,Paid Ads,Desktop,East,45-54,25K-50K,Personal Loan,0,6,368,Lead Form Started,1,1,1,1,0,Lead Form Started,Too many required fields,85853,2,6
621,S000622,U001895,2025-03-17 01:19:05,2025-03-17,Paid Ads,Tablet,West,18-24,50K-100K,Credit Card,1,4,285,Product Page Viewed,1,0,0,0,0,Product Page Viewed,Unclear product value,24958,3,12
622,S000623,U001560,2025-06-02 12:39:00,2025-06-02,Organic Search,Mobile,West,35-44,Below 25K,Insurance Plan,0,9,312,Product Page Viewed,1,0,0,0,0,Product Page Viewed,Technical issue,7983,6,23
623,S000624,U000025,2025-05-19 16:03:05,2025-05-19,Paid Ads,Mobile,East,25-34,100K+,Credit Card,0,11,325,Product Page Viewed,1,0,0,0,0,Product Page Viewed,Unclear product value,17467,5,21
624,S000625,U001986,2025-02-13 15:16:22,2025-02-13,Paid Ads,Mobile,Central,45-54,100K+,Credit Card,0,3,840,Product Page Viewed,1,0,0,0,0,Product Page Viewed,Technical issue,34933,2,7
625,S000626,U001032,2025-05-17 08:18:57,2025-05-17,Organic Search,Mobile,West,45-54,Below 25K,Credit Card,0,8,593,Calculator Used,1,1,0,0,0,Calculator Used,Technical issue,38185,5,20
626,S000627,U000338,2025-01-04 17:32:17,2025-01-04,Email,Mobile,Central,18-24,25K-50K,Savings Account,0,6,1132,Product Page Viewed,1,0,0,0,0,Product Page Viewed,Unclear product value,19413,1,1
627,S000628,U001037,2025-03-14 22:57:52,2025-03-14,Social Media,Mobile,North,25-34,50K-100K,Savings Account,0,1,482,Product Page Viewed,1,0,0,0,0,Product Page Viewed,Unclear product value,19326,3,11
628,S000629,U001159,2025-06-15 04:54:10,2025-06-15,Organic Search,Desktop,Central,35-44,50K-100K,Personal Loan,1,5,818,Calculator Used,1,1,0,0,0,Calculator Used,Comparing alternatives,119324,6,24
629,S000630,U001249,2025-03-18 09:24:33,2025-03-18,Email,Desktop,West,25-34,Below 25K,Credit Card,0,5,1050,Lead Form Submitted,1,1,1,1,1,,,0,3,12
630,S000631,U001917,2025-04-14 14:33:33,2025-04-14,Email,Desktop,East,25-34,25K-50K,Savings Account,0,1,103,Product Page Viewed,1,0,0,0,0,Product Page Viewed,Unclear product value,14687,4,16
631,S000632,U000238,2025-03-31 08:57:38,2025-03-31,Social Media,Tablet,West,25-34,100K+,Personal Loan,1,7,707,Calculator Used,1,1,0,0,0,Calculator Used,Technical issue,106630,3,14
632,S000633,U001815,2025-04-06 13:52:28,2025-04-06,Direct,Desktop,South,45-54,50K-100K,Personal Loan,1,12,368,Website Visit,0,0,0,0,0,Website Visit,Immediate bounce,117230,4,14
633,S000634,U001785,2025-06-12 07:25:31,2025-06-12,Referral,Desktop,West,35-44,25K-50K,Insurance Plan,0,7,983,Calculator Used,1,1,0,0,0,Calculator Used,Comparing alternatives,6415,6,24
634,S000635,U000536,2025-06-05 16:44:55,2025-06-05,Referral,Mobile,East,35-44,100K+,Personal Loan,0,6,279,Lead Form Submitted,1,1,1,1,1,,,0,6,23
635,S000636,U000586,2025-01-14 18:10:08,2025-01-14,Social Media,Mobile,East,18-24,25K-50K,Savings Account,0,6,1000,Product Page Viewed,1,0,0,0,0,Product Page Viewed,Comparing alternatives,15356,1,3
636,S000637,U000591,2025-06-27 17:36:24,2025-06-27,Direct,Mobile,South,18-24,25K-50K,Savings Account,0,11,485,Product Page Viewed,1,0,0,0,0,Product Page Viewed,Technical issue,11242,6,26
637,S000638,U001123,2025-04-15 23:32:10,2025-04-15,Direct,Desktop,West,25-34,25K-50K,Savings Account,1,5,744,Calculator Used,1,1,0,0,0,Calculator Used,Calculator result not attractive,12591,4,16
638,S000639,U000070,2025-06-09 04:04:01,2025-06-09,Social Media,Tablet,West,45-54,100K+,Credit Card,0,7,56,Product Page Viewed,1,0,0,0,0,Product Page Viewed,Technical issue,33604,6,24
639,S000640,U001330,2025-03-10 15:07:11,2025-03-10,Email,Mobile,West,35-44,25K-50K,Savings Account,0,12,936,Lead Form Submitted,1,1,1,1,1,,,0,3,11
640,S000641,U001105,2025-06-01 17:16:58,2025-06-01,Social Media,Desktop,North,25-34,50K-100K,Savings Account,0,6,150,Calculator Used,1,1,0,0,0,Calculator Used,Required information unavailable,12906,6,22
641,S000642,U001737,2025-04-16 17:28:05,2025-04-16,Paid Ads,Desktop,East,35-44,25K-50K,Savings Account,0,2,723,Product Page Viewed,1,0,0,0,0,Product Page Viewed,High interest-rate concern,9165,4,16
642,S000643,U000351,2025-01-02 22:30:19,2025-01-02,Email,Mobile,Central,35-44,25K-50K,Personal Loan,0,4,1130,Lead Form Submitted,1,1,1,1,1,,,0,1,1
643,S000644,U000582,2025-03-03 07:02:05,2025-03-03,Organic Search,Tablet,South,25-34,50K-100K,Credit Card,1,8,99,Product Page Viewed,1,0,0,0,0,Product Page Viewed,Technical issue,20282,3,10
644,S000645,U001171,2025-03-19 17:54:02,2025-03-19,Direct,Desktop,East,25-34,50K-100K,Credit Card,1,4,179,Lead Form Started,1,1,1,1,0,Lead Form Started,Document requirement concern,18769,3,12
645,S000646,U000840,2025-04-25 03:02:44,2025-04-25,Email,Mobile,Central,18-24,50K-100K,Savings Account,0,3,293,Product Page Viewed,1,0,0,0,0,Product Page Viewed,High interest-rate concern,17423,4,17
646,S000647,U001372,2025-05-28 16:11:42,2025-05-28,Direct,Mobile,West,25-34,50K-100K,Personal Loan,1,3,54,Product Page Viewed,1,0,0,0,0,Product Page Viewed,Comparing alternatives,88882,5,22
647,S000648,U001242,2025-06-29 05:39:45,2025-06-29,Organic Search,Mobile,South,18-24,50K-100K,Savings Account,0,7,863,CTA Clicked,1,1,1,0,0,CTA Clicked,Technical issue,9580,6,26
648,S000649,U000484,2025-05-14 20:52:53,2025-05-14,Direct,Desktop,Central,45-54,Below 25K,Personal Loan,1,12,206,Lead Form Submitted,1,1,1,1,1,,,0,5,20
649,S000650,U001619,2025-06-20 22:17:58,2025-06-20,Referral,Desktop,West,55+,100K+,Savings Account,0,8,746,Lead Form Submitted,1,1,1,1,1,,,0,6,25
650,S000651,U000365,2025-03-10 13:23:15,2025-03-10,Social Media,Desktop,South,45-54,50K-100K,Personal Loan,0,11,476,Product Page Viewed,1,0,0,0,0,Product Page Viewed,Unclear product value,154994,3,11
651,S000652,U001947,2025-03-27 12:47:53,2025-03-27,Social Media,Tablet,Central,35-44,25K-50K,Savings Account,0,6,1186,Product Page Viewed,1,0,0,0,0,Product Page Viewed,Technical issue,16382,3,13
652,S000653,U000984,2025-03-07 23:42:12,2025-03-07,Organic Search,Mobile,Central,35-44,Below 25K,Savings Account,0,7,1134,CTA Clicked,1,1,1,0,0,CTA Clicked,Technical issue,17110,3,10
653,S000654,U001414,2025-03-23 22:36:15,2025-03-23,Direct,Mobile,South,25-34,Below 25K,Personal Loan,0,3,1077,Product Page Viewed,1,0,0,0,0,Product Page Viewed,Unclear product value,133791,3,12
654,S000655,U001122,2025-04-06 04:20:22,2025-04-06,Email,Desktop,South,35-44,100K+,Savings Account,0,7,63,Product Page Viewed,1,0,0,0,0,Product Page Viewed,Comparing alternatives,13408,4,14
655,S000656,U000075,2025-06-09 14:43:17,2025-06-09,Email,Desktop,South,35-44,25K-50K,Insurance Plan,0,7,273,Calculator Used,1,1,0,0,0,Calculator Used,Calculator result not attractive,5800,6,24
656,S000657,U001044,2025-01-04 23:02:24,2025-01-04,Direct,Tablet,South,55+,25K-50K,Personal Loan,0,10,319,CTA Clicked,1,1,1,0,0,CTA Clicked,Technical issue,95503,1,1
657,S000658,U000571,2025-06-13 14:39:46,2025-06-13,Email,Desktop,East,25-34,Below 25K,Credit Card,0,3,1049,Calculator Used,1,1,0,0,0,Calculator Used,Comparing alternatives,17769,6,24
658,S000659,U000829,2025-02-17 13:50:31,2025-02-17,Organic Search,Mobile,South,45-54,25K-50K,Personal Loan,0,8,473,Website Visit,0,0,0,0,0,Website Visit,Landing page mismatch,71204,2,8
659,S000660,U000631,2025-06-01 12:28:51,2025-06-01,Organic Search,Desktop,West,25-34,50K-100K,Savings Account,0,11,1199,Product Page Viewed,1,0,0,0,0,Product Page Viewed,Technical issue,18074,6,22
660,S000661,U001920,2025-03-09 11:29:31,2025-03-09,Email,Mobile,West,25-34,50K-100K,Personal Loan,1,1,1067,Product Page Viewed,1,0,0,0,0,Product Page Viewed,Comparing alternatives,105435,3,10
661,S000662,U000724,2025-01-18 09:15:13,2025-01-18,Direct,Mobile,East,35-44,Below 25K,Savings Account,0,1,540,Product Page Viewed,1,0,0,0,0,Product Page Viewed,Unclear product value,13084,1,3
662,S000663,U000305,2025-03-05 00:07:11,2025-03-05,Organic Search,Desktop,South,25-34,100K+,Personal Loan,0,3,286,Product Page Viewed,1,0,0,0,0,Product Page Viewed,Technical issue,91952,3,10
663,S000664,U001434,2025-01-17 00:36:58,2025-01-17,Organic Search,Desktop,North,18-24,50K-100K,Personal Loan,1,5,188,Product Page Viewed,1,0,0,0,0,Product Page Viewed,Unclear product value,81297,1,3
664,S000665,U000626,2025-02-17 18:19:36,2025-02-17,Referral,Mobile,Central,35-44,Below 25K,Savings Account,0,3,181,Calculator Used,1,1,0,0,0,Calculator Used,Comparing alternatives,16731,2,8
665,S000666,U001591,2025-03-18 19:56:23,2025-03-18,Social Media,Desktop,South,35-44,100K+,Personal Loan,1,9,394,Website Visit,0,0,0,0,0,Website Visit,Landing page mismatch,74611,3,12
666,S000667,U001558,2025-04-29 07:26:21,2025-04-29,Direct,Desktop,North,25-34,Below 25K,Personal Loan,0,8,273,Lead Form Submitted,1,1,1,1,1,,,0,4,18
667,S000668,U001944,2025-01-24 06:01:05,2025-01-24,Email,Mobile,North,18-24,100K+,Personal Loan,0,8,566,Lead Form Submitted,1,1,1,1,1,,,0,1,4
668,S000669,U000209,2025-02-22 20:00:32,2025-02-22,Referral,Desktop,North,18-24,50K-100K,Insurance Plan,0,9,234,Product Page Viewed,1,0,0,0,0,Product Page Viewed,Comparing alternatives,4718,2,8
669,S000670,U001001,2025-03-05 15:28:55,2025-03-05,Email,Mobile,South,25-34,25K-50K,Credit Card,0,2,940,Lead Form Submitted,1,1,1,1,1,,,0,3,10
670,S000671,U000539,2025-05-10 13:27:18,2025-05-10,Email,Mobile,South,25-34,50K-100K,Personal Loan,0,3,73,CTA Clicked,1,1,1,0,0,CTA Clicked,Privacy concern,97948,5,19
671,S000672,U001043,2025-01-23 05:33:34,2025-01-23,Paid Ads,Mobile,West,18-24,100K+,Credit Card,0,5,431,Website Visit,0,0,0,0,0,Website Visit,Not ready to explore,19797,1,4
672,S000673,U001327,2025-04-10 23:37:36,2025-04-10,Email,Desktop,Central,35-44,25K-50K,Savings Account,0,6,672,Product Page Viewed,1,0,0,0,0,Product Page Viewed,Technical issue,8898,4,15
673,S000674,U000455,2025-06-24 09:41:22,2025-06-24,Direct,Mobile,North,25-34,25K-50K,Personal Loan,1,3,836,Lead Form Started,1,1,1,1,0,Lead Form Started,Session timeout,96731,6,26
674,S000675,U000089,2025-03-14 19:55:10,2025-03-14,Social Media,Desktop,Central,25-34,Below 25K,Credit Card,1,2,304,Product Page Viewed,1,0,0,0,0,Product Page Viewed,Unclear product value,20593,3,11
675,S000676,U000543,2025-05-06 19:51:37,2025-05-06,Referral,Mobile,East,18-24,25K-50K,Insurance Plan,1,7,512,CTA Clicked,1,1,1,0,0,CTA Clicked,Form looked too long,4907,5,19
676,S000677,U000921,2025-04-22 21:10:57,2025-04-22,Paid Ads,Desktop,Central,45-54,50K-100K,Personal Loan,0,3,217,Calculator Used,1,1,0,0,0,Calculator Used,Calculator result not attractive,92775,4,17
677,S000678,U001194,2025-01-11 06:53:57,2025-01-11,Direct,Mobile,East,25-34,25K-50K,Credit Card,1,9,852,Lead Form Started,1,1,1,1,0,Lead Form Started,Technical issue,37309,1,2
678,S000679,U001677,2025-02-19 17:11:32,2025-02-19,Organic Search,Tablet,West,25-34,Below 25K,Credit Card,0,12,508,Lead Form Submitted,1,1,1,1,1,,,0,2,8
679,S000680,U001111,2025-01-18 22:43:52,2025-01-18,Referral,Desktop,East,55+,50K-100K,Savings Account,1,7,787,Lead Form Submitted,1,1,1,1,1,,,0,1,3
680,S000681,U000265,2025-02-01 00:50:31,2025-02-01,Referral,Desktop,East,25-34,25K-50K,Credit Card,0,11,1022,Lead Form Submitted,1,1,1,1,1,,,0,2,5
681,S000682,U000512,2025-03-19 16:33:49,2025-03-19,Direct,Desktop,Central,18-24,50K-100K,Credit Card,1,10,279,Product Page Viewed,1,0,0,0,0,Product Page Viewed,Technical issue,22921,3,12
682,S000683,U001364,2025-06-07 01:10:29,2025-06-07,Paid Ads,Mobile,West,25-34,25K-50K,Savings Account,1,9,28,CTA Clicked,1,1,1,0,0,CTA Clicked,Form looked too long,20376,6,23
683,S000684,U001248,2025-03-10 02:58:27,2025-03-10,Referral,Mobile,East,45-54,25K-50K,Insurance Plan,0,11,138,Lead Form Submitted,1,1,1,1,1,,,0,3,11
684,S000685,U001067,2025-03-22 09:27:11,2025-03-22,Direct,Mobile,East,45-54,25K-50K,Credit Card,0,6,19,CTA Clicked,1,1,1,0,0,CTA Clicked,Form looked too long,22321,3,12
685,S000686,U000993,2025-06-27 14:13:51,2025-06-27,Organic Search,Mobile,South,45-54,Below 25K,Personal Loan,0,6,41,Product Page Viewed,1,0,0,0,0,Product Page Viewed,Technical issue,67919,6,26
686,S000687,U000119,2025-05-24 17:27:17,2025-05-24,Organic Search,Mobile,East,45-54,50K-100K,Personal Loan,0,8,73,Product Page Viewed,1,0,0,0,0,Product Page Viewed,Comparing alternatives,90364,5,21
687,S000688,U000514,2025-04-28 09:12:28,2025-04-28,Email,Mobile,North,25-34,25K-50K,Savings Account,0,2,342,Product Page Viewed,1,0,0,0,0,Product Page Viewed,Comparing alternatives,10859,4,18
688,S000689,U000864,2025-05-12 10:56:36,2025-05-12,Referral,Mobile,East,55+,25K-50K,Savings Account,0,7,970,Lead Form Submitted,1,1,1,1,1,,,0,5,20
689,S000690,U000667,2025-06-06 09:11:09,2025-06-06,Email,Tablet,West,18-24,25K-50K,Personal Loan,0,3,295,Product Page Viewed,1,0,0,0,0,Product Page Viewed,High interest-rate concern,133668,6,23
690,S000691,U001533,2025-01-17 03:51:55,2025-01-17,Organic Search,Mobile,Central,18-24,50K-100K,Personal Loan,0,11,960,Lead Form Started,1,1,1,1,0,Lead Form Started,Too many required fields,147893,1,3
691,S000692,U000652,2025-01-27 21:16:15,2025-01-27,Organic Search,Desktop,South,35-44,50K-100K,Credit Card,0,4,532,Website Visit,0,0,0,0,0,Website Visit,Immediate bounce,21404,1,5
692,S000693,U001549,2025-01-26 00:45:19,2025-01-26,Direct,Desktop,West,55+,50K-100K,Insurance Plan,1,6,131,Product Page Viewed,1,0,0,0,0,Product Page Viewed,High interest-rate concern,6436,1,4
693,S000694,U001668,2025-04-15 10:07:35,2025-04-15,Direct,Mobile,East,35-44,25K-50K,Personal Loan,0,8,187,Website Visit,0,0,0,0,0,Website Visit,Immediate bounce,127885,4,16
694,S000695,U001442,2025-05-26 16:51:00,2025-05-26,Email,Mobile,West,35-44,25K-50K,Credit Card,0,6,21,Calculator Used,1,1,0,0,0,Calculator Used,Technical issue,26932,5,22
695,S000696,U001735,2025-06-05 23:05:45,2025-06-05,Email,Desktop,North,35-44,50K-100K,Personal Loan,1,1,900,Lead Form Started,1,1,1,1,0,Lead Form Started,Technical issue,144155,6,23
696,S000697,U000780,2025-04-25 18:45:16,2025-04-25,Organic Search,Mobile,North,35-44,Below 25K,Credit Card,0,10,787,Lead Form Started,1,1,1,1,0,Lead Form Started,Technical issue,23412,4,17
697,S000698,U001155,2025-04-06 23:36:07,2025-04-06,Organic Search,Mobile,East,18-24,Below 25K,Personal Loan,0,12,836,Calculator Used,1,1,0,0,0,Calculator Used,Comparing alternatives,145809,4,14
698,S000699,U001816,2025-01-02 19:44:39,2025-01-02,Email,Mobile,West,25-34,100K+,Credit Card,0,11,504,Lead Form Started,1,1,1,1,0,Lead Form Started,Too many required fields,18582,1,1
699,S000700,U001135,2025-03-17 16:03:04,2025-03-17,Referral,Tablet,South,35-44,25K-50K,Personal Loan,0,6,97,Product Page Viewed,1,0,0,0,0,Product Page Viewed,Comparing alternatives,85052,3,12
700,S000701,U001469,2025-03-09 04:51:05,2025-03-09,Paid Ads,Desktop,South,18-24,25K-50K,Personal Loan,0,7,46,Product Page Viewed,1,0,0,0,0,Product Page Viewed,Technical issue,63805,3,10
701,S000702,U001264,2025-04-25 07:44:14,2025-04-25,Email,Mobile,West,35-44,Below 25K,Credit Card,0,12,889,Lead Form Started,1,1,1,1,0,Lead Form Started,Technical issue,33142,4,17
702,S000703,U001348,2025-02-27 16:09:53,2025-02-27,Direct,Mobile,North,55+,25K-50K,Savings Account,0,2,1198,Product Page Viewed,1,0,0,0,0,Product Page Viewed,Technical issue,19574,2,9
703,S000704,U000097,2025-02-28 05:46:44,2025-02-28,Referral,Desktop,South,25-34,25K-50K,Credit Card,1,10,68,Lead Form Started,1,1,1,1,0,Lead Form Started,Too many required fields,28747,2,9
704,S000705,U001546,2025-01-03 14:28:54,2025-01-03,Email,Desktop,East,35-44,50K-100K,Credit Card,0,11,270,Lead Form Started,1,1,1,1,0,Lead Form Started,Too many required fields,21667,1,1
705,S000706,U000805,2025-04-09 09:09:22,2025-04-09,Direct,Tablet,Central,45-54,25K-50K,Savings Account,0,8,1001,Lead Form Started,1,1,1,1,0,Lead Form Started,Document requirement concern,18217,4,15
706,S000707,U001017,2025-03-09 21:22:20,2025-03-09,Organic Search,Mobile,West,45-54,50K-100K,Credit Card,0,10,918,Product Page Viewed,1,0,0,0,0,Product Page Viewed,High interest-rate concern,27791,3,10
707,S000708,U000307,2025-03-02 14:22:21,2025-03-02,Email,Mobile,North,25-34,25K-50K,Personal Loan,0,7,135,Lead Form Started,1,1,1,1,0,Lead Form Started,Too many required fields,143470,3,9
708,S000709,U001213,2025-02-28 21:26:46,2025-02-28,Email,Desktop,South,45-54,50K-100K,Insurance Plan,0,11,1181,Product Page Viewed,1,0,0,0,0,Product Page Viewed,Technical issue,6503,2,9
709,S000710,U001595,2025-03-12 10:59:33,2025-03-12,Referral,Desktop,West,25-34,50K-100K,Credit Card,0,9,471,Product Page Viewed,1,0,0,0,0,Product Page Viewed,Comparing alternatives,27010,3,11
710,S000711,U000480,2025-03-16 05:54:07,2025-03-16,Organic Search,Desktop,North,35-44,25K-50K,Credit Card,0,11,540,Product Page Viewed,1,0,0,0,0,Product Page Viewed,Unclear product value,34706,3,11
711,S000712,U000864,2025-02-07 01:04:38,2025-02-07,Organic Search,Desktop,South,18-24,50K-100K,Personal Loan,0,6,1050,Product Page Viewed,1,0,0,0,0,Product Page Viewed,Comparing alternatives,73281,2,6
712,S000713,U000481,2025-02-02 01:46:28,2025-02-02,Direct,Mobile,Central,25-34,25K-50K,Credit Card,1,6,226,CTA Clicked,1,1,1,0,0,CTA Clicked,Technical issue,22106,2,5
713,S000714,U001336,2025-03-07 04:02:30,2025-03-07,Email,Mobile,South,35-44,25K-50K,Savings Account,0,2,1071,Website Visit,0,0,0,0,0,Website Visit,Immediate bounce,19250,3,10
714,S000715,U000157,2025-03-24 16:02:23,2025-03-24,Organic Search,Desktop,North,18-24,100K+,Credit Card,0,12,628,Lead Form Submitted,1,1,1,1,1,,,0,3,13
715,S000716,U001495,2025-06-12 05:14:28,2025-06-12,Paid Ads,Mobile,North,45-54,Below 25K,Credit Card,0,6,982,Product Page Viewed,1,0,0,0,0,Product Page Viewed,Technical issue,35648,6,24
716,S000717,U001845,2025-02-27 01:16:43,2025-02-27,Organic Search,Desktop,West,35-44,50K-100K,Credit Card,0,8,181,Calculator Used,1,1,0,0,0,Calculator Used,Technical issue,25368,2,9
717,S000718,U001018,2025-01-11 02:47:45,2025-01-11,Referral,Desktop,West,25-34,Below 25K,Personal Loan,0,1,117,Product Page Viewed,1,0,0,0,0,Product Page Viewed,Unclear product value,161498,1,2
718,S000719,U001187,2025-03-19 06:33:00,2025-03-19,Organic Search,Mobile,Central,25-34,50K-100K,Insurance Plan,0,12,213,Lead Form Submitted,1,1,1,1,1,,,0,3,12
719,S000720,U000522,2025-03-12 08:27:11,2025-03-12,Paid Ads,Mobile,North,35-44,Below 25K,Insurance Plan,0,6,1070,Product Page Viewed,1,0,0,0,0,Product Page Viewed,High interest-rate concern,6212,3,11
720,S000721,U000035,2025-05-23 10:54:41,2025-05-23,Paid Ads,Desktop,North,25-34,25K-50K,Credit Card,0,9,99,Calculator Used,1,1,0,0,0,Calculator Used,Required information unavailable,36018,5,21
721,S000722,U000600,2025-01-27 15:55:58,2025-01-27,Organic Search,Desktop,East,25-34,50K-100K,Personal Loan,0,3,631,Product Page Viewed,1,0,0,0,0,Product Page Viewed,Comparing alternatives,147878,1,5
722,S000723,U000108,2025-01-28 22:43:07,2025-01-28,Organic Search,Mobile,West,35-44,Below 25K,Personal Loan,0,5,209,Product Page Viewed,1,0,0,0,0,Product Page Viewed,Technical issue,74876,1,5
723,S000724,U001961,2025-01-06 00:32:26,2025-01-06,Direct,Mobile,West,18-24,25K-50K,Personal Loan,0,8,342,Product Page Viewed,1,0,0,0,0,Product Page Viewed,Unclear product value,95925,1,2
724,S000725,U000814,2025-03-21 01:01:23,2025-03-21,Paid Ads,Mobile,South,55+,50K-100K,Savings Account,0,11,1188,Lead Form Started,1,1,1,1,0,Lead Form Started,Document requirement concern,10624,3,12
725,S000726,U000820,2025-02-14 06:47:16,2025-02-14,Organic Search,Mobile,East,45-54,50K-100K,Savings Account,0,2,598,Product Page Viewed,1,0,0,0,0,Product Page Viewed,Technical issue,10789,2,7
726,S000727,U001593,2025-03-23 01:19:43,2025-03-23,Referral,Desktop,East,25-34,25K-50K,Personal Loan,0,10,834,Lead Form Submitted,1,1,1,1,1,,,0,3,12
727,S000728,U001020,2025-03-07 21:01:09,2025-03-07,Direct,Mobile,Central,18-24,100K+,Personal Loan,0,5,825,Product Page Viewed,1,0,0,0,0,Product Page Viewed,Unclear product value,144435,3,10
728,S000729,U000550,2025-06-04 08:32:33,2025-06-04,Direct,Desktop,East,18-24,Below 25K,Credit Card,0,7,1138,Product Page Viewed,1,0,0,0,0,Product Page Viewed,Unclear product value,34642,6,23
729,S000730,U000835,2025-04-21 11:15:04,2025-04-21,Direct,Mobile,West,35-44,Below 25K,Personal Loan,1,1,184,Lead Form Started,1,1,1,1,0,Lead Form Started,Document requirement concern,156419,4,17
730,S000731,U001063,2025-06-09 15:45:32,2025-06-09,Organic Search,Tablet,Central,35-44,25K-50K,Personal Loan,0,2,929,Website Visit,0,0,0,0,0,Website Visit,Not ready to explore,127886,6,24
731,S000732,U001258,2025-03-16 18:20:16,2025-03-16,Social Media,Mobile,North,25-34,25K-50K,Personal Loan,0,8,547,CTA Clicked,1,1,1,0,0,CTA Clicked,Not ready to apply,153501,3,11
732,S000733,U000626,2025-02-03 00:15:41,2025-02-03,Referral,Mobile,Central,35-44,50K-100K,Credit Card,0,6,465,Lead Form Submitted,1,1,1,1,1,,,0,2,6
733,S000734,U001474,2025-04-11 15:42:06,2025-04-11,Direct,Desktop,South,35-44,Below 25K,Personal Loan,0,4,863,Calculator Used,1,1,0,0,0,Calculator Used,Comparing alternatives,142212,4,15
734,S000735,U001891,2025-01-28 10:44:33,2025-01-28,Social Media,Mobile,Central,35-44,50K-100K,Credit Card,1,2,788,Website Visit,0,0,0,0,0,Website Visit,Landing page mismatch,28901,1,5
735,S000736,U000013,2025-01-31 18:58:53,2025-01-31,Social Media,Desktop,Central,35-44,25K-50K,Personal Loan,0,8,908,Lead Form Submitted,1,1,1,1,1,,,0,1,5
736,S000737,U001087,2025-02-15 01:28:49,2025-02-15,Paid Ads,Desktop,South,25-34,25K-50K,Credit Card,0,10,885,CTA Clicked,1,1,1,0,0,CTA Clicked,Technical issue,17529,2,7
737,S000738,U000447,2025-04-09 08:59:29,2025-04-09,Organic Search,Desktop,West,35-44,25K-50K,Savings Account,0,11,876,Lead Form Started,1,1,1,1,0,Lead Form Started,Too many required fields,21331,4,15
738,S000739,U001260,2025-06-18 23:10:58,2025-06-18,Social Media,Mobile,West,25-34,25K-50K,Personal Loan,0,2,27,Calculator Used,1,1,0,0,0,Calculator Used,Comparing alternatives,88753,6,25
739,S000740,U001706,2025-01-19 02:42:56,2025-01-19,Social Media,Desktop,East,18-24,50K-100K,Personal Loan,0,10,1014,Lead Form Submitted,1,1,1,1,1,,,0,1,3
740,S000741,U001620,2025-06-07 10:47:19,2025-06-07,Paid Ads,Desktop,West,35-44,100K+,Savings Account,1,12,491,Calculator Used,1,1,0,0,0,Calculator Used,Technical issue,20341,6,23
741,S000742,U001557,2025-03-03 06:54:46,2025-03-03,Organic Search,Mobile,North,25-34,25K-50K,Savings Account,1,8,722,Product Page Viewed,1,0,0,0,0,Product Page Viewed,High interest-rate concern,17632,3,10
742,S000743,U001644,2025-01-16 18:13:21,2025-01-16,Direct,Desktop,North,45-54,25K-50K,Credit Card,1,10,1176,Product Page Viewed,1,0,0,0,0,Product Page Viewed,High interest-rate concern,25422,1,3
743,S000744,U000463,2025-04-15 05:14:00,2025-04-15,Referral,Mobile,South,35-44,Below 25K,Insurance Plan,0,12,615,Product Page Viewed,1,0,0,0,0,Product Page Viewed,Unclear product value,7561,4,16
744,S000745,U000967,2025-05-15 23:11:11,2025-05-15,Paid Ads,Mobile,North,35-44,100K+,Credit Card,1,7,349,Product Page Viewed,1,0,0,0,0,Product Page Viewed,Comparing alternatives,20213,5,20
745,S000746,U001118,2025-02-09 09:00:35,2025-02-09,Direct,Mobile,Central,35-44,50K-100K,Personal Loan,0,3,397,Lead Form Started,1,1,1,1,0,Lead Form Started,Document requirement concern,82762,2,6
746,S000747,U000781,2025-03-07 12:49:10,2025-03-07,Paid Ads,Desktop,East,25-34,Below 25K,Insurance Plan,0,9,733,CTA Clicked,1,1,1,0,0,CTA Clicked,Not ready to apply,5490,3,10
747,S000748,U001564,2025-03-05 09:13:19,2025-03-05,Direct,Desktop,Central,25-34,50K-100K,Credit Card,0,12,856,Website Visit,0,0,0,0,0,Website Visit,Landing page mismatch,30686,3,10
748,S000749,U000597,2025-05-16 09:36:55,2025-05-16,Paid Ads,Mobile,East,45-54,50K-100K,Credit Card,0,8,398,Product Page Viewed,1,0,0,0,0,Product Page Viewed,Technical issue,31794,5,20
749,S000750,U000785,2025-02-26 17:42:28,2025-02-26,Social Media,Desktop,North,45-54,50K-100K,Personal Loan,0,2,387,Product Page Viewed,1,0,0,0,0,Product Page Viewed,Technical issue,141638,2,9
750,S000751,U000222,2025-04-11 19:36:52,2025-04-11,Paid Ads,Tablet,West,45-54,50K-100K,Savings Account,0,6,880,CTA Clicked,1,1,1,0,0,CTA Clicked,Not ready to apply,18769,4,15
751,S000752,U000879,2025-02-11 02:20:08,2025-02-11,Referral,Mobile,West,35-44,50K-100K,Credit Card,0,7,398,Calculator Used,1,1,0,0,0,Calculator Used,Calculator result not attractive,26321,2,7
752,S000753,U000267,2025-04-28 18:15:32,2025-04-28,Organic Search,Desktop,South,25-34,50K-100K,Credit Card,0,5,277,Website Visit,0,0,0,0,0,Website Visit,Slow page load,17428,4,18
753,S000754,U000890,2025-04-17 16:43:45,2025-04-17,Paid Ads,Desktop,South,25-34,50K-100K,Insurance Plan,0,1,230,Product Page Viewed,1,0,0,0,0,Product Page Viewed,Technical issue,4430,4,16
754,S000755,U001923,2025-01-26 02:44:08,2025-01-26,Direct,Desktop,South,35-44,25K-50K,Personal Loan,0,2,298,Calculator Used,1,1,0,0,0,Calculator Used,Technical issue,139484,1,4
755,S000756,U000131,2025-04-07 11:04:11,2025-04-07,Referral,Desktop,South,25-34,Below 25K,Savings Account,0,9,302,Lead Form Submitted,1,1,1,1,1,,,0,4,15
756,S000757,U001752,2025-05-12 07:24:11,2025-05-12,Organic Search,Mobile,North,55+,Below 25K,Personal Loan,1,5,498,Calculator Used,1,1,0,0,0,Calculator Used,Technical issue,87127,5,20
757,S000758,U000079,2025-05-21 21:59:29,2025-05-21,Paid Ads,Tablet,South,45-54,Below 25K,Savings Account,1,12,758,Calculator Used,1,1,0,0,0,Calculator Used,Comparing alternatives,13423,5,21
758,S000759,U000352,2025-01-24 13:54:51,2025-01-24,Organic Search,Desktop,West,25-34,25K-50K,Personal Loan,0,7,541,Calculator Used,1,1,0,0,0,Calculator Used,Technical issue,73641,1,4
759,S000760,U000578,2025-04-19 09:33:40,2025-04-19,Direct,Mobile,West,35-44,Below 25K,Personal Loan,0,2,421,Product Page Viewed,1,0,0,0,0,Product Page Viewed,Unclear product value,112955,4,16
760,S000761,U001199,2025-04-18 08:03:41,2025-04-18,Referral,Desktop,West,35-44,Below 25K,Personal Loan,0,12,18,Product Page Viewed,1,0,0,0,0,Product Page Viewed,High interest-rate concern,155306,4,16
761,S000762,U000355,2025-04-28 12:43:39,2025-04-28,Organic Search,Desktop,North,55+,100K+,Insurance Plan,0,2,678,Lead Form Submitted,1,1,1,1,1,,,0,4,18
762,S000763,U001538,2025-02-22 22:05:22,2025-02-22,Organic Search,Mobile,North,35-44,50K-100K,Credit Card,0,7,1146,Lead Form Submitted,1,1,1,1,1,,,0,2,8
763,S000764,U001269,2025-01-23 10:36:04,2025-01-23,Paid Ads,Mobile,Central,25-34,100K+,Credit Card,1,12,619,Calculator Used,1,1,0,0,0,Calculator Used,Calculator result not attractive,33339,1,4
764,S000765,U001980,2025-01-27 05:15:16,2025-01-27,Social Media,Desktop,North,45-54,50K-100K,Personal Loan,0,3,1077,CTA Clicked,1,1,1,0,0,CTA Clicked,Technical issue,130448,1,5
765,S000766,U000344,2025-04-07 21:38:10,2025-04-07,Organic Search,Mobile,West,25-34,50K-100K,Credit Card,1,7,786,Calculator Used,1,1,0,0,0,Calculator Used,Comparing alternatives,36764,4,15
766,S000767,U000645,2025-03-18 05:40:40,2025-03-18,Email,Mobile,West,25-34,Below 25K,Savings Account,0,11,714,Product Page Viewed,1,0,0,0,0,Product Page Viewed,Unclear product value,19555,3,12
767,S000768,U001130,2025-06-21 18:48:39,2025-06-21,Email,Desktop,West,18-24,25K-50K,Personal Loan,0,2,1181,Calculator Used,1,1,0,0,0,Calculator Used,Required information unavailable,91075,6,25
768,S000769,U001930,2025-04-11 02:55:24,2025-04-11,Organic Search,Mobile,Central,35-44,Below 25K,Personal Loan,1,12,738,Product Page Viewed,1,0,0,0,0,Product Page Viewed,Comparing alternatives,90302,4,15
769,S000770,U000647,2025-03-05 07:45:11,2025-03-05,Referral,Mobile,West,35-44,50K-100K,Credit Card,0,7,578,CTA Clicked,1,1,1,0,0,CTA Clicked,Privacy concern,21689,3,10
770,S000771,U000444,2025-06-14 19:34:13,2025-06-14,Paid Ads,Mobile,Central,25-34,50K-100K,Savings Account,0,4,222,Product Page Viewed,1,0,0,0,0,Product Page Viewed,Technical issue,13830,6,24
771,S000772,U000124,2025-02-27 09:28:49,2025-02-27,Email,Desktop,North,35-44,25K-50K,Personal Loan,1,2,970,Calculator Used,1,1,0,0,0,Calculator Used,Required information unavailable,153226,2,9
772,S000773,U000069,2025-02-03 15:03:51,2025-02-03,Organic Search,Mobile,East,25-34,50K-100K,Credit Card,0,11,1067,Product Page Viewed,1,0,0,0,0,Product Page Viewed,Technical issue,27696,2,6
773,S000774,U001915,2025-03-18 20:08:19,2025-03-18,Direct,Mobile,West,25-34,50K-100K,Credit Card,0,7,402,Calculator Used,1,1,0,0,0,Calculator Used,Required information unavailable,20801,3,12
774,S000775,U001498,2025-03-21 19:57:40,2025-03-21,Organic Search,Mobile,North,35-44,25K-50K,Credit Card,0,8,494,Lead Form Started,1,1,1,1,0,Lead Form Started,Too many required fields,38799,3,12
775,S000776,U001290,2025-06-28 09:03:09,2025-06-28,Direct,Mobile,West,45-54,50K-100K,Insurance Plan,0,12,820,Calculator Used,1,1,0,0,0,Calculator Used,Technical issue,6057,6,26
776,S000777,U001600,2025-01-05 04:48:59,2025-01-05,Paid Ads,Mobile,South,35-44,100K+,Insurance Plan,0,7,45,Product Page Viewed,1,0,0,0,0,Product Page Viewed,Unclear product value,5161,1,1
777,S000778,U001105,2025-06-19 05:50:12,2025-06-19,Organic Search,Desktop,East,35-44,100K+,Savings Account,0,5,522,Product Page Viewed,1,0,0,0,0,Product Page Viewed,Unclear product value,20608,6,25
778,S000779,U000582,2025-05-30 13:14:52,2025-05-30,Referral,Mobile,West,35-44,Below 25K,Credit Card,1,5,645,Lead Form Started,1,1,1,1,0,Lead Form Started,Technical issue,24746,5,22
779,S000780,U000963,2025-03-03 08:05:24,2025-03-03,Organic Search,Mobile,North,18-24,Below 25K,Personal Loan,0,10,714,Website Visit,0,0,0,0,0,Website Visit,Slow page load,101144,3,10
780,S000781,U001663,2025-06-17 19:45:37,2025-06-17,Organic Search,Desktop,West,25-34,50K-100K,Credit Card,0,12,165,Calculator Used,1,1,0,0,0,Calculator Used,Required information unavailable,23137,6,25
781,S000782,U000613,2025-05-07 19:45:19,2025-05-07,Organic Search,Desktop,South,55+,Below 25K,Personal Loan,0,1,554,Product Page Viewed,1,0,0,0,0,Product Page Viewed,Unclear product value,143666,5,19
782,S000783,U000830,2025-03-23 10:35:43,2025-03-23,Email,Mobile,North,45-54,Below 25K,Personal Loan,0,2,761,Lead Form Started,1,1,1,1,0,Lead Form Started,Too many required fields,147143,3,12
783,S000784,U000259,2025-01-08 02:50:37,2025-01-08,Direct,Mobile,South,35-44,100K+,Insurance Plan,1,9,232,Lead Form Submitted,1,1,1,1,1,,,0,1,2
784,S000785,U001956,2025-05-12 04:23:41,2025-05-12,Paid Ads,Mobile,East,45-54,Below 25K,Insurance Plan,0,12,996,Product Page Viewed,1,0,0,0,0,Product Page Viewed,Technical issue,10086,5,20
785,S000786,U000037,2025-04-07 17:00:00,2025-04-07,Referral,Mobile,East,45-54,25K-50K,Credit Card,0,11,737,Lead Form Submitted,1,1,1,1,1,,,0,4,15
786,S000787,U000108,2025-03-05 23:37:18,2025-03-05,Direct,Mobile,West,35-44,50K-100K,Credit Card,0,8,392,Calculator Used,1,1,0,0,0,Calculator Used,Comparing alternatives,18998,3,10
787,S000788,U001935,2025-06-28 01:54:12,2025-06-28,Paid Ads,Desktop,Central,45-54,Below 25K,Personal Loan,0,2,681,Calculator Used,1,1,0,0,0,Calculator Used,Calculator result not attractive,131976,6,26
788,S000789,U001345,2025-06-11 04:01:32,2025-06-11,Organic Search,Mobile,South,35-44,50K-100K,Personal Loan,0,5,181,CTA Clicked,1,1,1,0,0,CTA Clicked,Privacy concern,124370,6,24
789,S000790,U001060,2025-05-27 23:26:43,2025-05-27,Paid Ads,Mobile,South,55+,25K-50K,Personal Loan,0,8,789,Product Page Viewed,1,0,0,0,0,Product Page Viewed,Comparing alternatives,127839,5,22
790,S000791,U000535,2025-02-04 06:36:39,2025-02-04,Paid Ads,Mobile,South,35-44,50K-100K,Credit Card,0,1,1077,Product Page Viewed,1,0,0,0,0,Product Page Viewed,Technical issue,19497,2,6
791,S000792,U000635,2025-05-16 13:45:59,2025-05-16,Referral,Mobile,West,25-34,25K-50K,Personal Loan,0,6,916,Lead Form Started,1,1,1,1,0,Lead Form Started,Too many required fields,121423,5,20
792,S000793,U000510,2025-06-27 01:35:42,2025-06-27,Direct,Mobile,East,25-34,25K-50K,Credit Card,0,12,149,Product Page Viewed,1,0,0,0,0,Product Page Viewed,Unclear product value,17211,6,26
793,S000794,U001518,2025-01-29 21:57:27,2025-01-29,Email,Desktop,West,35-44,100K+,Savings Account,0,11,945,Lead Form Submitted,1,1,1,1,1,,,0,1,5
794,S000795,U001711,2025-01-05 01:19:35,2025-01-05,Social Media,Mobile,South,25-34,50K-100K,Credit Card,0,4,788,Calculator Used,1,1,0,0,0,Calculator Used,Calculator result not attractive,20841,1,1
795,S000796,U000380,2025-05-23 10:17:45,2025-05-23,Paid Ads,Mobile,South,35-44,25K-50K,Personal Loan,1,11,1158,Product Page Viewed,1,0,0,0,0,Product Page Viewed,Technical issue,73486,5,21
796,S000797,U000130,2025-04-26 21:57:42,2025-04-26,Organic Search,Mobile,West,25-34,25K-50K,Personal Loan,0,2,817,Product Page Viewed,1,0,0,0,0,Product Page Viewed,High interest-rate concern,142585,4,17
797,S000798,U000624,2025-02-12 03:13:53,2025-02-12,Paid Ads,Mobile,South,25-34,25K-50K,Insurance Plan,0,9,727,Product Page Viewed,1,0,0,0,0,Product Page Viewed,High interest-rate concern,10624,2,7
798,S000799,U000967,2025-02-08 04:16:18,2025-02-08,Social Media,Tablet,East,35-44,50K-100K,Personal Loan,0,8,407,CTA Clicked,1,1,1,0,0,CTA Clicked,Privacy concern,145659,2,6
799,S000800,U000405,2025-02-23 01:05:09,2025-02-23,Organic Search,Desktop,North,35-44,25K-50K,Credit Card,0,12,396,Calculator Used,1,1,0,0,0,Calculator Used,Calculator result not attractive,17103,2,8
800,S000801,U000854,2025-04-12 16:38:30,2025-04-12,Referral,Mobile,North,25-34,25K-50K,Savings Account,0,4,998,Lead Form Submitted,1,1,1,1,1,,,0,4,15
801,S000802,U000329,2025-06-20 09:24:40,2025-06-20,Organic Search,Mobile,North,45-54,25K-50K,Credit Card,1,5,137,Website Visit,0,0,0,0,0,Website Visit,Slow page load,31083,6,25
802,S000803,U001270,2025-03-19 07:10:37,2025-03-19,Paid Ads,Mobile,West,25-34,50K-100K,Savings Account,1,4,45,Calculator Used,1,1,0,0,0,Calculator Used,Calculator result not attractive,13816,3,12
803,S000804,U000714,2025-05-16 07:51:32,2025-05-16,Organic Search,Desktop,South,25-34,50K-100K,Personal Loan,0,7,1036,Lead Form Started,1,1,1,1,0,Lead Form Started,Technical issue,73488,5,20
804,S000805,U000202,2025-05-22 11:01:13,2025-05-22,Organic Search,Desktop,East,45-54,100K+,Credit Card,1,1,1065,Product Page Viewed,1,0,0,0,0,Product Page Viewed,Technical issue,35640,5,21
805,S000806,U001968,2025-06-27 07:07:38,2025-06-27,Paid Ads,Mobile,North,18-24,100K+,Savings Account,0,11,155,Product Page Viewed,1,0,0,0,0,Product Page Viewed,Comparing alternatives,19667,6,26
806,S000807,U000995,2025-03-09 06:58:18,2025-03-09,Referral,Mobile,North,45-54,25K-50K,Credit Card,1,9,459,Calculator Used,1,1,0,0,0,Calculator Used,Technical issue,36974,3,10
807,S000808,U000350,2025-03-08 08:01:34,2025-03-08,Referral,Desktop,East,35-44,50K-100K,Insurance Plan,0,4,253,Product Page Viewed,1,0,0,0,0,Product Page Viewed,Comparing alternatives,7282,3,10
808,S000809,U000648,2025-03-21 19:46:30,2025-03-21,Paid Ads,Desktop,West,25-34,25K-50K,Personal Loan,1,10,791,Product Page Viewed,1,0,0,0,0,Product Page Viewed,Unclear product value,123818,3,12
809,S000810,U000586,2025-05-06 23:33:20,2025-05-06,Organic Search,Mobile,Central,35-44,50K-100K,Personal Loan,0,11,1154,Website Visit,0,0,0,0,0,Website Visit,Not ready to explore,151393,5,19
810,S000811,U001065,2025-03-24 23:31:11,2025-03-24,Email,Tablet,North,25-34,Below 25K,Savings Account,1,2,373,Calculator Used,1,1,0,0,0,Calculator Used,Technical issue,11912,3,13
811,S000812,U001833,2025-04-23 18:12:17,2025-04-23,Organic Search,Mobile,West,25-34,25K-50K,Personal Loan,0,10,723,Website Visit,0,0,0,0,0,Website Visit,Immediate bounce,117976,4,17
812,S000813,U001936,2025-06-17 04:41:54,2025-06-17,Email,Mobile,East,35-44,50K-100K,Insurance Plan,0,5,409,CTA Clicked,1,1,1,0,0,CTA Clicked,Technical issue,6383,6,25
813,S000814,U000129,2025-01-20 04:15:10,2025-01-20,Organic Search,Mobile,West,25-34,25K-50K,Personal Loan,0,4,481,Calculator Used,1,1,0,0,0,Calculator Used,Technical issue,95805,1,4
814,S000815,U000321,2025-04-30 08:19:36,2025-04-30,Organic Search,Mobile,Central,18-24,25K-50K,Personal Loan,1,1,931,Calculator Used,1,1,0,0,0,Calculator Used,Technical issue,160005,4,18
815,S000816,U000772,2025-02-04 15:34:02,2025-02-04,Organic Search,Desktop,South,18-24,25K-50K,Credit Card,1,3,823,Product Page Viewed,1,0,0,0,0,Product Page Viewed,Technical issue,38150,2,6
816,S000817,U001563,2025-04-21 07:29:47,2025-04-21,Paid Ads,Desktop,West,35-44,25K-50K,Savings Account,0,6,46,Product Page Viewed,1,0,0,0,0,Product Page Viewed,Comparing alternatives,20786,4,17
817,S000818,U001719,2025-05-04 10:36:51,2025-05-04,Organic Search,Mobile,West,45-54,Below 25K,Credit Card,0,2,1041,Website Visit,0,0,0,0,0,Website Visit,Immediate bounce,22540,5,18
818,S000819,U001039,2025-03-14 07:30:11,2025-03-14,Referral,Desktop,West,25-34,25K-50K,Credit Card,0,11,483,Calculator Used,1,1,0,0,0,Calculator Used,Comparing alternatives,19733,3,11
819,S000820,U001188,2025-02-11 09:35:52,2025-02-11,Social Media,Desktop,North,35-44,50K-100K,Savings Account,1,3,192,Calculator Used,1,1,0,0,0,Calculator Used,Required information unavailable,17499,2,7
820,S000821,U000097,2025-05-19 09:24:03,2025-05-19,Organic Search,Desktop,South,18-24,50K-100K,Savings Account,0,5,41,CTA Clicked,1,1,1,0,0,CTA Clicked,Not ready to apply,18274,5,21
821,S000822,U001596,2025-04-03 19:04:20,2025-04-03,Direct,Desktop,South,55+,100K+,Savings Account,0,12,56,Product Page Viewed,1,0,0,0,0,Product Page Viewed,Technical issue,8874,4,14
822,S000823,U000463,2025-06-16 01:01:02,2025-06-16,Paid Ads,Desktop,West,45-54,25K-50K,Savings Account,0,2,618,Product Page Viewed,1,0,0,0,0,Product Page Viewed,High interest-rate concern,19219,6,25
823,S000824,U001907,2025-02-07 08:25:59,2025-02-07,Organic Search,Mobile,East,25-34,25K-50K,Personal Loan,0,11,179,Product Page Viewed,1,0,0,0,0,Product Page Viewed,Technical issue,107192,2,6
824,S000825,U000881,2025-02-03 03:46:25,2025-02-03,Organic Search,Desktop,West,45-54,25K-50K,Personal Loan,0,6,1075,Lead Form Submitted,1,1,1,1,1,,,0,2,6
825,S000826,U001389,2025-06-01 04:41:05,2025-06-01,Direct,Mobile,East,55+,100K+,Credit Card,0,11,197,Product Page Viewed,1,0,0,0,0,Product Page Viewed,High interest-rate concern,25365,6,22
826,S000827,U000934,2025-03-04 19:22:18,2025-03-04,Direct,Mobile,West,35-44,Below 25K,Credit Card,0,5,1066,Product Page Viewed,1,0,0,0,0,Product Page Viewed,High interest-rate concern,37369,3,10
827,S000828,U000205,2025-06-19 23:59:35,2025-06-19,Direct,Mobile,East,55+,50K-100K,Personal Loan,0,6,524,Website Visit,0,0,0,0,0,Website Visit,Immediate bounce,121200,6,25
828,S000829,U001411,2025-04-17 20:21:23,2025-04-17,Direct,Desktop,East,25-34,50K-100K,Savings Account,0,8,836,Product Page Viewed,1,0,0,0,0,Product Page Viewed,Unclear product value,19631,4,16
829,S000830,U001580,2025-05-26 17:01:03,2025-05-26,Social Media,Mobile,Central,45-54,50K-100K,Savings Account,0,1,442,Calculator Used,1,1,0,0,0,Calculator Used,Comparing alternatives,11572,5,22
830,S000831,U000748,2025-03-29 14:43:33,2025-03-29,Social Media,Mobile,West,45-54,50K-100K,Personal Loan,0,11,385,Calculator Used,1,1,0,0,0,Calculator Used,Calculator result not attractive,159209,3,13
831,S000832,U001912,2025-04-18 03:41:51,2025-04-18,Email,Desktop,Central,18-24,100K+,Credit Card,0,4,778,Lead Form Submitted,1,1,1,1,1,,,0,4,16
832,S000833,U001556,2025-03-23 01:00:12,2025-03-23,Direct,Mobile,West,25-34,Below 25K,Savings Account,0,3,505,Website Visit,0,0,0,0,0,Website Visit,Not ready to explore,19575,3,12
833,S000834,U001463,2025-06-21 17:06:41,2025-06-21,Paid Ads,Mobile,South,45-54,50K-100K,Credit Card,1,10,273,Product Page Viewed,1,0,0,0,0,Product Page Viewed,Comparing alternatives,33845,6,25
834,S000835,U001506,2025-01-18 09:23:05,2025-01-18,Referral,Mobile,East,35-44,100K+,Credit Card,0,3,1017,Calculator Used,1,1,0,0,0,Calculator Used,Technical issue,22589,1,3
835,S000836,U001985,2025-05-12 22:29:16,2025-05-12,Paid Ads,Mobile,South,55+,50K-100K,Savings Account,0,3,82,Lead Form Submitted,1,1,1,1,1,,,0,5,20
836,S000837,U000764,2025-04-12 10:29:11,2025-04-12,Direct,Tablet,West,45-54,50K-100K,Credit Card,0,10,603,Lead Form Submitted,1,1,1,1,1,,,0,4,15
837,S000838,U001000,2025-02-16 02:35:26,2025-02-16,Paid Ads,Mobile,West,18-24,Below 25K,Personal Loan,0,4,238,Product Page Viewed,1,0,0,0,0,Product Page Viewed,Comparing alternatives,141552,2,7
838,S000839,U000085,2025-02-16 18:34:51,2025-02-16,Direct,Mobile,South,55+,100K+,Insurance Plan,0,12,339,Calculator Used,1,1,0,0,0,Calculator Used,Technical issue,7472,2,7
839,S000840,U000224,2025-03-14 02:12:50,2025-03-14,Email,Mobile,West,35-44,25K-50K,Personal Loan,0,1,425,Product Page Viewed,1,0,0,0,0,Product Page Viewed,Comparing alternatives,91732,3,11
840,S000841,U001730,2025-01-21 22:58:52,2025-01-21,Email,Mobile,West,35-44,100K+,Credit Card,1,11,954,Lead Form Submitted,1,1,1,1,1,,,0,1,4
841,S000842,U001827,2025-05-21 15:33:34,2025-05-21,Email,Mobile,East,18-24,25K-50K,Insurance Plan,0,8,897,Product Page Viewed,1,0,0,0,0,Product Page Viewed,Comparing alternatives,8831,5,21
842,S000843,U001799,2025-01-19 15:25:24,2025-01-19,Direct,Desktop,East,45-54,25K-50K,Savings Account,0,5,658,CTA Clicked,1,1,1,0,0,CTA Clicked,Not ready to apply,9862,1,3
843,S000844,U001676,2025-03-15 13:42:36,2025-03-15,Paid Ads,Desktop,North,25-34,50K-100K,Personal Loan,0,4,84,Product Page Viewed,1,0,0,0,0,Product Page Viewed,Comparing alternatives,94073,3,11
844,S000845,U000310,2025-06-18 05:06:19,2025-06-18,Direct,Desktop,Central,45-54,Below 25K,Savings Account,0,8,179,Calculator Used,1,1,0,0,0,Calculator Used,Technical issue,12434,6,25
845,S000846,U000586,2025-02-27 13:25:00,2025-02-27,Referral,Desktop,North,25-34,50K-100K,Credit Card,0,11,58,Website Visit,0,0,0,0,0,Website Visit,Landing page mismatch,38543,2,9
846,S000847,U001207,2025-02-09 09:21:00,2025-02-09,Organic Search,Mobile,East,35-44,50K-100K,Insurance Plan,1,10,429,Product Page Viewed,1,0,0,0,0,Product Page Viewed,Unclear product value,8054,2,6
847,S000848,U000821,2025-02-21 00:06:11,2025-02-21,Paid Ads,Desktop,South,18-24,100K+,Savings Account,0,10,17,Calculator Used,1,1,0,0,0,Calculator Used,Required information unavailable,9809,2,8
848,S000849,U001384,2025-06-15 14:53:46,2025-06-15,Email,Desktop,West,45-54,50K-100K,Credit Card,0,2,1196,Product Page Viewed,1,0,0,0,0,Product Page Viewed,Comparing alternatives,26903,6,24
849,S000850,U000381,2025-02-02 16:45:42,2025-02-02,Referral,Mobile,North,18-24,25K-50K,Credit Card,0,9,510,Product Page Viewed,1,0,0,0,0,Product Page Viewed,Technical issue,19127,2,5
850,S000851,U000730,2025-05-21 02:16:24,2025-05-21,Direct,Tablet,West,25-34,100K+,Credit Card,0,10,331,Website Visit,0,0,0,0,0,Website Visit,Immediate bounce,27696,5,21
851,S000852,U001618,2025-06-15 22:55:01,2025-06-15,Organic Search,Desktop,West,35-44,50K-100K,Credit Card,0,10,1038,Lead Form Submitted,1,1,1,1,1,,,0,6,24
852,S000853,U000466,2025-01-12 14:50:54,2025-01-12,Organic Search,Mobile,North,25-34,50K-100K,Personal Loan,0,12,522,Lead Form Submitted,1,1,1,1,1,,,0,1,2
853,S000854,U001772,2025-06-10 23:27:22,2025-06-10,Email,Mobile,West,18-24,100K+,Credit Card,0,7,187,Website Visit,0,0,0,0,0,Website Visit,Immediate bounce,29910,6,24
854,S000855,U001935,2025-03-20 06:13:12,2025-03-20,Email,Desktop,Central,45-54,50K-100K,Insurance Plan,0,11,1112,Lead Form Submitted,1,1,1,1,1,,,0,3,12
855,S000856,U001108,2025-05-26 10:09:18,2025-05-26,Referral,Mobile,North,35-44,25K-50K,Credit Card,0,11,76,CTA Clicked,1,1,1,0,0,CTA Clicked,Technical issue,32014,5,22
856,S000857,U001520,2025-02-04 09:49:00,2025-02-04,Organic Search,Mobile,Central,55+,100K+,Savings Account,0,9,992,Product Page Viewed,1,0,0,0,0,Product Page Viewed,Comparing alternatives,19351,2,6
857,S000858,U000168,2025-06-29 14:23:10,2025-06-29,Email,Desktop,South,55+,50K-100K,Personal Loan,0,3,1132,Lead Form Submitted,1,1,1,1,1,,,0,6,26
858,S000859,U001379,2025-03-30 19:19:28,2025-03-30,Email,Mobile,West,35-44,25K-50K,Personal Loan,0,4,268,Lead Form Submitted,1,1,1,1,1,,,0,3,13
859,S000860,U001243,2025-01-01 17:31:58,2025-01-01,Email,Desktop,North,45-54,25K-50K,Credit Card,1,2,331,Lead Form Submitted,1,1,1,1,1,,,0,1,1
860,S000861,U001328,2025-03-29 03:08:08,2025-03-29,Organic Search,Mobile,Central,18-24,Below 25K,Personal Loan,1,2,492,Product Page Viewed,1,0,0,0,0,Product Page Viewed,Technical issue,129797,3,13
861,S000862,U000424,2025-06-03 16:49:10,2025-06-03,Direct,Desktop,North,25-34,Below 25K,Savings Account,0,4,63,Product Page Viewed,1,0,0,0,0,Product Page Viewed,Comparing alternatives,12102,6,23
862,S000863,U000946,2025-01-10 21:50:38,2025-01-10,Organic Search,Desktop,East,35-44,50K-100K,Insurance Plan,0,6,94,Product Page Viewed,1,0,0,0,0,Product Page Viewed,Comparing alternatives,7846,1,2
863,S000864,U000263,2025-04-20 06:58:52,2025-04-20,Organic Search,Mobile,West,25-34,25K-50K,Personal Loan,0,8,110,Product Page Viewed,1,0,0,0,0,Product Page Viewed,Technical issue,83947,4,16
864,S000865,U000193,2025-05-12 13:59:20,2025-05-12,Paid Ads,Desktop,West,55+,100K+,Credit Card,0,10,953,Website Visit,0,0,0,0,0,Website Visit,Slow page load,16683,5,20
865,S000866,U001005,2025-02-22 02:05:12,2025-02-22,Organic Search,Mobile,North,45-54,50K-100K,Credit Card,0,9,52,Lead Form Started,1,1,1,1,0,Lead Form Started,Session timeout,35120,2,8
866,S000867,U001055,2025-01-06 15:58:30,2025-01-06,Organic Search,Mobile,Central,25-34,25K-50K,Insurance Plan,1,2,590,Product Page Viewed,1,0,0,0,0,Product Page Viewed,Technical issue,6333,1,2
867,S000868,U000634,2025-03-26 10:36:32,2025-03-26,Email,Mobile,West,35-44,25K-50K,Personal Loan,0,8,534,Product Page Viewed,1,0,0,0,0,Product Page Viewed,Technical issue,90419,3,13
868,S000869,U001046,2025-04-17 17:48:27,2025-04-17,Referral,Desktop,East,45-54,50K-100K,Insurance Plan,1,4,645,Product Page Viewed,1,0,0,0,0,Product Page Viewed,Technical issue,9595,4,16
869,S000870,U000734,2025-01-09 07:58:29,2025-01-09,Referral,Mobile,North,35-44,100K+,Credit Card,0,5,1079,Product Page Viewed,1,0,0,0,0,Product Page Viewed,Technical issue,21006,1,2
870,S000871,U000092,2025-06-01 20:07:08,2025-06-01,Email,Mobile,West,35-44,25K-50K,Savings Account,0,11,776,Product Page Viewed,1,0,0,0,0,Product Page Viewed,Unclear product value,20252,6,22
871,S000872,U000719,2025-06-10 23:42:47,2025-06-10,Direct,Mobile,East,18-24,Below 25K,Credit Card,0,8,1199,Calculator Used,1,1,0,0,0,Calculator Used,Required information unavailable,28434,6,24
872,S000873,U001290,2025-03-28 06:13:32,2025-03-28,Email,Mobile,North,25-34,25K-50K,Credit Card,0,1,715,Product Page Viewed,1,0,0,0,0,Product Page Viewed,Technical issue,37139,3,13
873,S000874,U001575,2025-04-13 22:26:38,2025-04-13,Referral,Mobile,Central,35-44,50K-100K,Personal Loan,0,6,1102,Product Page Viewed,1,0,0,0,0,Product Page Viewed,Unclear product value,145450,4,15
874,S000875,U001837,2025-03-25 03:26:28,2025-03-25,Social Media,Desktop,East,25-34,Below 25K,Personal Loan,0,7,550,Product Page Viewed,1,0,0,0,0,Product Page Viewed,High interest-rate concern,81315,3,13
875,S000876,U001318,2025-05-12 01:05:38,2025-05-12,Direct,Desktop,North,45-54,25K-50K,Personal Loan,0,11,741,Product Page Viewed,1,0,0,0,0,Product Page Viewed,Unclear product value,136763,5,20
876,S000877,U001527,2025-02-09 22:50:53,2025-02-09,Referral,Desktop,South,35-44,25K-50K,Savings Account,0,2,525,Product Page Viewed,1,0,0,0,0,Product Page Viewed,Comparing alternatives,13675,2,6
877,S000878,U000930,2025-03-18 22:58:33,2025-03-18,Email,Mobile,South,45-54,100K+,Credit Card,0,1,341,Lead Form Submitted,1,1,1,1,1,,,0,3,12
878,S000879,U000409,2025-06-12 19:17:08,2025-06-12,Organic Search,Mobile,North,25-34,50K-100K,Personal Loan,0,1,370,Calculator Used,1,1,0,0,0,Calculator Used,Technical issue,118109,6,24
879,S000880,U001244,2025-05-04 13:51:18,2025-05-04,Email,Mobile,South,45-54,25K-50K,Insurance Plan,0,1,920,Product Page Viewed,1,0,0,0,0,Product Page Viewed,Technical issue,4978,5,18
880,S000881,U000338,2025-05-28 23:44:27,2025-05-28,Organic Search,Desktop,South,35-44,50K-100K,Personal Loan,0,8,326,Calculator Used,1,1,0,0,0,Calculator Used,Calculator result not attractive,64198,5,22
881,S000882,U000823,2025-03-23 12:51:06,2025-03-23,Social Media,Mobile,South,35-44,25K-50K,Personal Loan,0,10,300,Product Page Viewed,1,0,0,0,0,Product Page Viewed,High interest-rate concern,105021,3,12
882,S000883,U001130,2025-04-29 20:57:16,2025-04-29,Organic Search,Desktop,South,25-34,25K-50K,Credit Card,1,5,92,Lead Form Submitted,1,1,1,1,1,,,0,4,18
883,S000884,U000494,2025-03-18 03:18:14,2025-03-18,Direct,Desktop,West,45-54,50K-100K,Personal Loan,0,2,267,Lead Form Submitted,1,1,1,1,1,,,0,3,12
884,S000885,U000255,2025-04-14 10:33:14,2025-04-14,Organic Search,Mobile,South,55+,100K+,Credit Card,0,3,510,Product Page Viewed,1,0,0,0,0,Product Page Viewed,High interest-rate concern,34674,4,16
885,S000886,U001160,2025-01-16 02:45:14,2025-01-16,Email,Desktop,East,45-54,25K-50K,Savings Account,0,2,555,Product Page Viewed,1,0,0,0,0,Product Page Viewed,High interest-rate concern,10276,1,3
886,S000887,U000081,2025-03-01 14:26:53,2025-03-01,Email,Mobile,North,25-34,50K-100K,Credit Card,0,4,137,Product Page Viewed,1,0,0,0,0,Product Page Viewed,High interest-rate concern,16513,3,9
887,S000888,U001872,2025-02-10 16:18:02,2025-02-10,Organic Search,Desktop,East,45-54,25K-50K,Credit Card,1,10,41,Calculator Used,1,1,0,0,0,Calculator Used,Calculator result not attractive,23146,2,7
888,S000889,U001310,2025-05-30 10:10:06,2025-05-30,Social Media,Mobile,East,45-54,25K-50K,Personal Loan,0,2,222,Calculator Used,1,1,0,0,0,Calculator Used,Technical issue,111189,5,22
889,S000890,U000192,2025-03-19 04:20:04,2025-03-19,Referral,Mobile,South,25-34,Below 25K,Savings Account,0,10,580,Lead Form Started,1,1,1,1,0,Lead Form Started,Technical issue,16130,3,12
890,S000891,U000299,2025-03-05 17:21:55,2025-03-05,Social Media,Desktop,West,45-54,Below 25K,Credit Card,0,10,1042,Product Page Viewed,1,0,0,0,0,Product Page Viewed,High interest-rate concern,38743,3,10
891,S000892,U001284,2025-05-26 20:40:26,2025-05-26,Email,Desktop,South,45-54,100K+,Credit Card,1,7,230,Product Page Viewed,1,0,0,0,0,Product Page Viewed,Technical issue,36961,5,22
892,S000893,U000464,2025-03-04 20:39:39,2025-03-04,Paid Ads,Desktop,East,25-34,100K+,Personal Loan,0,2,406,Calculator Used,1,1,0,0,0,Calculator Used,Required information unavailable,151471,3,10
893,S000894,U000601,2025-06-05 10:35:48,2025-06-05,Paid Ads,Desktop,Central,35-44,50K-100K,Savings Account,0,1,472,Product Page Viewed,1,0,0,0,0,Product Page Viewed,High interest-rate concern,11197,6,23
894,S000895,U000429,2025-06-06 20:18:19,2025-06-06,Organic Search,Desktop,North,45-54,25K-50K,Credit Card,0,2,133,Product Page Viewed,1,0,0,0,0,Product Page Viewed,High interest-rate concern,40003,6,23
895,S000896,U000871,2025-06-02 05:01:27,2025-06-02,Direct,Mobile,Central,45-54,50K-100K,Insurance Plan,0,11,1100,Product Page Viewed,1,0,0,0,0,Product Page Viewed,Unclear product value,8462,6,23
896,S000897,U001656,2025-06-01 19:29:32,2025-06-01,Organic Search,Mobile,North,25-34,50K-100K,Insurance Plan,0,6,756,Product Page Viewed,1,0,0,0,0,Product Page Viewed,Comparing alternatives,6346,6,22
897,S000898,U000769,2025-05-17 15:13:24,2025-05-17,Email,Mobile,West,35-44,25K-50K,Personal Loan,0,4,972,Product Page Viewed,1,0,0,0,0,Product Page Viewed,Unclear product value,145086,5,20
898,S000899,U000440,2025-02-06 15:11:08,2025-02-06,Paid Ads,Desktop,North,35-44,25K-50K,Credit Card,1,11,565,CTA Clicked,1,1,1,0,0,CTA Clicked,Not ready to apply,28875,2,6
899,S000900,U001446,2025-06-16 16:44:13,2025-06-16,Paid Ads,Mobile,East,45-54,25K-50K,Personal Loan,0,6,605,CTA Clicked,1,1,1,0,0,CTA Clicked,Technical issue,141721,6,25
900,S000901,U001123,2025-02-11 13:32:42,2025-02-11,Organic Search,Mobile,West,35-44,100K+,Credit Card,1,3,548,Calculator Used,1,1,0,0,0,Calculator Used,Required information unavailable,16620,2,7
901,S000902,U001961,2025-01-28 20:03:44,2025-01-28,Organic Search,Desktop,West,25-34,50K-100K,Personal Loan,1,10,155,Product Page Viewed,1,0,0,0,0,Product Page Viewed,Unclear product value,127394,1,5
902,S000903,U000942,2025-01-20 07:57:06,2025-01-20,Paid Ads,Desktop,South,18-24,100K+,Savings Account,1,9,609,CTA Clicked,1,1,1,0,0,CTA Clicked,Form looked too long,17005,1,4
903,S000904,U000928,2025-03-16 00:56:43,2025-03-16,Email,Mobile,North,25-34,25K-50K,Personal Loan,0,7,718,Product Page Viewed,1,0,0,0,0,Product Page Viewed,High interest-rate concern,99705,3,11
904,S000905,U001678,2025-04-23 15:53:32,2025-04-23,Organic Search,Desktop,West,25-34,50K-100K,Insurance Plan,0,10,292,Product Page Viewed,1,0,0,0,0,Product Page Viewed,Unclear product value,9305,4,17
905,S000906,U000002,2025-04-24 12:01:28,2025-04-24,Organic Search,Desktop,West,35-44,25K-50K,Credit Card,0,9,898,Product Page Viewed,1,0,0,0,0,Product Page Viewed,High interest-rate concern,16714,4,17
906,S000907,U000491,2025-06-14 14:45:06,2025-06-14,Direct,Desktop,South,45-54,Below 25K,Credit Card,0,9,580,Website Visit,0,0,0,0,0,Website Visit,Not ready to explore,34415,6,24
907,S000908,U001615,2025-01-28 21:21:02,2025-01-28,Organic Search,Mobile,North,25-34,25K-50K,Savings Account,1,11,345,Website Visit,0,0,0,0,0,Website Visit,Landing page mismatch,13768,1,5
908,S000909,U000701,2025-01-20 23:58:11,2025-01-20,Organic Search,Mobile,West,35-44,50K-100K,Personal Loan,0,1,342,Product Page Viewed,1,0,0,0,0,Product Page Viewed,Unclear product value,156765,1,4
909,S000910,U001630,2025-03-05 05:05:44,2025-03-05,Organic Search,Tablet,North,25-34,50K-100K,Savings Account,1,7,874,Product Page Viewed,1,0,0,0,0,Product Page Viewed,Comparing alternatives,22227,3,10
910,S000911,U000772,2025-01-23 16:47:50,2025-01-23,Email,Mobile,South,25-34,50K-100K,Savings Account,0,3,138,Product Page Viewed,1,0,0,0,0,Product Page Viewed,High interest-rate concern,16217,1,4
911,S000912,U001467,2025-02-21 01:27:09,2025-02-21,Direct,Mobile,West,25-34,Below 25K,Credit Card,0,11,388,Lead Form Started,1,1,1,1,0,Lead Form Started,Document requirement concern,15846,2,8
912,S000913,U000464,2025-06-21 00:22:07,2025-06-21,Direct,Mobile,Central,25-34,100K+,Credit Card,0,9,211,Product Page Viewed,1,0,0,0,0,Product Page Viewed,Comparing alternatives,19754,6,25
913,S000914,U001431,2025-04-15 23:29:15,2025-04-15,Referral,Mobile,South,25-34,50K-100K,Personal Loan,0,11,1075,Product Page Viewed,1,0,0,0,0,Product Page Viewed,Technical issue,142998,4,16
914,S000915,U001134,2025-06-05 07:08:00,2025-06-05,Paid Ads,Desktop,North,25-34,50K-100K,Insurance Plan,0,12,1145,Calculator Used,1,1,0,0,0,Calculator Used,Calculator result not attractive,9681,6,23
915,S000916,U000212,2025-05-04 13:55:27,2025-05-04,Organic Search,Mobile,West,35-44,25K-50K,Personal Loan,0,11,672,Product Page Viewed,1,0,0,0,0,Product Page Viewed,Technical issue,91971,5,18
916,S000917,U000387,2025-03-11 01:29:54,2025-03-11,Referral,Mobile,Central,25-34,25K-50K,Personal Loan,1,2,77,Product Page Viewed,1,0,0,0,0,Product Page Viewed,Technical issue,105513,3,11
917,S000918,U001658,2025-01-31 07:55:56,2025-01-31,Organic Search,Desktop,North,18-24,25K-50K,Credit Card,0,2,1059,Calculator Used,1,1,0,0,0,Calculator Used,Technical issue,35630,1,5
918,S000919,U000438,2025-01-19 09:09:25,2025-01-19,Paid Ads,Mobile,Central,25-34,100K+,Credit Card,0,6,330,Lead Form Started,1,1,1,1,0,Lead Form Started,Document requirement concern,23999,1,3
919,S000920,U001773,2025-02-15 02:45:25,2025-02-15,Organic Search,Tablet,West,25-34,25K-50K,Personal Loan,0,3,680,Calculator Used,1,1,0,0,0,Calculator Used,Calculator result not attractive,75655,2,7
920,S000921,U000361,2025-04-25 05:21:11,2025-04-25,Paid Ads,Desktop,Central,35-44,25K-50K,Credit Card,0,6,146,Lead Form Submitted,1,1,1,1,1,,,0,4,17
921,S000922,U000237,2025-01-18 14:35:35,2025-01-18,Paid Ads,Desktop,West,45-54,25K-50K,Personal Loan,0,12,812,Lead Form Submitted,1,1,1,1,1,,,0,1,3
922,S000923,U001992,2025-06-02 04:14:02,2025-06-02,Email,Desktop,West,25-34,Below 25K,Personal Loan,0,11,1198,Lead Form Submitted,1,1,1,1,1,,,0,6,23
923,S000924,U000176,2025-04-12 14:57:10,2025-04-12,Paid Ads,Mobile,West,25-34,50K-100K,Savings Account,0,6,353,Website Visit,0,0,0,0,0,Website Visit,Landing page mismatch,15890,4,15
924,S000925,U000214,2025-05-13 00:50:19,2025-05-13,Direct,Tablet,South,25-34,50K-100K,Credit Card,0,10,270,Calculator Used,1,1,0,0,0,Calculator Used,Comparing alternatives,30582,5,20
925,S000926,U001302,2025-06-27 16:20:22,2025-06-27,Direct,Desktop,South,55+,Below 25K,Personal Loan,0,1,741,Product Page Viewed,1,0,0,0,0,Product Page Viewed,Comparing alternatives,63283,6,26
926,S000927,U001339,2025-02-15 19:31:59,2025-02-15,Paid Ads,Desktop,East,55+,Below 25K,Personal Loan,0,12,335,Calculator Used,1,1,0,0,0,Calculator Used,Required information unavailable,124881,2,7
927,S000928,U001105,2025-02-21 12:21:33,2025-02-21,Email,Mobile,North,35-44,50K-100K,Credit Card,1,2,948,Product Page Viewed,1,0,0,0,0,Product Page Viewed,Unclear product value,32657,2,8
928,S000929,U000055,2025-04-16 13:21:46,2025-04-16,Paid Ads,Mobile,East,35-44,Below 25K,Personal Loan,0,2,620,Product Page Viewed,1,0,0,0,0,Product Page Viewed,Unclear product value,93178,4,16
929,S000930,U000661,2025-06-10 04:54:03,2025-06-10,Paid Ads,Desktop,North,25-34,50K-100K,Credit Card,0,5,604,Product Page Viewed,1,0,0,0,0,Product Page Viewed,High interest-rate concern,38560,6,24
930,S000931,U001441,2025-01-13 05:52:31,2025-01-13,Paid Ads,Mobile,North,25-34,Below 25K,Credit Card,0,2,185,Product Page Viewed,1,0,0,0,0,Product Page Viewed,Unclear product value,36905,1,3
931,S000932,U001640,2025-02-27 22:28:52,2025-02-27,Direct,Mobile,West,45-54,100K+,Savings Account,0,1,419,Calculator Used,1,1,0,0,0,Calculator Used,Technical issue,12097,2,9
932,S000933,U000430,2025-05-28 19:30:27,2025-05-28,Direct,Mobile,North,45-54,Below 25K,Personal Loan,0,1,1005,CTA Clicked,1,1,1,0,0,CTA Clicked,Not ready to apply,90797,5,22
933,S000934,U000604,2025-06-07 06:07:24,2025-06-07,Social Media,Mobile,North,45-54,100K+,Credit Card,0,11,1172,Product Page Viewed,1,0,0,0,0,Product Page Viewed,Technical issue,36235,6,23
934,S000935,U001512,2025-04-24 23:28:29,2025-04-24,Direct,Tablet,South,55+,25K-50K,Personal Loan,0,2,787,CTA Clicked,1,1,1,0,0,CTA Clicked,Not ready to apply,129574,4,17
935,S000936,U000036,2025-01-24 20:37:30,2025-01-24,Referral,Tablet,South,35-44,100K+,Personal Loan,0,4,509,Lead Form Started,1,1,1,1,0,Lead Form Started,Technical issue,158363,1,4
936,S000937,U000988,2025-04-25 13:18:37,2025-04-25,Direct,Desktop,West,25-34,25K-50K,Personal Loan,0,4,624,Calculator Used,1,1,0,0,0,Calculator Used,Comparing alternatives,89269,4,17
937,S000938,U000553,2025-04-02 01:31:26,2025-04-02,Referral,Mobile,South,25-34,25K-50K,Insurance Plan,0,12,359,Product Page Viewed,1,0,0,0,0,Product Page Viewed,Comparing alternatives,8655,4,14
938,S000939,U001600,2025-01-22 10:58:20,2025-01-22,Email,Mobile,Central,25-34,Below 25K,Credit Card,0,6,32,Product Page Viewed,1,0,0,0,0,Product Page Viewed,High interest-rate concern,27635,1,4
939,S000940,U001569,2025-01-06 17:06:24,2025-01-06,Email,Tablet,North,35-44,Below 25K,Credit Card,0,2,20,Product Page Viewed,1,0,0,0,0,Product Page Viewed,Technical issue,35730,1,2
940,S000941,U001335,2025-05-29 01:45:32,2025-05-29,Organic Search,Mobile,West,25-34,100K+,Credit Card,1,1,547,Lead Form Started,1,1,1,1,0,Lead Form Started,Technical issue,23644,5,22
941,S000942,U001258,2025-03-08 11:03:09,2025-03-08,Paid Ads,Desktop,West,45-54,25K-50K,Personal Loan,0,8,1191,Product Page Viewed,1,0,0,0,0,Product Page Viewed,Comparing alternatives,131830,3,10
942,S000943,U001066,2025-05-20 14:26:58,2025-05-20,Paid Ads,Mobile,Central,25-34,25K-50K,Personal Loan,0,6,1132,Calculator Used,1,1,0,0,0,Calculator Used,Required information unavailable,138185,5,21
943,S000944,U000180,2025-01-22 16:51:03,2025-01-22,Social Media,Mobile,Central,55+,50K-100K,Credit Card,1,5,583,Calculator Used,1,1,0,0,0,Calculator Used,Technical issue,32204,1,4
944,S000945,U001931,2025-05-15 15:41:58,2025-05-15,Email,Tablet,West,18-24,25K-50K,Savings Account,0,5,992,Product Page Viewed,1,0,0,0,0,Product Page Viewed,Technical issue,13521,5,20
945,S000946,U001668,2025-04-24 23:21:10,2025-04-24,Referral,Desktop,West,25-34,Below 25K,Personal Loan,0,5,67,Product Page Viewed,1,0,0,0,0,Product Page Viewed,Unclear product value,119234,4,17
946,S000947,U000334,2025-02-07 09:01:04,2025-02-07,Paid Ads,Tablet,West,35-44,100K+,Personal Loan,1,4,982,Calculator Used,1,1,0,0,0,Calculator Used,Technical issue,124181,2,6
947,S000948,U001242,2025-03-02 20:42:23,2025-03-02,Email,Desktop,South,35-44,25K-50K,Personal Loan,1,11,1148,Calculator Used,1,1,0,0,0,Calculator Used,Required information unavailable,103055,3,9
948,S000949,U001290,2025-01-02 06:01:23,2025-01-02,Referral,Mobile,North,25-34,25K-50K,Personal Loan,0,3,690,Product Page Viewed,1,0,0,0,0,Product Page Viewed,High interest-rate concern,127458,1,1
949,S000950,U000408,2025-02-20 09:53:19,2025-02-20,Referral,Mobile,West,25-34,50K-100K,Insurance Plan,0,2,981,Product Page Viewed,1,0,0,0,0,Product Page Viewed,Unclear product value,7206,2,8
950,S000951,U001073,2025-01-18 15:02:13,2025-01-18,Direct,Desktop,North,18-24,25K-50K,Insurance Plan,0,4,115,Calculator Used,1,1,0,0,0,Calculator Used,Technical issue,5576,1,3
951,S000952,U001935,2025-03-03 02:35:24,2025-03-03,Direct,Mobile,East,25-34,50K-100K,Insurance Plan,0,9,798,Lead Form Started,1,1,1,1,0,Lead Form Started,Technical issue,5816,3,10
952,S000953,U001428,2025-05-07 08:27:39,2025-05-07,Paid Ads,Desktop,South,25-34,Below 25K,Credit Card,0,9,853,Website Visit,0,0,0,0,0,Website Visit,Slow page load,40362,5,19
953,S000954,U001926,2025-02-21 19:14:20,2025-02-21,Social Media,Desktop,East,45-54,Below 25K,Insurance Plan,0,2,324,Lead Form Submitted,1,1,1,1,1,,,0,2,8
954,S000955,U000381,2025-01-06 06:29:58,2025-01-06,Email,Desktop,East,45-54,50K-100K,Personal Loan,0,4,543,Website Visit,0,0,0,0,0,Website Visit,Landing page mismatch,138932,1,2
955,S000956,U001480,2025-06-06 10:10:01,2025-06-06,Direct,Mobile,East,25-34,100K+,Credit Card,1,3,999,Lead Form Submitted,1,1,1,1,1,,,0,6,23
956,S000957,U000971,2025-01-18 01:46:43,2025-01-18,Paid Ads,Mobile,North,35-44,50K-100K,Personal Loan,0,4,912,Lead Form Submitted,1,1,1,1,1,,,0,1,3
957,S000958,U000349,2025-06-13 00:46:42,2025-06-13,Social Media,Mobile,South,25-34,100K+,Personal Loan,0,8,576,Lead Form Submitted,1,1,1,1,1,,,0,6,24
958,S000959,U001803,2025-04-30 20:11:38,2025-04-30,Direct,Desktop,Central,25-34,25K-50K,Personal Loan,0,11,1117,Calculator Used,1,1,0,0,0,Calculator Used,Calculator result not attractive,141507,4,18
959,S000960,U001767,2025-01-24 07:12:43,2025-01-24,Paid Ads,Mobile,North,25-34,25K-50K,Insurance Plan,0,12,857,CTA Clicked,1,1,1,0,0,CTA Clicked,Privacy concern,5515,1,4
960,S000961,U001710,2025-05-10 21:35:43,2025-05-10,Organic Search,Mobile,South,25-34,Below 25K,Personal Loan,0,3,732,Product Page Viewed,1,0,0,0,0,Product Page Viewed,High interest-rate concern,158020,5,19
961,S000962,U000362,2025-01-07 05:53:52,2025-01-07,Direct,Mobile,North,35-44,50K-100K,Personal Loan,1,11,1122,Lead Form Started,1,1,1,1,0,Lead Form Started,Technical issue,130967,1,2
962,S000963,U000571,2025-01-23 22:24:17,2025-01-23,Social Media,Desktop,East,18-24,Below 25K,Personal Loan,0,8,961,Website Visit,0,0,0,0,0,Website Visit,Immediate bounce,110590,1,4
963,S000964,U001562,2025-05-13 13:48:48,2025-05-13,Direct,Mobile,North,25-34,50K-100K,Personal Loan,0,7,879,Product Page Viewed,1,0,0,0,0,Product Page Viewed,High interest-rate concern,135955,5,20
964,S000965,U001860,2025-04-01 12:21:45,2025-04-01,Organic Search,Desktop,West,25-34,50K-100K,Savings Account,0,3,942,Calculator Used,1,1,0,0,0,Calculator Used,Calculator result not attractive,22285,4,14
965,S000966,U001034,2025-02-13 09:02:14,2025-02-13,Organic Search,Desktop,North,55+,Below 25K,Credit Card,0,11,539,Product Page Viewed,1,0,0,0,0,Product Page Viewed,High interest-rate concern,16112,2,7
966,S000967,U000530,2025-05-16 08:05:10,2025-05-16,Direct,Mobile,South,25-34,50K-100K,Savings Account,0,4,98,Lead Form Started,1,1,1,1,0,Lead Form Started,Document requirement concern,9850,5,20
967,S000968,U001918,2025-01-20 01:02:35,2025-01-20,Social Media,Mobile,West,45-54,50K-100K,Personal Loan,0,3,1192,Product Page Viewed,1,0,0,0,0,Product Page Viewed,Technical issue,130681,1,4
968,S000969,U000275,2025-01-10 09:02:52,2025-01-10,Email,Mobile,East,35-44,25K-50K,Savings Account,0,12,399,Lead Form Started,1,1,1,1,0,Lead Form Started,Too many required fields,14652,1,2
969,S000970,U001640,2025-06-23 05:49:20,2025-06-23,Paid Ads,Mobile,West,25-34,100K+,Credit Card,0,3,211,Product Page Viewed,1,0,0,0,0,Product Page Viewed,Comparing alternatives,38002,6,26
970,S000971,U001928,2025-03-17 01:58:28,2025-03-17,Social Media,Desktop,East,25-34,50K-100K,Credit Card,0,3,253,Lead Form Started,1,1,1,1,0,Lead Form Started,Too many required fields,18116,3,12
971,S000972,U001214,2025-02-15 22:21:37,2025-02-15,Email,Desktop,South,45-54,25K-50K,Personal Loan,1,3,649,Lead Form Submitted,1,1,1,1,1,,,0,2,7
972,S000973,U001997,2025-02-01 08:53:14,2025-02-01,Organic Search,Mobile,South,35-44,25K-50K,Insurance Plan,0,3,419,Product Page Viewed,1,0,0,0,0,Product Page Viewed,High interest-rate concern,6298,2,5
973,S000974,U001249,2025-01-07 23:53:39,2025-01-07,Direct,Mobile,South,35-44,100K+,Credit Card,0,6,502,Lead Form Submitted,1,1,1,1,1,,,0,1,2
974,S000975,U001830,2025-06-04 01:21:51,2025-06-04,Direct,Mobile,North,35-44,25K-50K,Credit Card,0,2,62,Product Page Viewed,1,0,0,0,0,Product Page Viewed,Technical issue,30171,6,23
975,S000976,U001092,2025-03-01 13:37:53,2025-03-01,Email,Mobile,West,35-44,25K-50K,Credit Card,0,1,475,Lead Form Started,1,1,1,1,0,Lead Form Started,Document requirement concern,28852,3,9
976,S000977,U000959,2025-02-27 16:20:19,2025-02-27,Paid Ads,Mobile,Central,35-44,25K-50K,Savings Account,0,7,165,Lead Form Started,1,1,1,1,0,Lead Form Started,Technical issue,20190,2,9
977,S000978,U000337,2025-01-26 17:00:45,2025-01-26,Direct,Desktop,East,25-34,100K+,Credit Card,1,5,996,Product Page Viewed,1,0,0,0,0,Product Page Viewed,High interest-rate concern,34724,1,4
978,S000979,U000954,2025-05-12 13:00:23,2025-05-12,Direct,Mobile,West,45-54,100K+,Savings Account,0,3,430,Lead Form Started,1,1,1,1,0,Lead Form Started,Document requirement concern,18295,5,20
979,S000980,U001999,2025-02-19 19:19:38,2025-02-19,Email,Mobile,Central,45-54,50K-100K,Credit Card,0,5,38,Product Page Viewed,1,0,0,0,0,Product Page Viewed,Comparing alternatives,39763,2,8
980,S000981,U001894,2025-03-06 14:52:32,2025-03-06,Social Media,Mobile,South,18-24,50K-100K,Credit Card,0,6,144,Product Page Viewed,1,0,0,0,0,Product Page Viewed,High interest-rate concern,20009,3,10
981,S000982,U001980,2025-01-24 06:36:32,2025-01-24,Paid Ads,Desktop,South,35-44,Below 25K,Personal Loan,0,9,724,Product Page Viewed,1,0,0,0,0,Product Page Viewed,Unclear product value,116274,1,4
982,S000983,U000969,2025-01-17 15:55:57,2025-01-17,Email,Mobile,West,35-44,25K-50K,Personal Loan,1,11,121,Lead Form Started,1,1,1,1,0,Lead Form Started,Document requirement concern,91948,1,3
983,S000984,U000819,2025-04-27 21:09:27,2025-04-27,Paid Ads,Mobile,Central,25-34,100K+,Credit Card,0,2,604,Product Page Viewed,1,0,0,0,0,Product Page Viewed,High interest-rate concern,34557,4,17
984,S000985,U000954,2025-06-24 05:42:17,2025-06-24,Organic Search,Mobile,East,18-24,50K-100K,Personal Loan,0,11,617,Product Page Viewed,1,0,0,0,0,Product Page Viewed,Unclear product value,152270,6,26
985,S000986,U000109,2025-04-23 15:18:33,2025-04-23,Referral,Desktop,North,25-34,Below 25K,Insurance Plan,1,3,557,Product Page Viewed,1,0,0,0,0,Product Page Viewed,High interest-rate concern,4400,4,17
986,S000987,U000625,2025-05-11 01:30:51,2025-05-11,Email,Mobile,Central,25-34,25K-50K,Savings Account,0,12,478,Calculator Used,1,1,0,0,0,Calculator Used,Required information unavailable,12017,5,19
987,S000988,U001388,2025-01-21 20:51:07,2025-01-21,Organic Search,Tablet,South,45-54,25K-50K,Personal Loan,0,8,469,Calculator Used,1,1,0,0,0,Calculator Used,Calculator result not attractive,124633,1,4
988,S000989,U000090,2025-05-06 05:00:58,2025-05-06,Referral,Desktop,North,25-34,50K-100K,Savings Account,1,6,400,Lead Form Submitted,1,1,1,1,1,,,0,5,19
989,S000990,U001185,2025-05-26 08:59:07,2025-05-26,Paid Ads,Mobile,South,35-44,50K-100K,Credit Card,0,2,739,Product Page Viewed,1,0,0,0,0,Product Page Viewed,Comparing alternatives,35882,5,22
990,S000991,U000982,2025-06-05 02:06:21,2025-06-05,Email,Mobile,North,25-34,Below 25K,Credit Card,0,4,305,Product Page Viewed,1,0,0,0,0,Product Page Viewed,Unclear product value,28826,6,23
991,S000992,U000480,2025-06-21 01:36:57,2025-06-21,Organic Search,Mobile,East,45-54,25K-50K,Insurance Plan,0,11,1162,Product Page Viewed,1,0,0,0,0,Product Page Viewed,High interest-rate concern,9452,6,25
992,S000993,U001908,2025-01-12 06:29:14,2025-01-12,Direct,Desktop,North,35-44,Below 25K,Savings Account,0,10,521,Calculator Used,1,1,0,0,0,Calculator Used,Required information unavailable,10136,1,2
993,S000994,U001309,2025-06-15 08:53:52,2025-06-15,Paid Ads,Mobile,East,35-44,Below 25K,Credit Card,0,12,561,Lead Form Submitted,1,1,1,1,1,,,0,6,24
994,S000995,U000442,2025-01-24 15:45:12,2025-01-24,Paid Ads,Mobile,West,45-54,25K-50K,Credit Card,0,8,982,Product Page Viewed,1,0,0,0,0,Product Page Viewed,Comparing alternatives,33095,1,4
995,S000996,U000662,2025-06-23 23:57:39,2025-06-23,Email,Desktop,West,35-44,Below 25K,Insurance Plan,0,11,1135,Website Visit,0,0,0,0,0,Website Visit,Immediate bounce,6460,6,26
996,S000997,U001535,2025-05-02 11:16:41,2025-05-02,Direct,Mobile,East,45-54,100K+,Credit Card,0,8,186,Product Page Viewed,1,0,0,0,0,Product Page Viewed,High interest-rate concern,26272,5,18
997,S000998,U000297,2025-05-05 23:57:15,2025-05-05,Social Media,Tablet,North,45-54,50K-100K,Credit Card,0,8,627,Product Page Viewed,1,0,0,0,0,Product Page Viewed,Comparing alternatives,29633,5,19
998,S000999,U000989,2025-03-03 00:10:32,2025-03-03,Referral,Mobile,West,25-34,50K-100K,Credit Card,0,1,1082,Lead Form Submitted,1,1,1,1,1,,,0,3,10
999,S001000,U001668,2025-05-11 21:19:50,2025-05-11,Social Media,Desktop,North,25-34,100K+,Savings Account,0,2,982,Product Page Viewed,1,0,0,0,0,Product Page Viewed,Technical issue,21182,5,19
1000,S001001,U001323,2025-04-20 07:16:42,2025-04-20,Social Media,Desktop,Central,35-44,50K-100K,Personal Loan,1,2,919,Calculator Used,1,1,0,0,0,Calculator Used,Comparing alternatives,111062,4,16
1001,S001002,U001015,2025-01-25 09:38:57,2025-01-25,Paid Ads,Desktop,South,25-34,50K-100K,Credit Card,0,4,209,Lead Form Started,1,1,1,1,0,Lead Form Started,Session timeout,17068,1,4
1002,S001003,U001590,2025-05-25 09:26:35,2025-05-25,Organic Search,Desktop,North,45-54,100K+,Savings Account,1,8,142,Lead Form Submitted,1,1,1,1,1,,,0,5,21
1003,S001004,U001351,2025-02-08 11:08:55,2025-02-08,Social Media,Desktop,North,18-24,25K-50K,Savings Account,0,1,270,Product Page Viewed,1,0,0,0,0,Product Page Viewed,Comparing alternatives,21065,2,6
1004,S001005,U001983,2025-01-16 06:17:08,2025-01-16,Organic Search,Mobile,South,18-24,50K-100K,Personal Loan,0,10,889,Website Visit,0,0,0,0,0,Website Visit,Not ready to explore,148196,1,3
1005,S001006,U001948,2025-02-18 07:55:34,2025-02-18,Paid Ads,Desktop,East,35-44,25K-50K,Savings Account,0,3,87,Lead Form Submitted,1,1,1,1,1,,,0,2,8
1006,S001007,U001076,2025-05-05 06:54:57,2025-05-05,Referral,Desktop,Central,25-34,Below 25K,Insurance Plan,1,10,945,Lead Form Submitted,1,1,1,1,1,,,0,5,19
1007,S001008,U001605,2025-06-03 15:26:11,2025-06-03,Email,Desktop,South,55+,50K-100K,Insurance Plan,0,2,402,Calculator Used,1,1,0,0,0,Calculator Used,Required information unavailable,9798,6,23
1008,S001009,U001622,2025-01-26 01:22:50,2025-01-26,Direct,Desktop,North,35-44,25K-50K,Insurance Plan,0,2,880,Lead Form Submitted,1,1,1,1,1,,,0,1,4
1009,S001010,U000551,2025-06-10 09:40:56,2025-06-10,Social Media,Mobile,North,45-54,100K+,Savings Account,0,2,284,Lead Form Submitted,1,1,1,1,1,,,0,6,24
1010,S001011,U000738,2025-05-11 09:01:44,2025-05-11,Paid Ads,Desktop,West,18-24,100K+,Personal Loan,0,5,731,Product Page Viewed,1,0,0,0,0,Product Page Viewed,Unclear product value,113293,5,19
1011,S001012,U000383,2025-06-20 19:08:30,2025-06-20,Direct,Desktop,South,25-34,100K+,Personal Loan,0,1,1000,Product Page Viewed,1,0,0,0,0,Product Page Viewed,High interest-rate concern,66526,6,25
1012,S001013,U000824,2025-01-09 09:31:11,2025-01-09,Organic Search,Mobile,Central,35-44,50K-100K,Personal Loan,0,10,568,Product Page Viewed,1,0,0,0,0,Product Page Viewed,Unclear product value,77571,1,2
1013,S001014,U000291,2025-05-20 17:38:01,2025-05-20,Direct,Desktop,North,35-44,100K+,Personal Loan,1,11,1040,Lead Form Submitted,1,1,1,1,1,,,0,5,21
1014,S001015,U000401,2025-04-11 19:52:27,2025-04-11,Social Media,Mobile,East,25-34,50K-100K,Insurance Plan,0,3,1059,Lead Form Submitted,1,1,1,1,1,,,0,4,15
1015,S001016,U000040,2025-03-16 06:41:05,2025-03-16,Paid Ads,Mobile,North,45-54,25K-50K,Savings Account,0,5,443,Product Page Viewed,1,0,0,0,0,Product Page Viewed,Unclear product value,15837,3,11
1016,S001017,U001120,2025-05-03 04:40:01,2025-05-03,Social Media,Desktop,North,45-54,25K-50K,Insurance Plan,0,2,615,Website Visit,0,0,0,0,0,Website Visit,Not ready to explore,4666,5,18
1017,S001018,U001495,2025-04-01 17:39:07,2025-04-01,Organic Search,Mobile,East,35-44,Below 25K,Credit Card,0,11,1063,CTA Clicked,1,1,1,0,0,CTA Clicked,Privacy concern,24358,4,14
1018,S001019,U001178,2025-04-27 23:41:42,2025-04-27,Paid Ads,Tablet,South,25-34,Below 25K,Savings Account,0,3,209,Website Visit,0,0,0,0,0,Website Visit,Immediate bounce,16891,4,17
1019,S001020,U000379,2025-06-29 04:19:45,2025-06-29,Email,Mobile,East,35-44,100K+,Personal Loan,0,1,455,Calculator Used,1,1,0,0,0,Calculator Used,Required information unavailable,161582,6,26
1020,S001021,U001018,2025-02-27 13:10:15,2025-02-27,Social Media,Tablet,East,35-44,25K-50K,Savings Account,1,10,866,CTA Clicked,1,1,1,0,0,CTA Clicked,Not ready to apply,18622,2,9
1021,S001022,U000447,2025-02-16 19:25:07,2025-02-16,Paid Ads,Desktop,West,18-24,50K-100K,Insurance Plan,0,5,78,Product Page Viewed,1,0,0,0,0,Product Page Viewed,Technical issue,4905,2,7
1022,S001023,U000273,2025-03-05 15:27:44,2025-03-05,Direct,Mobile,South,45-54,50K-100K,Personal Loan,1,12,481,Product Page Viewed,1,0,0,0,0,Product Page Viewed,High interest-rate concern,148556,3,10
1023,S001024,U000510,2025-06-11 09:47:39,2025-06-11,Email,Desktop,West,35-44,100K+,Savings Account,1,1,500,Product Page Viewed,1,0,0,0,0,Product Page Viewed,Comparing alternatives,13044,6,24
1024,S001025,U000481,2025-03-20 06:18:04,2025-03-20,Referral,Mobile,South,55+,50K-100K,Credit Card,1,5,1062,Product Page Viewed,1,0,0,0,0,Product Page Viewed,Unclear product value,23416,3,12
1025,S001026,U000133,2025-01-02 05:00:18,2025-01-02,Direct,Mobile,West,25-34,Below 25K,Savings Account,1,3,232,Product Page Viewed,1,0,0,0,0,Product Page Viewed,High interest-rate concern,18303,1,1
1026,S001027,U000933,2025-01-11 11:50:36,2025-01-11,Paid Ads,Mobile,West,25-34,Below 25K,Credit Card,0,5,891,CTA Clicked,1,1,1,0,0,CTA Clicked,Form looked too long,27389,1,2
1027,S001028,U001918,2025-04-28 17:33:59,2025-04-28,Direct,Tablet,South,18-24,Below 25K,Personal Loan,0,2,99,Product Page Viewed,1,0,0,0,0,Product Page Viewed,Technical issue,98546,4,18
1028,S001029,U001058,2025-06-27 15:03:39,2025-06-27,Organic Search,Tablet,North,55+,25K-50K,Personal Loan,0,4,341,Lead Form Submitted,1,1,1,1,1,,,0,6,26
1029,S001030,U000634,2025-03-17 23:01:45,2025-03-17,Email,Desktop,West,25-34,100K+,Personal Loan,0,5,1071,CTA Clicked,1,1,1,0,0,CTA Clicked,Form looked too long,159899,3,12
1030,S001031,U001485,2025-02-18 19:24:24,2025-02-18,Email,Mobile,North,25-34,25K-50K,Personal Loan,1,7,427,Product Page Viewed,1,0,0,0,0,Product Page Viewed,Technical issue,77752,2,8
1031,S001032,U001137,2025-02-16 09:00:15,2025-02-16,Organic Search,Desktop,North,35-44,25K-50K,Personal Loan,1,11,16,Product Page Viewed,1,0,0,0,0,Product Page Viewed,Comparing alternatives,120901,2,7
1032,S001033,U001584,2025-04-05 05:42:34,2025-04-05,Email,Tablet,North,18-24,50K-100K,Personal Loan,1,8,671,Product Page Viewed,1,0,0,0,0,Product Page Viewed,Technical issue,137140,4,14
1033,S001034,U000993,2025-05-22 10:06:33,2025-05-22,Referral,Desktop,West,35-44,100K+,Savings Account,0,11,1118,Lead Form Submitted,1,1,1,1,1,,,0,5,21
1034,S001035,U001091,2025-03-28 08:20:58,2025-03-28,Direct,Mobile,East,18-24,50K-100K,Insurance Plan,0,6,140,Product Page Viewed,1,0,0,0,0,Product Page Viewed,Unclear product value,5825,3,13
1035,S001036,U001175,2025-02-28 15:36:44,2025-02-28,Referral,Desktop,Central,25-34,50K-100K,Personal Loan,0,12,80,Lead Form Submitted,1,1,1,1,1,,,0,2,9
1036,S001037,U000814,2025-06-10 01:47:26,2025-06-10,Direct,Mobile,East,25-34,Below 25K,Personal Loan,1,12,802,Product Page Viewed,1,0,0,0,0,Product Page Viewed,High interest-rate concern,149713,6,24
1037,S001038,U000110,2025-05-12 05:44:55,2025-05-12,Direct,Desktop,West,25-34,25K-50K,Credit Card,0,4,428,Calculator Used,1,1,0,0,0,Calculator Used,Required information unavailable,33949,5,20
1038,S001039,U001156,2025-06-14 15:51:34,2025-06-14,Organic Search,Desktop,South,25-34,50K-100K,Insurance Plan,0,7,184,Product Page Viewed,1,0,0,0,0,Product Page Viewed,Unclear product value,8284,6,24
1039,S001040,U001535,2025-03-26 16:23:58,2025-03-26,Referral,Desktop,East,25-34,Below 25K,Credit Card,1,8,259,Lead Form Submitted,1,1,1,1,1,,,0,3,13
1040,S001041,U001927,2025-05-11 07:07:28,2025-05-11,Organic Search,Mobile,South,45-54,Below 25K,Insurance Plan,1,10,1012,Website Visit,0,0,0,0,0,Website Visit,Landing page mismatch,8481,5,19
1041,S001042,U000008,2025-02-13 04:53:39,2025-02-13,Organic Search,Desktop,North,25-34,50K-100K,Credit Card,1,10,773,Calculator Used,1,1,0,0,0,Calculator Used,Comparing alternatives,31134,2,7
1042,S001043,U001393,2025-06-06 16:01:52,2025-06-06,Social Media,Desktop,East,35-44,50K-100K,Credit Card,1,5,659,Product Page Viewed,1,0,0,0,0,Product Page Viewed,Unclear product value,34664,6,23
1043,S001044,U001894,2025-01-16 04:17:04,2025-01-16,Paid Ads,Mobile,West,25-34,50K-100K,Personal Loan,0,2,205,Lead Form Submitted,1,1,1,1,1,,,0,1,3
1044,S001045,U001775,2025-05-06 00:03:42,2025-05-06,Direct,Mobile,West,35-44,50K-100K,Insurance Plan,0,10,310,Calculator Used,1,1,0,0,0,Calculator Used,Comparing alternatives,9449,5,19
1045,S001046,U001178,2025-01-04 12:42:42,2025-01-04,Email,Mobile,West,25-34,100K+,Credit Card,0,1,412,Product Page Viewed,1,0,0,0,0,Product Page Viewed,Unclear product value,33465,1,1
1046,S001047,U000419,2025-03-29 01:48:17,2025-03-29,Direct,Desktop,South,55+,Below 25K,Personal Loan,0,2,1186,Lead Form Submitted,1,1,1,1,1,,,0,3,13
1047,S001048,U000258,2025-05-07 14:52:20,2025-05-07,Organic Search,Mobile,South,25-34,50K-100K,Credit Card,0,5,672,Website Visit,0,0,0,0,0,Website Visit,Immediate bounce,32519,5,19
1048,S001049,U000196,2025-06-24 01:59:06,2025-06-24,Paid Ads,Desktop,Central,35-44,50K-100K,Savings Account,1,9,530,Website Visit,0,0,0,0,0,Website Visit,Not ready to explore,20731,6,26
1049,S001050,U001355,2025-05-15 06:46:15,2025-05-15,Direct,Desktop,North,35-44,25K-50K,Personal Loan,0,12,1113,Product Page Viewed,1,0,0,0,0,Product Page Viewed,Technical issue,135758,5,20
1050,S001051,U001184,2025-03-30 09:15:17,2025-03-30,Paid Ads,Mobile,South,25-34,50K-100K,Personal Loan,1,10,279,Product Page Viewed,1,0,0,0,0,Product Page Viewed,High interest-rate concern,102000,3,13
1051,S001052,U001927,2025-02-17 19:19:48,2025-02-17,Paid Ads,Desktop,East,35-44,100K+,Credit Card,0,9,1031,Product Page Viewed,1,0,0,0,0,Product Page Viewed,High interest-rate concern,35585,2,8
1052,S001053,U000559,2025-02-07 00:08:15,2025-02-07,Organic Search,Tablet,East,45-54,25K-50K,Credit Card,0,10,871,Product Page Viewed,1,0,0,0,0,Product Page Viewed,Unclear product value,25738,2,6
1053,S001054,U001016,2025-04-08 03:19:25,2025-04-08,Email,Desktop,Central,55+,25K-50K,Credit Card,0,3,454,Lead Form Started,1,1,1,1,0,Lead Form Started,Session timeout,16714,4,15
1054,S001055,U000217,2025-02-18 13:08:43,2025-02-18,Organic Search,Tablet,Central,25-34,Below 25K,Credit Card,0,9,537,Website Visit,0,0,0,0,0,Website Visit,Immediate bounce,29143,2,8
1055,S001056,U000614,2025-02-02 02:07:18,2025-02-02,Organic Search,Desktop,East,55+,50K-100K,Credit Card,0,9,391,Calculator Used,1,1,0,0,0,Calculator Used,Required information unavailable,35011,2,5
1056,S001057,U000958,2025-06-09 23:36:53,2025-06-09,Organic Search,Desktop,East,25-34,Below 25K,Insurance Plan,0,3,229,CTA Clicked,1,1,1,0,0,CTA Clicked,Privacy concern,8500,6,24
1057,S001058,U001602,2025-01-16 06:28:19,2025-01-16,Direct,Mobile,North,25-34,100K+,Personal Loan,1,2,1170,Lead Form Started,1,1,1,1,0,Lead Form Started,Too many required fields,149479,1,3
1058,S001059,U000599,2025-04-16 03:21:26,2025-04-16,Referral,Mobile,Central,18-24,50K-100K,Credit Card,0,7,996,Product Page Viewed,1,0,0,0,0,Product Page Viewed,Technical issue,21007,4,16
1059,S001060,U001381,2025-05-21 17:36:53,2025-05-21,Email,Mobile,East,35-44,50K-100K,Savings Account,1,11,1060,Product Page Viewed,1,0,0,0,0,Product Page Viewed,High interest-rate concern,16263,5,21
1060,S001061,U001792,2025-02-08 05:34:50,2025-02-08,Paid Ads,Mobile,South,25-34,25K-50K,Savings Account,1,1,761,Lead Form Started,1,1,1,1,0,Lead Form Started,Too many required fields,14332,2,6
1061,S001062,U001064,2025-06-25 17:59:46,2025-06-25,Paid Ads,Desktop,North,35-44,25K-50K,Personal Loan,0,8,286,Product Page Viewed,1,0,0,0,0,Product Page Viewed,High interest-rate concern,133401,6,26
1062,S001063,U000524,2025-06-08 17:00:43,2025-06-08,Organic Search,Mobile,Central,25-34,25K-50K,Credit Card,0,10,611,Product Page Viewed,1,0,0,0,0,Product Page Viewed,Technical issue,18087,6,23
1063,S001064,U000143,2025-04-22 22:15:05,2025-04-22,Organic Search,Mobile,East,35-44,Below 25K,Personal Loan,0,3,583,Product Page Viewed,1,0,0,0,0,Product Page Viewed,High interest-rate concern,158342,4,17
1064,S001065,U000213,2025-02-08 18:34:51,2025-02-08,Social Media,Tablet,North,25-34,25K-50K,Savings Account,0,3,465,Product Page Viewed,1,0,0,0,0,Product Page Viewed,Technical issue,19113,2,6
1065,S001066,U001851,2025-03-08 18:05:31,2025-03-08,Referral,Mobile,Central,25-34,25K-50K,Credit Card,0,2,719,Calculator Used,1,1,0,0,0,Calculator Used,Calculator result not attractive,26038,3,10
1066,S001067,U000775,2025-03-12 22:00:20,2025-03-12,Direct,Desktop,South,18-24,100K+,Credit Card,1,10,601,Product Page Viewed,1,0,0,0,0,Product Page Viewed,Unclear product value,16015,3,11
1067,S001068,U001116,2025-02-08 05:25:34,2025-02-08,Email,Mobile,East,45-54,100K+,Personal Loan,0,9,1189,Product Page Viewed,1,0,0,0,0,Product Page Viewed,Unclear product value,139547,2,6
1068,S001069,U001218,2025-01-31 12:09:39,2025-01-31,Social Media,Mobile,Central,45-54,100K+,Credit Card,0,4,382,Product Page Viewed,1,0,0,0,0,Product Page Viewed,Technical issue,37707,1,5
1069,S001070,U000797,2025-04-19 16:00:49,2025-04-19,Email,Mobile,Central,55+,50K-100K,Credit Card,0,12,869,Calculator Used,1,1,0,0,0,Calculator Used,Required information unavailable,20897,4,16
1070,S001071,U000108,2025-02-21 21:50:36,2025-02-21,Organic Search,Desktop,East,25-34,Below 25K,Insurance Plan,0,2,736,Product Page Viewed,1,0,0,0,0,Product Page Viewed,Technical issue,4868,2,8
1071,S001072,U000237,2025-02-10 18:19:00,2025-02-10,Email,Mobile,North,35-44,100K+,Personal Loan,0,5,786,Product Page Viewed,1,0,0,0,0,Product Page Viewed,High interest-rate concern,155094,2,7
1072,S001073,U001157,2025-04-17 00:19:16,2025-04-17,Direct,Desktop,South,25-34,100K+,Insurance Plan,0,3,1004,Product Page Viewed,1,0,0,0,0,Product Page Viewed,Unclear product value,10316,4,16
1073,S001074,U001131,2025-03-07 06:31:00,2025-03-07,Email,Mobile,North,35-44,25K-50K,Credit Card,0,11,326,Website Visit,0,0,0,0,0,Website Visit,Not ready to explore,37167,3,10
1074,S001075,U000876,2025-05-31 19:41:53,2025-05-31,Referral,Mobile,Central,35-44,50K-100K,Credit Card,1,11,626,Calculator Used,1,1,0,0,0,Calculator Used,Calculator result not attractive,26950,5,22
1075,S001076,U001618,2025-03-30 10:32:34,2025-03-30,Direct,Mobile,Central,35-44,100K+,Insurance Plan,0,1,1152,Calculator Used,1,1,0,0,0,Calculator Used,Technical issue,8360,3,13
1076,S001077,U000688,2025-06-13 09:32:55,2025-06-13,Paid Ads,Mobile,South,45-54,25K-50K,Credit Card,0,12,786,Lead Form Submitted,1,1,1,1,1,,,0,6,24
1077,S001078,U001667,2025-04-05 17:23:21,2025-04-05,Social Media,Desktop,South,18-24,25K-50K,Personal Loan,1,4,452,Product Page Viewed,1,0,0,0,0,Product Page Viewed,Technical issue,113498,4,14
1078,S001079,U001085,2025-02-24 05:14:40,2025-02-24,Social Media,Mobile,East,25-34,25K-50K,Personal Loan,0,4,794,Product Page Viewed,1,0,0,0,0,Product Page Viewed,Unclear product value,112133,2,9
1079,S001080,U001914,2025-02-26 01:59:48,2025-02-26,Email,Mobile,West,45-54,100K+,Savings Account,0,12,183,Lead Form Started,1,1,1,1,0,Lead Form Started,Too many required fields,22113,2,9
1080,S001081,U001571,2025-01-23 17:47:19,2025-01-23,Social Media,Desktop,South,55+,50K-100K,Personal Loan,0,1,955,Product Page Viewed,1,0,0,0,0,Product Page Viewed,High interest-rate concern,66829,1,4
1081,S001082,U001534,2025-03-22 18:02:27,2025-03-22,Email,Mobile,South,45-54,50K-100K,Credit Card,1,11,625,Calculator Used,1,1,0,0,0,Calculator Used,Required information unavailable,21304,3,12
1082,S001083,U000859,2025-02-23 02:44:23,2025-02-23,Organic Search,Mobile,West,45-54,25K-50K,Personal Loan,0,5,1169,Calculator Used,1,1,0,0,0,Calculator Used,Calculator result not attractive,66059,2,8
1083,S001084,U001126,2025-05-18 14:02:10,2025-05-18,Organic Search,Desktop,Central,25-34,25K-50K,Savings Account,1,3,1175,Calculator Used,1,1,0,0,0,Calculator Used,Comparing alternatives,9460,5,20
1084,S001085,U001927,2025-01-03 04:35:41,2025-01-03,Organic Search,Mobile,West,35-44,50K-100K,Savings Account,0,9,780,Lead Form Submitted,1,1,1,1,1,,,0,1,1
1085,S001086,U001886,2025-05-22 01:01:53,2025-05-22,Direct,Desktop,South,25-34,50K-100K,Personal Loan,1,9,1051,Lead Form Started,1,1,1,1,0,Lead Form Started,Technical issue,131515,5,21
1086,S001087,U000909,2025-03-24 06:22:09,2025-03-24,Referral,Mobile,East,35-44,Below 25K,Personal Loan,0,6,192,Lead Form Started,1,1,1,1,0,Lead Form Started,Too many required fields,80498,3,13
1087,S001088,U000818,2025-03-01 08:43:23,2025-03-01,Paid Ads,Desktop,East,45-54,Below 25K,Credit Card,0,12,448,Product Page Viewed,1,0,0,0,0,Product Page Viewed,High interest-rate concern,22381,3,9
1088,S001089,U000681,2025-01-03 19:29:31,2025-01-03,Organic Search,Desktop,North,35-44,50K-100K,Personal Loan,0,2,737,Lead Form Submitted,1,1,1,1,1,,,0,1,1
1089,S001090,U000086,2025-03-21 16:37:08,2025-03-21,Organic Search,Tablet,South,45-54,50K-100K,Personal Loan,0,8,530,Product Page Viewed,1,0,0,0,0,Product Page Viewed,Unclear product value,71136,3,12
1090,S001091,U001931,2025-05-21 00:51:02,2025-05-21,Social Media,Mobile,East,35-44,50K-100K,Personal Loan,0,5,87,Calculator Used,1,1,0,0,0,Calculator Used,Required information unavailable,127914,5,21
1091,S001092,U001281,2025-01-22 03:59:34,2025-01-22,Paid Ads,Desktop,East,25-34,Below 25K,Credit Card,1,4,1181,Calculator Used,1,1,0,0,0,Calculator Used,Calculator result not attractive,30449,1,4
1092,S001093,U000414,2025-03-09 15:37:54,2025-03-09,Direct,Mobile,South,25-34,100K+,Savings Account,0,12,988,Product Page Viewed,1,0,0,0,0,Product Page Viewed,Unclear product value,10660,3,10
1093,S001094,U000160,2025-02-08 07:29:43,2025-02-08,Direct,Desktop,South,25-34,50K-100K,Insurance Plan,0,1,131,Calculator Used,1,1,0,0,0,Calculator Used,Required information unavailable,7217,2,6
1094,S001095,U001806,2025-04-29 10:34:53,2025-04-29,Referral,Mobile,North,25-34,50K-100K,Personal Loan,0,12,553,Product Page Viewed,1,0,0,0,0,Product Page Viewed,Unclear product value,64551,4,18
1095,S001096,U000392,2025-04-01 06:25:38,2025-04-01,Referral,Desktop,North,18-24,50K-100K,Insurance Plan,0,4,117,Product Page Viewed,1,0,0,0,0,Product Page Viewed,Comparing alternatives,8389,4,14
1096,S001097,U001160,2025-03-09 13:02:42,2025-03-09,Direct,Desktop,West,45-54,25K-50K,Personal Loan,1,1,1197,CTA Clicked,1,1,1,0,0,CTA Clicked,Form looked too long,69781,3,10
1097,S001098,U000393,2025-03-03 04:49:25,2025-03-03,Social Media,Desktop,Central,55+,50K-100K,Insurance Plan,0,2,692,Lead Form Submitted,1,1,1,1,1,,,0,3,10
1098,S001099,U001707,2025-02-18 07:35:26,2025-02-18,Email,Mobile,East,45-54,25K-50K,Savings Account,0,2,529,Website Visit,0,0,0,0,0,Website Visit,Immediate bounce,13823,2,8
1099,S001100,U001064,2025-03-23 11:36:15,2025-03-23,Email,Mobile,Central,35-44,Below 25K,Personal Loan,0,9,637,Product Page Viewed,1,0,0,0,0,Product Page Viewed,Technical issue,126485,3,12
1100,S001101,U001819,2025-02-18 13:19:29,2025-02-18,Paid Ads,Desktop,West,35-44,50K-100K,Personal Loan,0,4,390,Product Page Viewed,1,0,0,0,0,Product Page Viewed,Comparing alternatives,102395,2,8
1101,S001102,U001644,2025-05-17 09:10:17,2025-05-17,Social Media,Desktop,South,18-24,100K+,Credit Card,1,9,268,Lead Form Submitted,1,1,1,1,1,,,0,5,20
1102,S001103,U000334,2025-01-16 13:05:32,2025-01-16,Paid Ads,Mobile,South,35-44,25K-50K,Savings Account,0,11,300,Product Page Viewed,1,0,0,0,0,Product Page Viewed,Comparing alternatives,19891,1,3
1103,S001104,U000648,2025-02-06 16:55:14,2025-02-06,Referral,Mobile,North,45-54,50K-100K,Savings Account,0,5,284,Product Page Viewed,1,0,0,0,0,Product Page Viewed,Unclear product value,17047,2,6
1104,S001105,U001618,2025-04-19 23:48:06,2025-04-19,Paid Ads,Desktop,East,35-44,25K-50K,Savings Account,0,8,29,Product Page Viewed,1,0,0,0,0,Product Page Viewed,Comparing alternatives,11839,4,16
1105,S001106,U001543,2025-02-02 05:32:57,2025-02-02,Social Media,Mobile,South,18-24,Below 25K,Personal Loan,1,5,402,Product Page Viewed,1,0,0,0,0,Product Page Viewed,Unclear product value,94342,2,5
1106,S001107,U001487,2025-01-27 14:39:21,2025-01-27,Social Media,Mobile,North,35-44,Below 25K,Savings Account,0,5,650,Website Visit,0,0,0,0,0,Website Visit,Slow page load,20966,1,5
1107,S001108,U000343,2025-04-10 18:40:57,2025-04-10,Organic Search,Desktop,East,25-34,50K-100K,Savings Account,1,4,873,Lead Form Submitted,1,1,1,1,1,,,0,4,15
1108,S001109,U000860,2025-05-13 01:06:02,2025-05-13,Organic Search,Desktop,West,45-54,50K-100K,Savings Account,0,9,440,Product Page Viewed,1,0,0,0,0,Product Page Viewed,Unclear product value,13335,5,20
1109,S001110,U001786,2025-03-04 03:24:32,2025-03-04,Organic Search,Desktop,West,25-34,100K+,Savings Account,0,9,991,Lead Form Submitted,1,1,1,1,1,,,0,3,10
1110,S001111,U000723,2025-01-02 12:01:03,2025-01-02,Paid Ads,Desktop,East,55+,50K-100K,Credit Card,0,11,776,Website Visit,0,0,0,0,0,Website Visit,Not ready to explore,38940,1,1
1111,S001112,U001281,2025-05-31 16:04:11,2025-05-31,Organic Search,Mobile,Central,18-24,50K-100K,Personal Loan,0,2,71,Calculator Used,1,1,0,0,0,Calculator Used,Comparing alternatives,90563,5,22
1112,S001113,U001345,2025-04-27 08:49:16,2025-04-27,Paid Ads,Mobile,West,25-34,Below 25K,Insurance Plan,0,2,663,Product Page Viewed,1,0,0,0,0,Product Page Viewed,Unclear product value,7743,4,17
1113,S001114,U001065,2025-04-18 09:53:59,2025-04-18,Direct,Mobile,North,55+,50K-100K,Personal Loan,0,11,908,Product Page Viewed,1,0,0,0,0,Product Page Viewed,Technical issue,128580,4,16
1114,S001115,U001794,2025-01-16 02:39:00,2025-01-16,Email,Desktop,Central,25-34,50K-100K,Personal Loan,0,5,87,CTA Clicked,1,1,1,0,0,CTA Clicked,Privacy concern,103491,1,3
1115,S001116,U000631,2025-01-20 06:24:05,2025-01-20,Paid Ads,Desktop,Central,18-24,50K-100K,Personal Loan,0,5,499,Lead Form Started,1,1,1,1,0,Lead Form Started,Document requirement concern,92738,1,4
1116,S001117,U000822,2025-02-08 01:45:43,2025-02-08,Referral,Desktop,East,25-34,50K-100K,Credit Card,0,11,276,Lead Form Submitted,1,1,1,1,1,,,0,2,6
1117,S001118,U001407,2025-01-10 20:14:44,2025-01-10,Organic Search,Desktop,North,45-54,25K-50K,Insurance Plan,0,4,857,Website Visit,0,0,0,0,0,Website Visit,Slow page load,10373,1,2
1118,S001119,U001899,2025-03-08 00:37:43,2025-03-08,Organic Search,Mobile,South,35-44,50K-100K,Credit Card,1,3,932,Product Page Viewed,1,0,0,0,0,Product Page Viewed,Technical issue,29895,3,10
1119,S001120,U001818,2025-06-06 17:15:39,2025-06-06,Organic Search,Desktop,West,35-44,50K-100K,Personal Loan,0,12,245,Product Page Viewed,1,0,0,0,0,Product Page Viewed,Technical issue,141370,6,23
1120,S001121,U001126,2025-05-25 08:04:06,2025-05-25,Organic Search,Desktop,North,18-24,25K-50K,Credit Card,0,7,1095,Lead Form Started,1,1,1,1,0,Lead Form Started,Document requirement concern,37975,5,21
1121,S001122,U000243,2025-02-23 22:35:48,2025-02-23,Direct,Desktop,West,35-44,100K+,Credit Card,1,6,642,Calculator Used,1,1,0,0,0,Calculator Used,Technical issue,18887,2,8
1122,S001123,U001281,2025-05-03 00:51:20,2025-05-03,Organic Search,Mobile,North,35-44,Below 25K,Savings Account,0,2,153,Product Page Viewed,1,0,0,0,0,Product Page Viewed,Unclear product value,14076,5,18
1123,S001124,U001174,2025-05-18 08:23:41,2025-05-18,Referral,Mobile,North,45-54,Below 25K,Savings Account,0,5,952,Product Page Viewed,1,0,0,0,0,Product Page Viewed,Technical issue,16778,5,20
1124,S001125,U000693,2025-05-07 17:57:22,2025-05-07,Paid Ads,Desktop,South,18-24,25K-50K,Savings Account,1,4,201,Calculator Used,1,1,0,0,0,Calculator Used,Comparing alternatives,10607,5,19
1125,S001126,U001459,2025-05-03 17:29:13,2025-05-03,Paid Ads,Desktop,North,25-34,25K-50K,Insurance Plan,1,1,837,Product Page Viewed,1,0,0,0,0,Product Page Viewed,Technical issue,8158,5,18
1126,S001127,U001504,2025-01-07 18:34:02,2025-01-07,Referral,Mobile,Central,55+,25K-50K,Personal Loan,1,4,389,Calculator Used,1,1,0,0,0,Calculator Used,Calculator result not attractive,140965,1,2
1127,S001128,U001782,2025-01-31 09:28:43,2025-01-31,Social Media,Mobile,West,25-34,Below 25K,Savings Account,0,6,421,Calculator Used,1,1,0,0,0,Calculator Used,Calculator result not attractive,19183,1,5
1128,S001129,U001094,2025-05-25 12:40:42,2025-05-25,Organic Search,Mobile,North,18-24,50K-100K,Personal Loan,1,9,192,Calculator Used,1,1,0,0,0,Calculator Used,Required information unavailable,63001,5,21
1129,S001130,U001634,2025-06-24 11:24:38,2025-06-24,Organic Search,Mobile,East,35-44,25K-50K,Personal Loan,0,10,975,Product Page Viewed,1,0,0,0,0,Product Page Viewed,High interest-rate concern,64132,6,26
1130,S001131,U001206,2025-06-26 15:20:48,2025-06-26,Paid Ads,Mobile,West,35-44,Below 25K,Insurance Plan,0,12,1077,Product Page Viewed,1,0,0,0,0,Product Page Viewed,Unclear product value,8278,6,26
1131,S001132,U000601,2025-01-02 04:21:32,2025-01-02,Organic Search,Desktop,East,35-44,50K-100K,Savings Account,0,11,125,Calculator Used,1,1,0,0,0,Calculator Used,Technical issue,20086,1,1
1132,S001133,U001973,2025-06-01 15:40:59,2025-06-01,Paid Ads,Mobile,East,35-44,25K-50K,Savings Account,0,2,546,Product Page Viewed,1,0,0,0,0,Product Page Viewed,Technical issue,14565,6,22
1133,S001134,U001540,2025-01-29 19:34:03,2025-01-29,Referral,Mobile,East,25-34,25K-50K,Credit Card,0,8,560,Calculator Used,1,1,0,0,0,Calculator Used,Required information unavailable,29336,1,5
1134,S001135,U001644,2025-06-09 20:40:20,2025-06-09,Direct,Tablet,Central,25-34,Below 25K,Insurance Plan,0,7,577,Calculator Used,1,1,0,0,0,Calculator Used,Comparing alternatives,5714,6,24
1135,S001136,U000791,2025-03-04 08:55:20,2025-03-04,Direct,Mobile,East,35-44,Below 25K,Savings Account,0,8,143,Product Page Viewed,1,0,0,0,0,Product Page Viewed,Unclear product value,9447,3,10
1136,S001137,U000830,2025-03-31 14:54:43,2025-03-31,Referral,Mobile,North,35-44,50K-100K,Savings Account,1,6,157,Product Page Viewed,1,0,0,0,0,Product Page Viewed,High interest-rate concern,12833,3,14
1137,S001138,U000528,2025-05-01 22:01:46,2025-05-01,Paid Ads,Mobile,Central,25-34,50K-100K,Personal Loan,1,4,1172,Product Page Viewed,1,0,0,0,0,Product Page Viewed,High interest-rate concern,115579,5,18
1138,S001139,U000498,2025-05-05 19:01:04,2025-05-05,Email,Desktop,North,35-44,100K+,Savings Account,1,1,947,Product Page Viewed,1,0,0,0,0,Product Page Viewed,Unclear product value,13746,5,19
1139,S001140,U000280,2025-05-27 15:34:17,2025-05-27,Direct,Tablet,Central,45-54,Below 25K,Savings Account,0,2,363,Lead Form Submitted,1,1,1,1,1,,,0,5,22
1140,S001141,U000349,2025-06-02 13:46:51,2025-06-02,Email,Desktop,South,45-54,25K-50K,Personal Loan,0,7,1105,Lead Form Submitted,1,1,1,1,1,,,0,6,23
1141,S001142,U000563,2025-05-03 08:40:29,2025-05-03,Email,Desktop,East,35-44,25K-50K,Insurance Plan,0,12,619,Lead Form Submitted,1,1,1,1,1,,,0,5,18
1142,S001143,U001118,2025-02-24 07:11:33,2025-02-24,Paid Ads,Desktop,North,25-34,100K+,Savings Account,0,8,118,Website Visit,0,0,0,0,0,Website Visit,Immediate bounce,18332,2,9
1143,S001144,U001406,2025-06-26 07:16:49,2025-06-26,Organic Search,Mobile,South,25-34,50K-100K,Credit Card,1,4,562,Calculator Used,1,1,0,0,0,Calculator Used,Required information unavailable,37680,6,26
1144,S001145,U000388,2025-01-07 15:38:31,2025-01-07,Organic Search,Mobile,West,45-54,50K-100K,Savings Account,0,9,280,Lead Form Submitted,1,1,1,1,1,,,0,1,2
1145,S001146,U000254,2025-04-13 15:47:59,2025-04-13,Organic Search,Mobile,South,55+,25K-50K,Credit Card,0,5,1040,CTA Clicked,1,1,1,0,0,CTA Clicked,Not ready to apply,26596,4,15
1146,S001147,U000059,2025-03-22 01:07:59,2025-03-22,Organic Search,Desktop,South,18-24,Below 25K,Personal Loan,0,3,657,Lead Form Submitted,1,1,1,1,1,,,0,3,12
1147,S001148,U001378,2025-03-08 11:26:41,2025-03-08,Paid Ads,Mobile,North,35-44,Below 25K,Insurance Plan,1,11,346,Product Page Viewed,1,0,0,0,0,Product Page Viewed,Comparing alternatives,9894,3,10
1148,S001149,U001796,2025-06-15 16:41:54,2025-06-15,Paid Ads,Mobile,North,35-44,Below 25K,Credit Card,0,12,181,Product Page Viewed,1,0,0,0,0,Product Page Viewed,Technical issue,30723,6,24
1149,S001150,U000620,2025-05-05 05:56:07,2025-05-05,Paid Ads,Desktop,South,18-24,100K+,Insurance Plan,1,3,272,Website Visit,0,0,0,0,0,Website Visit,Landing page mismatch,5222,5,19
1150,S001151,U001568,2025-03-15 19:03:12,2025-03-15,Social Media,Desktop,West,35-44,25K-50K,Savings Account,0,8,782,Product Page Viewed,1,0,0,0,0,Product Page Viewed,High interest-rate concern,9267,3,11
1151,S001152,U001791,2025-05-09 12:05:36,2025-05-09,Social Media,Mobile,South,45-54,50K-100K,Personal Loan,0,3,883,CTA Clicked,1,1,1,0,0,CTA Clicked,Technical issue,151458,5,19
1152,S001153,U001255,2025-02-22 14:29:45,2025-02-22,Social Media,Desktop,West,35-44,25K-50K,Credit Card,0,8,771,Calculator Used,1,1,0,0,0,Calculator Used,Calculator result not attractive,37873,2,8
1153,S001154,U001320,2025-05-04 10:58:48,2025-05-04,Paid Ads,Mobile,South,35-44,25K-50K,Personal Loan,0,1,848,Calculator Used,1,1,0,0,0,Calculator Used,Calculator result not attractive,138974,5,18
1154,S001155,U001078,2025-01-30 13:04:49,2025-01-30,Email,Desktop,North,45-54,50K-100K,Credit Card,1,1,531,Lead Form Submitted,1,1,1,1,1,,,0,1,5
1155,S001156,U001732,2025-04-28 19:29:49,2025-04-28,Social Media,Tablet,East,45-54,50K-100K,Personal Loan,0,9,1171,Product Page Viewed,1,0,0,0,0,Product Page Viewed,High interest-rate concern,126606,4,18
1156,S001157,U000346,2025-04-21 03:52:03,2025-04-21,Organic Search,Mobile,North,35-44,Below 25K,Personal Loan,0,3,1181,Product Page Viewed,1,0,0,0,0,Product Page Viewed,High interest-rate concern,135134,4,17
1157,S001158,U000357,2025-04-22 13:39:40,2025-04-22,Email,Mobile,Central,25-34,Below 25K,Savings Account,0,2,558,Calculator Used,1,1,0,0,0,Calculator Used,Calculator result not attractive,12881,4,17
1158,S001159,U000768,2025-02-02 18:38:56,2025-02-02,Paid Ads,Mobile,South,35-44,25K-50K,Insurance Plan,1,10,577,Calculator Used,1,1,0,0,0,Calculator Used,Technical issue,8699,2,5
1159,S001160,U001333,2025-04-09 03:21:10,2025-04-09,Social Media,Mobile,West,25-34,100K+,Personal Loan,0,4,86,Calculator Used,1,1,0,0,0,Calculator Used,Comparing alternatives,160170,4,15
1160,S001161,U001861,2025-01-11 12:36:21,2025-01-11,Referral,Desktop,North,25-34,25K-50K,Savings Account,0,5,1025,Lead Form Started,1,1,1,1,0,Lead Form Started,Session timeout,11433,1,2
1161,S001162,U000055,2025-03-21 11:37:11,2025-03-21,Email,Desktop,North,35-44,50K-100K,Savings Account,1,5,976,Product Page Viewed,1,0,0,0,0,Product Page Viewed,Unclear product value,9493,3,12
1162,S001163,U000734,2025-04-14 20:41:50,2025-04-14,Referral,Desktop,East,45-54,50K-100K,Personal Loan,0,1,859,Product Page Viewed,1,0,0,0,0,Product Page Viewed,Comparing alternatives,83562,4,16
1163,S001164,U000467,2025-03-24 00:20:36,2025-03-24,Email,Desktop,North,45-54,Below 25K,Personal Loan,0,2,142,Product Page Viewed,1,0,0,0,0,Product Page Viewed,Technical issue,138852,3,13
1164,S001165,U001702,2025-06-04 06:06:56,2025-06-04,Email,Mobile,West,18-24,25K-50K,Credit Card,1,8,398,Lead Form Submitted,1,1,1,1,1,,,0,6,23
1165,S001166,U001156,2025-03-22 08:29:56,2025-03-22,Social Media,Mobile,South,45-54,25K-50K,Credit Card,1,1,1001,Product Page Viewed,1,0,0,0,0,Product Page Viewed,Comparing alternatives,17433,3,12
1166,S001167,U001134,2025-04-28 22:51:33,2025-04-28,Social Media,Mobile,North,45-54,25K-50K,Personal Loan,0,9,400,Product Page Viewed,1,0,0,0,0,Product Page Viewed,Technical issue,133821,4,18
1167,S001168,U001306,2025-05-28 07:49:35,2025-05-28,Organic Search,Mobile,West,25-34,50K-100K,Insurance Plan,0,2,616,Calculator Used,1,1,0,0,0,Calculator Used,Technical issue,9896,5,22
1168,S001169,U001566,2025-05-05 07:11:13,2025-05-05,Paid Ads,Mobile,North,35-44,100K+,Personal Loan,0,4,245,Lead Form Started,1,1,1,1,0,Lead Form Started,Document requirement concern,113109,5,19
1169,S001170,U001314,2025-01-28 07:21:33,2025-01-28,Organic Search,Mobile,Central,25-34,25K-50K,Credit Card,0,5,590,Product Page Viewed,1,0,0,0,0,Product Page Viewed,Technical issue,38060,1,5
1170,S001171,U000439,2025-06-04 17:26:30,2025-06-04,Organic Search,Desktop,East,25-34,Below 25K,Credit Card,0,6,690,Lead Form Submitted,1,1,1,1,1,,,0,6,23
1171,S001172,U001279,2025-05-21 22:17:01,2025-05-21,Referral,Mobile,West,35-44,Below 25K,Personal Loan,1,8,755,Product Page Viewed,1,0,0,0,0,Product Page Viewed,Unclear product value,133634,5,21
1172,S001173,U000492,2025-05-27 20:19:08,2025-05-27,Email,Mobile,North,25-34,Below 25K,Credit Card,1,4,787,Product Page Viewed,1,0,0,0,0,Product Page Viewed,Technical issue,23618,5,22
1173,S001174,U000770,2025-03-16 05:41:40,2025-03-16,Direct,Desktop,South,35-44,50K-100K,Personal Loan,1,8,388,Website Visit,0,0,0,0,0,Website Visit,Not ready to explore,90810,3,11
1174,S001175,U000680,2025-05-19 09:02:30,2025-05-19,Email,Mobile,North,35-44,50K-100K,Personal Loan,0,1,342,Calculator Used,1,1,0,0,0,Calculator Used,Technical issue,126587,5,21
1175,S001176,U000242,2025-02-16 06:05:35,2025-02-16,Referral,Mobile,West,35-44,50K-100K,Credit Card,0,5,1076,Calculator Used,1,1,0,0,0,Calculator Used,Required information unavailable,28424,2,7
1176,S001177,U001256,2025-01-27 00:14:56,2025-01-27,Organic Search,Mobile,South,25-34,50K-100K,Personal Loan,0,1,366,Lead Form Started,1,1,1,1,0,Lead Form Started,Technical issue,110436,1,5
1177,S001178,U001312,2025-01-01 22:27:51,2025-01-01,Organic Search,Desktop,North,25-34,50K-100K,Savings Account,1,4,657,Product Page Viewed,1,0,0,0,0,Product Page Viewed,Comparing alternatives,18059,1,1
1178,S001179,U001247,2025-01-23 00:59:10,2025-01-23,Paid Ads,Tablet,West,35-44,25K-50K,Personal Loan,0,6,143,Product Page Viewed,1,0,0,0,0,Product Page Viewed,High interest-rate concern,145024,1,4
1179,S001180,U000577,2025-02-01 13:59:16,2025-02-01,Social Media,Mobile,South,35-44,100K+,Insurance Plan,0,10,375,Product Page Viewed,1,0,0,0,0,Product Page Viewed,Comparing alternatives,5973,2,5
1180,S001181,U001532,2025-06-29 02:28:29,2025-06-29,Direct,Tablet,South,35-44,50K-100K,Savings Account,0,12,770,Calculator Used,1,1,0,0,0,Calculator Used,Comparing alternatives,18613,6,26
1181,S001182,U001403,2025-06-12 21:45:29,2025-06-12,Organic Search,Mobile,Central,45-54,25K-50K,Insurance Plan,0,4,385,Website Visit,0,0,0,0,0,Website Visit,Immediate bounce,5784,6,24
1182,S001183,U000030,2025-01-19 06:27:38,2025-01-19,Social Media,Desktop,North,18-24,25K-50K,Credit Card,1,9,257,Lead Form Submitted,1,1,1,1,1,,,0,1,3
1183,S001184,U001248,2025-05-16 23:07:54,2025-05-16,Direct,Desktop,West,35-44,Below 25K,Savings Account,0,10,1194,Product Page Viewed,1,0,0,0,0,Product Page Viewed,High interest-rate concern,17258,5,20
1184,S001185,U000418,2025-06-12 23:02:40,2025-06-12,Paid Ads,Mobile,East,45-54,25K-50K,Personal Loan,0,1,57,Website Visit,0,0,0,0,0,Website Visit,Not ready to explore,121847,6,24
1185,S001186,U001662,2025-02-01 00:51:49,2025-02-01,Direct,Desktop,East,55+,100K+,Credit Card,0,1,123,Product Page Viewed,1,0,0,0,0,Product Page Viewed,Unclear product value,25279,2,5
1186,S001187,U000767,2025-06-29 09:03:27,2025-06-29,Organic Search,Mobile,North,35-44,Below 25K,Savings Account,0,9,689,Product Page Viewed,1,0,0,0,0,Product Page Viewed,Technical issue,21848,6,26
1187,S001188,U000144,2025-03-08 05:05:29,2025-03-08,Organic Search,Desktop,West,55+,100K+,Personal Loan,1,7,782,Lead Form Started,1,1,1,1,0,Lead Form Started,Technical issue,152624,3,10
1188,S001189,U000330,2025-05-10 08:39:11,2025-05-10,Referral,Mobile,West,25-34,25K-50K,Personal Loan,0,7,628,Calculator Used,1,1,0,0,0,Calculator Used,Comparing alternatives,116037,5,19
1189,S001190,U000102,2025-06-21 16:00:04,2025-06-21,Organic Search,Desktop,West,45-54,50K-100K,Credit Card,1,11,893,Website Visit,0,0,0,0,0,Website Visit,Landing page mismatch,30263,6,25
1190,S001191,U001275,2025-02-09 18:54:42,2025-02-09,Organic Search,Mobile,Central,35-44,Below 25K,Credit Card,1,10,564,Product Page Viewed,1,0,0,0,0,Product Page Viewed,Unclear product value,16186,2,6
1191,S001192,U000531,2025-06-03 18:17:49,2025-06-03,Paid Ads,Mobile,West,25-34,25K-50K,Personal Loan,0,4,509,Product Page Viewed,1,0,0,0,0,Product Page Viewed,High interest-rate concern,95930,6,23
1192,S001193,U001758,2025-03-03 02:27:07,2025-03-03,Social Media,Mobile,South,45-54,Below 25K,Credit Card,1,12,760,Product Page Viewed,1,0,0,0,0,Product Page Viewed,High interest-rate concern,37995,3,10
1193,S001194,U001113,2025-06-25 02:44:19,2025-06-25,Social Media,Desktop,North,18-24,25K-50K,Personal Loan,0,9,541,Lead Form Started,1,1,1,1,0,Lead Form Started,Document requirement concern,97240,6,26
1194,S001195,U001905,2025-06-27 07:09:55,2025-06-27,Direct,Mobile,North,35-44,50K-100K,Savings Account,1,3,161,Product Page Viewed,1,0,0,0,0,Product Page Viewed,Technical issue,19132,6,26
1195,S001196,U001495,2025-03-10 11:40:37,2025-03-10,Organic Search,Mobile,North,25-34,Below 25K,Savings Account,0,4,106,Website Visit,0,0,0,0,0,Website Visit,Not ready to explore,18201,3,11
1196,S001197,U000951,2025-04-24 16:28:14,2025-04-24,Organic Search,Desktop,South,25-34,50K-100K,Credit Card,0,3,458,CTA Clicked,1,1,1,0,0,CTA Clicked,Privacy concern,32692,4,17
1197,S001198,U001740,2025-06-20 01:26:23,2025-06-20,Direct,Mobile,North,35-44,50K-100K,Credit Card,1,3,907,Lead Form Submitted,1,1,1,1,1,,,0,6,25
1198,S001199,U001665,2025-04-13 04:13:18,2025-04-13,Organic Search,Desktop,West,18-24,100K+,Credit Card,0,10,298,Product Page Viewed,1,0,0,0,0,Product Page Viewed,High interest-rate concern,34582,4,15
1199,S001200,U000656,2025-03-13 20:49:11,2025-03-13,Paid Ads,Mobile,South,35-44,50K-100K,Savings Account,1,6,225,Calculator Used,1,1,0,0,0,Calculator Used,Calculator result not attractive,16207,3,11
1200,S001201,U001825,2025-06-25 16:09:06,2025-06-25,Email,Mobile,West,45-54,100K+,Personal Loan,0,4,153,Lead Form Submitted,1,1,1,1,1,,,0,6,26
1201,S001202,U001322,2025-01-03 13:59:21,2025-01-03,Direct,Desktop,South,35-44,50K-100K,Personal Loan,0,3,181,Product Page Viewed,1,0,0,0,0,Product Page Viewed,Unclear product value,87173,1,1
1202,S001203,U001260,2025-04-25 23:31:00,2025-04-25,Referral,Mobile,Central,25-34,100K+,Savings Account,0,11,322,Calculator Used,1,1,0,0,0,Calculator Used,Technical issue,20834,4,17
1203,S001204,U000806,2025-05-21 11:43:05,2025-05-21,Paid Ads,Mobile,North,35-44,50K-100K,Savings Account,1,10,1036,Product Page Viewed,1,0,0,0,0,Product Page Viewed,Comparing alternatives,11011,5,21
1204,S001205,U000203,2025-05-25 15:08:08,2025-05-25,Referral,Mobile,North,18-24,25K-50K,Credit Card,0,9,1108,Lead Form Started,1,1,1,1,0,Lead Form Started,Document requirement concern,20668,5,21
1205,S001206,U001575,2025-01-30 02:44:41,2025-01-30,Paid Ads,Desktop,West,18-24,50K-100K,Insurance Plan,1,8,414,Product Page Viewed,1,0,0,0,0,Product Page Viewed,Unclear product value,6354,1,5
1206,S001207,U000395,2025-02-03 13:54:37,2025-02-03,Email,Mobile,East,18-24,50K-100K,Savings Account,0,2,1019,Product Page Viewed,1,0,0,0,0,Product Page Viewed,Technical issue,13956,2,6
1207,S001208,U000162,2025-05-08 01:36:13,2025-05-08,Paid Ads,Mobile,Central,25-34,100K+,Insurance Plan,0,8,606,Website Visit,0,0,0,0,0,Website Visit,Slow page load,5619,5,19
1208,S001209,U001823,2025-06-04 00:46:31,2025-06-04,Paid Ads,Mobile,South,25-34,100K+,Insurance Plan,0,1,636,Calculator Used,1,1,0,0,0,Calculator Used,Technical issue,9606,6,23
1209,S001210,U000225,2025-04-06 14:32:32,2025-04-06,Email,Desktop,North,25-34,25K-50K,Personal Loan,1,2,760,Lead Form Submitted,1,1,1,1,1,,,0,4,14
1210,S001211,U000491,2025-02-20 20:37:41,2025-02-20,Email,Desktop,Central,18-24,50K-100K,Personal Loan,0,4,425,Lead Form Started,1,1,1,1,0,Lead Form Started,Too many required fields,143887,2,8
1211,S001212,U000644,2025-04-11 21:44:55,2025-04-11,Organic Search,Mobile,West,18-24,100K+,Personal Loan,0,9,795,Lead Form Submitted,1,1,1,1,1,,,0,4,15
1212,S001213,U001103,2025-05-30 11:01:15,2025-05-30,Direct,Desktop,North,35-44,100K+,Insurance Plan,0,9,51,CTA Clicked,1,1,1,0,0,CTA Clicked,Not ready to apply,10421,5,22
1213,S001214,U001341,2025-01-02 05:00:04,2025-01-02,Organic Search,Mobile,South,18-24,25K-50K,Credit Card,0,12,32,Product Page Viewed,1,0,0,0,0,Product Page Viewed,Technical issue,18398,1,1
1214,S001215,U000918,2025-01-24 22:35:27,2025-01-24,Organic Search,Desktop,West,25-34,100K+,Insurance Plan,0,11,617,Calculator Used,1,1,0,0,0,Calculator Used,Calculator result not attractive,8274,1,4
1215,S001216,U000074,2025-05-11 07:08:45,2025-05-11,Email,Desktop,Central,35-44,100K+,Credit Card,0,1,462,Product Page Viewed,1,0,0,0,0,Product Page Viewed,Technical issue,25949,5,19
1216,S001217,U001742,2025-01-30 02:31:38,2025-01-30,Email,Mobile,West,18-24,25K-50K,Credit Card,1,3,130,Product Page Viewed,1,0,0,0,0,Product Page Viewed,Comparing alternatives,29822,1,5
1217,S001218,U001428,2025-04-18 09:58:58,2025-04-18,Organic Search,Desktop,West,55+,Below 25K,Personal Loan,0,1,1163,Product Page Viewed,1,0,0,0,0,Product Page Viewed,Unclear product value,111993,4,16
1218,S001219,U000336,2025-05-02 20:02:05,2025-05-02,Paid Ads,Mobile,South,55+,100K+,Savings Account,1,5,705,Lead Form Started,1,1,1,1,0,Lead Form Started,Session timeout,12259,5,18
1219,S001220,U001095,2025-05-13 17:30:33,2025-05-13,Paid Ads,Tablet,North,55+,50K-100K,Personal Loan,0,3,828,Product Page Viewed,1,0,0,0,0,Product Page Viewed,Unclear product value,124631,5,20
1220,S001221,U000588,2025-06-12 20:43:41,2025-06-12,Paid Ads,Mobile,Central,35-44,100K+,Insurance Plan,1,8,560,Product Page Viewed,1,0,0,0,0,Product Page Viewed,Comparing alternatives,10760,6,24
1221,S001222,U000079,2025-04-17 06:15:52,2025-04-17,Paid Ads,Mobile,East,35-44,25K-50K,Credit Card,0,4,366,Calculator Used,1,1,0,0,0,Calculator Used,Calculator result not attractive,27997,4,16
1222,S001223,U000328,2025-03-28 14:32:18,2025-03-28,Social Media,Mobile,East,35-44,Below 25K,Credit Card,0,9,481,Product Page Viewed,1,0,0,0,0,Product Page Viewed,Unclear product value,29103,3,13
1223,S001224,U001981,2025-04-06 19:55:19,2025-04-06,Organic Search,Desktop,East,55+,25K-50K,Savings Account,1,5,583,Lead Form Started,1,1,1,1,0,Lead Form Started,Technical issue,13919,4,14
1224,S001225,U000952,2025-01-19 03:23:46,2025-01-19,Organic Search,Desktop,North,35-44,Below 25K,Personal Loan,1,2,526,Product Page Viewed,1,0,0,0,0,Product Page Viewed,High interest-rate concern,110834,1,3
1225,S001226,U001133,2025-05-21 17:47:45,2025-05-21,Direct,Tablet,North,35-44,50K-100K,Insurance Plan,0,7,1183,Product Page Viewed,1,0,0,0,0,Product Page Viewed,High interest-rate concern,6034,5,21
1226,S001227,U000672,2025-03-17 05:32:41,2025-03-17,Direct,Tablet,Central,25-34,50K-100K,Credit Card,0,6,825,CTA Clicked,1,1,1,0,0,CTA Clicked,Form looked too long,24153,3,12
1227,S001228,U000723,2025-02-27 02:50:08,2025-02-27,Paid Ads,Desktop,North,25-34,25K-50K,Personal Loan,0,11,220,Product Page Viewed,1,0,0,0,0,Product Page Viewed,Technical issue,138079,2,9
1228,S001229,U001059,2025-01-12 00:33:06,2025-01-12,Organic Search,Mobile,Central,35-44,25K-50K,Credit Card,0,5,398,Product Page Viewed,1,0,0,0,0,Product Page Viewed,Technical issue,38562,1,2
1229,S001230,U001820,2025-06-02 23:26:11,2025-06-02,Social Media,Mobile,South,18-24,100K+,Savings Account,1,12,725,Product Page Viewed,1,0,0,0,0,Product Page Viewed,Comparing alternatives,16875,6,23
1230,S001231,U001499,2025-02-06 12:22:27,2025-02-06,Email,Mobile,South,25-34,50K-100K,Insurance Plan,0,11,1125,Calculator Used,1,1,0,0,0,Calculator Used,Technical issue,6914,2,6
1231,S001232,U001869,2025-04-21 16:06:20,2025-04-21,Social Media,Tablet,East,35-44,50K-100K,Credit Card,0,11,150,Website Visit,0,0,0,0,0,Website Visit,Slow page load,34965,4,17
1232,S001233,U001378,2025-03-24 01:52:58,2025-03-24,Paid Ads,Desktop,Central,25-34,25K-50K,Personal Loan,1,5,46,Product Page Viewed,1,0,0,0,0,Product Page Viewed,Unclear product value,142008,3,13
1233,S001234,U001673,2025-02-21 11:12:19,2025-02-21,Email,Mobile,West,25-34,50K-100K,Savings Account,0,10,470,Website Visit,0,0,0,0,0,Website Visit,Landing page mismatch,10948,2,8
1234,S001235,U001218,2025-02-04 00:35:07,2025-02-04,Referral,Mobile,Central,35-44,50K-100K,Personal Loan,0,9,825,Lead Form Started,1,1,1,1,0,Lead Form Started,Technical issue,87780,2,6
1235,S001236,U000478,2025-06-27 12:08:04,2025-06-27,Organic Search,Mobile,West,25-34,50K-100K,Personal Loan,0,11,1115,Product Page Viewed,1,0,0,0,0,Product Page Viewed,Technical issue,130294,6,26
1236,S001237,U001150,2025-01-20 23:48:54,2025-01-20,Direct,Desktop,East,25-34,100K+,Personal Loan,0,5,820,Product Page Viewed,1,0,0,0,0,Product Page Viewed,Comparing alternatives,78974,1,4
1237,S001238,U000649,2025-04-01 06:05:05,2025-04-01,Organic Search,Tablet,Central,25-34,100K+,Savings Account,0,4,144,Calculator Used,1,1,0,0,0,Calculator Used,Technical issue,13110,4,14
1238,S001239,U001314,2025-06-29 11:40:18,2025-06-29,Social Media,Desktop,Central,25-34,50K-100K,Credit Card,0,10,589,Product Page Viewed,1,0,0,0,0,Product Page Viewed,High interest-rate concern,24901,6,26
1239,S001240,U000216,2025-02-26 03:59:48,2025-02-26,Direct,Mobile,West,35-44,100K+,Savings Account,0,1,545,Lead Form Started,1,1,1,1,0,Lead Form Started,Session timeout,17073,2,9
1240,S001241,U000572,2025-03-18 09:04:07,2025-03-18,Email,Desktop,West,35-44,Below 25K,Savings Account,1,9,181,Calculator Used,1,1,0,0,0,Calculator Used,Required information unavailable,12460,3,12
1241,S001242,U000405,2025-05-01 00:20:06,2025-05-01,Paid Ads,Tablet,South,35-44,25K-50K,Personal Loan,0,3,490,Product Page Viewed,1,0,0,0,0,Product Page Viewed,Technical issue,142029,5,18
1242,S001243,U001410,2025-01-06 01:59:02,2025-01-06,Paid Ads,Mobile,South,35-44,50K-100K,Credit Card,1,8,927,Product Page Viewed,1,0,0,0,0,Product Page Viewed,Unclear product value,31267,1,2
1243,S001244,U000031,2025-01-17 12:47:53,2025-01-17,Direct,Mobile,West,18-24,50K-100K,Personal Loan,0,9,300,Calculator Used,1,1,0,0,0,Calculator Used,Technical issue,97756,1,3
1244,S001245,U001681,2025-04-26 00:55:39,2025-04-26,Organic Search,Mobile,East,35-44,25K-50K,Personal Loan,0,5,1090,Product Page Viewed,1,0,0,0,0,Product Page Viewed,High interest-rate concern,143335,4,17
1245,S001246,U001287,2025-06-20 12:47:28,2025-06-20,Referral,Mobile,Central,25-34,50K-100K,Credit Card,0,6,472,Product Page Viewed,1,0,0,0,0,Product Page Viewed,Technical issue,18349,6,25
1246,S001247,U000109,2025-06-08 23:36:31,2025-06-08,Social Media,Tablet,North,45-54,Below 25K,Personal Loan,0,1,419,Product Page Viewed,1,0,0,0,0,Product Page Viewed,Unclear product value,124215,6,23
1247,S001248,U000154,2025-04-19 21:49:31,2025-04-19,Paid Ads,Mobile,Central,35-44,25K-50K,Credit Card,0,6,724,Product Page Viewed,1,0,0,0,0,Product Page Viewed,Technical issue,34171,4,16
1248,S001249,U001729,2025-03-18 12:03:47,2025-03-18,Paid Ads,Desktop,West,35-44,Below 25K,Personal Loan,1,11,1060,Product Page Viewed,1,0,0,0,0,Product Page Viewed,High interest-rate concern,144768,3,12
1249,S001250,U000949,2025-02-17 08:55:35,2025-02-17,Referral,Desktop,West,25-34,25K-50K,Savings Account,0,5,188,Product Page Viewed,1,0,0,0,0,Product Page Viewed,Comparing alternatives,20914,2,8
1250,S001251,U000600,2025-01-13 10:35:00,2025-01-13,Email,Mobile,South,55+,Below 25K,Savings Account,0,7,639,Product Page Viewed,1,0,0,0,0,Product Page Viewed,Comparing alternatives,19899,1,3
1251,S001252,U000671,2025-01-13 00:01:03,2025-01-13,Direct,Mobile,West,25-34,25K-50K,Savings Account,0,10,753,Calculator Used,1,1,0,0,0,Calculator Used,Required information unavailable,16167,1,3
1252,S001253,U001650,2025-02-05 09:54:06,2025-02-05,Organic Search,Desktop,West,25-34,50K-100K,Personal Loan,0,7,636,Product Page Viewed,1,0,0,0,0,Product Page Viewed,Comparing alternatives,98979,2,6
1253,S001254,U001450,2025-05-19 00:21:00,2025-05-19,Organic Search,Mobile,West,18-24,50K-100K,Insurance Plan,0,1,105,CTA Clicked,1,1,1,0,0,CTA Clicked,Technical issue,8984,5,21
1254,S001255,U000708,2025-06-06 07:20:25,2025-06-06,Paid Ads,Mobile,South,25-34,100K+,Insurance Plan,0,8,52,Product Page Viewed,1,0,0,0,0,Product Page Viewed,Comparing alternatives,10100,6,23
1255,S001256,U001311,2025-05-30 02:31:28,2025-05-30,Paid Ads,Mobile,North,18-24,100K+,Savings Account,0,2,595,Lead Form Started,1,1,1,1,0,Lead Form Started,Session timeout,11732,5,22
1256,S001257,U000616,2025-06-17 05:45:12,2025-06-17,Referral,Mobile,South,35-44,100K+,Credit Card,0,5,906,Lead Form Submitted,1,1,1,1,1,,,0,6,25
1257,S001258,U001508,2025-05-28 12:33:11,2025-05-28,Organic Search,Desktop,North,25-34,100K+,Insurance Plan,0,9,496,Lead Form Submitted,1,1,1,1,1,,,0,5,22
1258,S001259,U001951,2025-02-12 20:36:09,2025-02-12,Organic Search,Mobile,North,55+,100K+,Personal Loan,1,2,266,Lead Form Submitted,1,1,1,1,1,,,0,2,7
1259,S001260,U001503,2025-02-09 12:52:19,2025-02-09,Paid Ads,Desktop,North,18-24,100K+,Insurance Plan,1,4,978,Product Page Viewed,1,0,0,0,0,Product Page Viewed,Comparing alternatives,7763,2,6
1260,S001261,U000642,2025-03-01 10:27:54,2025-03-01,Email,Mobile,West,35-44,25K-50K,Insurance Plan,0,10,49,Calculator Used,1,1,0,0,0,Calculator Used,Calculator result not attractive,4927,3,9
1261,S001262,U000651,2025-05-23 23:08:03,2025-05-23,Social Media,Mobile,North,35-44,Below 25K,Savings Account,0,7,275,Calculator Used,1,1,0,0,0,Calculator Used,Calculator result not attractive,19647,5,21
1262,S001263,U000188,2025-03-15 10:29:52,2025-03-15,Paid Ads,Mobile,Central,18-24,25K-50K,Savings Account,1,1,859,Lead Form Submitted,1,1,1,1,1,,,0,3,11
1263,S001264,U001558,2025-03-08 03:28:35,2025-03-08,Paid Ads,Tablet,North,25-34,25K-50K,Credit Card,0,6,1049,Website Visit,0,0,0,0,0,Website Visit,Not ready to explore,28319,3,10
1264,S001265,U001117,2025-06-02 03:50:29,2025-06-02,Direct,Mobile,North,25-34,25K-50K,Insurance Plan,0,5,594,Lead Form Started,1,1,1,1,0,Lead Form Started,Document requirement concern,6257,6,23
1265,S001266,U000673,2025-03-01 18:49:14,2025-03-01,Email,Mobile,South,18-24,25K-50K,Savings Account,0,12,335,Calculator Used,1,1,0,0,0,Calculator Used,Technical issue,10496,3,9
1266,S001267,U001048,2025-04-08 06:28:43,2025-04-08,Direct,Desktop,East,18-24,50K-100K,Personal Loan,0,4,364,Product Page Viewed,1,0,0,0,0,Product Page Viewed,High interest-rate concern,116374,4,15
1267,S001268,U001931,2025-04-19 14:12:47,2025-04-19,Organic Search,Desktop,South,25-34,100K+,Insurance Plan,0,9,1039,Product Page Viewed,1,0,0,0,0,Product Page Viewed,Technical issue,10427,4,16
1268,S001269,U001892,2025-05-21 11:16:04,2025-05-21,Direct,Mobile,East,35-44,50K-100K,Savings Account,0,6,116,Calculator Used,1,1,0,0,0,Calculator Used,Required information unavailable,20908,5,21
1269,S001270,U001065,2025-03-31 13:16:39,2025-03-31,Paid Ads,Desktop,North,35-44,50K-100K,Insurance Plan,0,10,1163,Website Visit,0,0,0,0,0,Website Visit,Slow page load,8233,3,14
1270,S001271,U000161,2025-04-22 04:12:21,2025-04-22,Organic Search,Desktop,West,18-24,Below 25K,Personal Loan,0,1,434,Product Page Viewed,1,0,0,0,0,Product Page Viewed,Comparing alternatives,105117,4,17
1271,S001272,U001979,2025-01-12 13:19:03,2025-01-12,Direct,Desktop,North,35-44,100K+,Credit Card,1,12,551,Product Page Viewed,1,0,0,0,0,Product Page Viewed,High interest-rate concern,22063,1,2
1272,S001273,U000413,2025-05-26 11:41:04,2025-05-26,Email,Mobile,South,25-34,Below 25K,Savings Account,0,9,629,Calculator Used,1,1,0,0,0,Calculator Used,Calculator result not attractive,16491,5,22
1273,S001274,U000385,2025-04-01 22:01:02,2025-04-01,Organic Search,Mobile,Central,35-44,100K+,Credit Card,0,1,842,Product Page Viewed,1,0,0,0,0,Product Page Viewed,Technical issue,25812,4,14
1274,S001275,U001906,2025-02-23 23:42:43,2025-02-23,Direct,Mobile,West,35-44,Below 25K,Personal Loan,0,5,1152,Product Page Viewed,1,0,0,0,0,Product Page Viewed,Comparing alternatives,145839,2,8
1275,S001276,U000319,2025-03-30 04:02:37,2025-03-30,Paid Ads,Mobile,North,18-24,50K-100K,Credit Card,0,2,220,Product Page Viewed,1,0,0,0,0,Product Page Viewed,Technical issue,18198,3,13
1276,S001277,U001212,2025-05-20 11:56:33,2025-05-20,Social Media,Desktop,West,35-44,Below 25K,Insurance Plan,1,7,982,Product Page Viewed,1,0,0,0,0,Product Page Viewed,High interest-rate concern,9923,5,21
1277,S001278,U000010,2025-01-18 17:24:41,2025-01-18,Direct,Desktop,South,25-34,50K-100K,Credit Card,1,5,527,Product Page Viewed,1,0,0,0,0,Product Page Viewed,Technical issue,30504,1,3
1278,S001279,U001261,2025-04-10 17:17:33,2025-04-10,Direct,Mobile,Central,35-44,100K+,Personal Loan,0,2,214,Product Page Viewed,1,0,0,0,0,Product Page Viewed,Unclear product value,103692,4,15
1279,S001280,U000369,2025-05-05 11:04:07,2025-05-05,Paid Ads,Mobile,South,45-54,100K+,Credit Card,0,10,165,Lead Form Started,1,1,1,1,0,Lead Form Started,Session timeout,34884,5,19
1280,S001281,U000048,2025-06-10 19:58:28,2025-06-10,Direct,Tablet,West,25-34,50K-100K,Savings Account,0,12,145,Website Visit,0,0,0,0,0,Website Visit,Slow page load,13410,6,24
1281,S001282,U000542,2025-03-02 04:09:03,2025-03-02,Organic Search,Mobile,West,18-24,Below 25K,Personal Loan,1,5,1035,Website Visit,0,0,0,0,0,Website Visit,Immediate bounce,132482,3,9
1282,S001283,U000483,2025-06-24 07:14:08,2025-06-24,Organic Search,Desktop,North,35-44,50K-100K,Personal Loan,1,2,1162,Calculator Used,1,1,0,0,0,Calculator Used,Technical issue,130941,6,26
1283,S001284,U000498,2025-06-07 20:17:56,2025-06-07,Paid Ads,Desktop,South,25-34,25K-50K,Savings Account,0,7,519,Calculator Used,1,1,0,0,0,Calculator Used,Comparing alternatives,9931,6,23
1284,S001285,U000896,2025-03-30 15:08:04,2025-03-30,Email,Mobile,South,18-24,25K-50K,Credit Card,0,1,203,CTA Clicked,1,1,1,0,0,CTA Clicked,Privacy concern,25598,3,13
1285,S001286,U000716,2025-04-14 10:32:40,2025-04-14,Email,Desktop,Central,35-44,Below 25K,Credit Card,1,4,655,Lead Form Submitted,1,1,1,1,1,,,0,4,16
1286,S001287,U001553,2025-02-08 03:30:19,2025-02-08,Organic Search,Tablet,Central,25-34,50K-100K,Credit Card,0,7,153,Calculator Used,1,1,0,0,0,Calculator Used,Calculator result not attractive,18805,2,6
1287,S001288,U001483,2025-02-09 21:15:38,2025-02-09,Direct,Desktop,South,25-34,Below 25K,Credit Card,0,8,1019,Calculator Used,1,1,0,0,0,Calculator Used,Technical issue,36751,2,6
1288,S001289,U000307,2025-01-07 06:38:37,2025-01-07,Organic Search,Mobile,West,35-44,100K+,Savings Account,0,11,731,Lead Form Submitted,1,1,1,1,1,,,0,1,2
1289,S001290,U000878,2025-02-07 05:19:52,2025-02-07,Organic Search,Mobile,Central,18-24,Below 25K,Savings Account,0,9,343,Product Page Viewed,1,0,0,0,0,Product Page Viewed,Technical issue,18813,2,6
1290,S001291,U001321,2025-06-19 11:40:16,2025-06-19,Organic Search,Mobile,West,35-44,50K-100K,Insurance Plan,1,6,243,CTA Clicked,1,1,1,0,0,CTA Clicked,Form looked too long,7634,6,25
1291,S001292,U000483,2025-01-19 16:37:29,2025-01-19,Email,Mobile,West,45-54,50K-100K,Savings Account,0,11,929,Lead Form Submitted,1,1,1,1,1,,,0,1,3
1292,S001293,U000570,2025-04-29 23:05:46,2025-04-29,Organic Search,Mobile,Central,35-44,25K-50K,Insurance Plan,0,1,1001,Calculator Used,1,1,0,0,0,Calculator Used,Comparing alternatives,4500,4,18
1293,S001294,U001897,2025-01-21 10:14:11,2025-01-21,Referral,Mobile,West,55+,25K-50K,Credit Card,0,4,761,Product Page Viewed,1,0,0,0,0,Product Page Viewed,Unclear product value,38313,1,4
1294,S001295,U000487,2025-06-11 19:50:13,2025-06-11,Direct,Desktop,South,25-34,Below 25K,Insurance Plan,0,6,398,Calculator Used,1,1,0,0,0,Calculator Used,Required information unavailable,6467,6,24
1295,S001296,U001779,2025-02-08 01:12:09,2025-02-08,Organic Search,Mobile,East,25-34,25K-50K,Savings Account,0,6,791,Product Page Viewed,1,0,0,0,0,Product Page Viewed,Comparing alternatives,20176,2,6
1296,S001297,U001883,2025-05-06 13:01:53,2025-05-06,Direct,Desktop,Central,25-34,50K-100K,Credit Card,0,2,187,Calculator Used,1,1,0,0,0,Calculator Used,Required information unavailable,34167,5,19
1297,S001298,U000233,2025-03-04 11:57:21,2025-03-04,Direct,Mobile,West,45-54,50K-100K,Personal Loan,0,8,1049,Product Page Viewed,1,0,0,0,0,Product Page Viewed,High interest-rate concern,79633,3,10
1298,S001299,U000174,2025-03-15 22:50:38,2025-03-15,Organic Search,Mobile,North,25-34,Below 25K,Savings Account,0,2,782,Product Page Viewed,1,0,0,0,0,Product Page Viewed,Comparing alternatives,16861,3,11
1299,S001300,U001957,2025-06-23 17:26:36,2025-06-23,Social Media,Mobile,West,45-54,Below 25K,Savings Account,1,7,285,Product Page Viewed,1,0,0,0,0,Product Page Viewed,High interest-rate concern,20160,6,26
1300,S001301,U000643,2025-06-15 16:04:24,2025-06-15,Paid Ads,Tablet,West,25-34,25K-50K,Insurance Plan,0,2,1091,Product Page Viewed,1,0,0,0,0,Product Page Viewed,Unclear product value,10370,6,24
1301,S001302,U000704,2025-01-14 18:57:35,2025-01-14,Organic Search,Desktop,West,35-44,50K-100K,Personal Loan,0,12,424,Product Page Viewed,1,0,0,0,0,Product Page Viewed,Technical issue,108578,1,3
1302,S001303,U001735,2025-06-08 05:44:59,2025-06-08,Email,Mobile,North,45-54,25K-50K,Insurance Plan,0,2,1065,CTA Clicked,1,1,1,0,0,CTA Clicked,Technical issue,5619,6,23
1303,S001304,U000310,2025-02-04 11:28:19,2025-02-04,Direct,Mobile,West,25-34,100K+,Credit Card,1,9,75,CTA Clicked,1,1,1,0,0,CTA Clicked,Form looked too long,35821,2,6
1304,S001305,U000354,2025-04-07 19:03:13,2025-04-07,Paid Ads,Mobile,East,25-34,25K-50K,Savings Account,0,1,489,Product Page Viewed,1,0,0,0,0,Product Page Viewed,Unclear product value,16386,4,15
1305,S001306,U001200,2025-03-30 12:44:41,2025-03-30,Paid Ads,Mobile,North,55+,50K-100K,Savings Account,0,2,954,Calculator Used,1,1,0,0,0,Calculator Used,Technical issue,16826,3,13
1306,S001307,U001194,2025-04-25 03:56:50,2025-04-25,Referral,Mobile,Central,18-24,50K-100K,Personal Loan,1,12,760,Lead Form Submitted,1,1,1,1,1,,,0,4,17
1307,S001308,U001632,2025-02-13 17:30:16,2025-02-13,Organic Search,Mobile,North,35-44,25K-50K,Personal Loan,0,6,954,Lead Form Submitted,1,1,1,1,1,,,0,2,7
1308,S001309,U000237,2025-01-16 16:03:57,2025-01-16,Organic Search,Tablet,South,35-44,25K-50K,Personal Loan,0,4,591,Lead Form Started,1,1,1,1,0,Lead Form Started,Session timeout,156164,1,3
1309,S001310,U001763,2025-04-07 10:39:16,2025-04-07,Direct,Desktop,North,35-44,Below 25K,Personal Loan,1,11,955,CTA Clicked,1,1,1,0,0,CTA Clicked,Technical issue,81309,4,15
1310,S001311,U001529,2025-02-24 04:13:05,2025-02-24,Direct,Desktop,South,25-34,25K-50K,Insurance Plan,0,10,898,Calculator Used,1,1,0,0,0,Calculator Used,Comparing alternatives,6147,2,9
1311,S001312,U001066,2025-06-02 10:19:42,2025-06-02,Paid Ads,Mobile,West,45-54,25K-50K,Insurance Plan,0,1,124,Website Visit,0,0,0,0,0,Website Visit,Immediate bounce,9308,6,23
1312,S001313,U001292,2025-03-03 15:23:20,2025-03-03,Paid Ads,Mobile,West,45-54,100K+,Credit Card,1,4,870,Calculator Used,1,1,0,0,0,Calculator Used,Calculator result not attractive,27387,3,10
1313,S001314,U001326,2025-04-20 15:24:25,2025-04-20,Email,Desktop,North,25-34,25K-50K,Savings Account,0,12,944,Calculator Used,1,1,0,0,0,Calculator Used,Required information unavailable,20039,4,16
1314,S001315,U001990,2025-05-22 02:07:50,2025-05-22,Paid Ads,Tablet,Central,45-54,Below 25K,Personal Loan,0,7,201,Product Page Viewed,1,0,0,0,0,Product Page Viewed,Comparing alternatives,141045,5,21
1315,S001316,U000964,2025-03-10 17:32:47,2025-03-10,Organic Search,Mobile,West,25-34,100K+,Personal Loan,0,6,676,Product Page Viewed,1,0,0,0,0,Product Page Viewed,High interest-rate concern,71238,3,11
1316,S001317,U000534,2025-02-22 11:06:50,2025-02-22,Email,Desktop,East,25-34,25K-50K,Credit Card,1,8,728,Product Page Viewed,1,0,0,0,0,Product Page Viewed,Technical issue,38920,2,8
1317,S001318,U000481,2025-02-19 21:52:13,2025-02-19,Paid Ads,Desktop,North,35-44,50K-100K,Credit Card,0,5,369,Lead Form Submitted,1,1,1,1,1,,,0,2,8
1318,S001319,U000290,2025-03-01 14:02:57,2025-03-01,Organic Search,Desktop,South,35-44,100K+,Personal Loan,0,9,438,Product Page Viewed,1,0,0,0,0,Product Page Viewed,High interest-rate concern,142634,3,9
1319,S001320,U000259,2025-01-25 22:57:32,2025-01-25,Direct,Tablet,East,25-34,100K+,Savings Account,1,3,468,Calculator Used,1,1,0,0,0,Calculator Used,Required information unavailable,8868,1,4
1320,S001321,U000397,2025-01-01 01:33:42,2025-01-01,Direct,Mobile,North,45-54,100K+,Savings Account,1,11,502,Product Page Viewed,1,0,0,0,0,Product Page Viewed,Comparing alternatives,19446,1,1
1321,S001322,U000459,2025-05-08 20:13:38,2025-05-08,Organic Search,Desktop,North,45-54,25K-50K,Savings Account,1,7,423,Product Page Viewed,1,0,0,0,0,Product Page Viewed,High interest-rate concern,11184,5,19
1322,S001323,U001765,2025-05-10 10:39:48,2025-05-10,Social Media,Desktop,South,35-44,50K-100K,Insurance Plan,0,1,34,Product Page Viewed,1,0,0,0,0,Product Page Viewed,Comparing alternatives,5226,5,19
1323,S001324,U000445,2025-04-18 19:31:05,2025-04-18,Paid Ads,Mobile,South,35-44,50K-100K,Insurance Plan,0,2,797,Product Page Viewed,1,0,0,0,0,Product Page Viewed,Technical issue,4895,4,16
1324,S001325,U000404,2025-04-03 22:36:55,2025-04-03,Referral,Desktop,West,35-44,25K-50K,Insurance Plan,0,12,664,Lead Form Submitted,1,1,1,1,1,,,0,4,14
1325,S001326,U001310,2025-05-29 01:52:46,2025-05-29,Social Media,Desktop,Central,35-44,25K-50K,Credit Card,0,1,309,Calculator Used,1,1,0,0,0,Calculator Used,Technical issue,20688,5,22
1326,S001327,U000490,2025-02-22 01:28:31,2025-02-22,Email,Desktop,South,45-54,Below 25K,Personal Loan,1,6,406,CTA Clicked,1,1,1,0,0,CTA Clicked,Privacy concern,127538,2,8
1327,S001328,U001867,2025-03-09 15:27:09,2025-03-09,Email,Mobile,South,35-44,25K-50K,Savings Account,0,1,983,Product Page Viewed,1,0,0,0,0,Product Page Viewed,Unclear product value,20790,3,10
1328,S001329,U000081,2025-05-03 08:38:52,2025-05-03,Referral,Mobile,East,35-44,25K-50K,Credit Card,0,6,295,CTA Clicked,1,1,1,0,0,CTA Clicked,Privacy concern,36476,5,18
1329,S001330,U001706,2025-06-03 17:17:10,2025-06-03,Social Media,Desktop,West,35-44,25K-50K,Personal Loan,0,8,1049,Product Page Viewed,1,0,0,0,0,Product Page Viewed,Comparing alternatives,149962,6,23
1330,S001331,U000555,2025-02-14 19:32:15,2025-02-14,Referral,Mobile,East,35-44,100K+,Personal Loan,1,10,1020,Lead Form Submitted,1,1,1,1,1,,,0,2,7
1331,S001332,U001358,2025-04-21 14:23:46,2025-04-21,Paid Ads,Mobile,West,18-24,25K-50K,Insurance Plan,0,5,1128,Calculator Used,1,1,0,0,0,Calculator Used,Calculator result not attractive,9078,4,17
1332,S001333,U001194,2025-05-10 23:06:33,2025-05-10,Direct,Mobile,East,35-44,50K-100K,Credit Card,0,10,216,Product Page Viewed,1,0,0,0,0,Product Page Viewed,Technical issue,35965,5,19
1333,S001334,U001616,2025-01-11 20:47:09,2025-01-11,Organic Search,Desktop,Central,18-24,Below 25K,Personal Loan,0,1,515,Product Page Viewed,1,0,0,0,0,Product Page Viewed,Technical issue,122814,1,2
1334,S001335,U000612,2025-05-31 00:15:02,2025-05-31,Email,Desktop,West,25-34,25K-50K,Credit Card,1,6,270,Calculator Used,1,1,0,0,0,Calculator Used,Calculator result not attractive,26749,5,22
1335,S001336,U001993,2025-02-22 21:19:44,2025-02-22,Organic Search,Desktop,South,18-24,25K-50K,Credit Card,1,11,300,CTA Clicked,1,1,1,0,0,CTA Clicked,Technical issue,31678,2,8
1336,S001337,U001736,2025-06-08 03:27:37,2025-06-08,Email,Desktop,North,35-44,Below 25K,Personal Loan,0,9,493,Product Page Viewed,1,0,0,0,0,Product Page Viewed,Comparing alternatives,111746,6,23
1337,S001338,U001941,2025-06-11 11:08:38,2025-06-11,Direct,Desktop,West,25-34,50K-100K,Personal Loan,0,5,383,Calculator Used,1,1,0,0,0,Calculator Used,Technical issue,138694,6,24
1338,S001339,U001636,2025-05-02 21:42:42,2025-05-02,Paid Ads,Mobile,North,35-44,25K-50K,Personal Loan,0,8,374,Product Page Viewed,1,0,0,0,0,Product Page Viewed,High interest-rate concern,103120,5,18
1339,S001340,U001586,2025-05-04 11:45:00,2025-05-04,Organic Search,Desktop,East,25-34,Below 25K,Personal Loan,0,1,777,Product Page Viewed,1,0,0,0,0,Product Page Viewed,Comparing alternatives,83120,5,18
1340,S001341,U000814,2025-05-19 02:43:52,2025-05-19,Referral,Mobile,West,35-44,25K-50K,Credit Card,0,10,605,Product Page Viewed,1,0,0,0,0,Product Page Viewed,Technical issue,33858,5,21
1341,S001342,U000569,2025-01-06 01:08:49,2025-01-06,Email,Desktop,West,35-44,50K-100K,Credit Card,1,11,384,Product Page Viewed,1,0,0,0,0,Product Page Viewed,High interest-rate concern,26371,1,2
1342,S001343,U001085,2025-01-24 15:14:59,2025-01-24,Organic Search,Mobile,South,25-34,25K-50K,Insurance Plan,0,8,801,Product Page Viewed,1,0,0,0,0,Product Page Viewed,Unclear product value,4227,1,4
1343,S001344,U001653,2025-02-23 01:25:43,2025-02-23,Email,Tablet,West,35-44,50K-100K,Personal Loan,0,2,441,Lead Form Submitted,1,1,1,1,1,,,0,2,8
1344,S001345,U000035,2025-01-25 22:07:51,2025-01-25,Direct,Desktop,West,25-34,50K-100K,Credit Card,1,12,680,Product Page Viewed,1,0,0,0,0,Product Page Viewed,Unclear product value,26491,1,4
1345,S001346,U001706,2025-06-05 02:57:01,2025-06-05,Referral,Mobile,East,35-44,50K-100K,Personal Loan,1,10,845,Lead Form Submitted,1,1,1,1,1,,,0,6,23
1346,S001347,U001577,2025-04-05 20:07:18,2025-04-05,Paid Ads,Mobile,East,25-34,25K-50K,Personal Loan,0,10,338,CTA Clicked,1,1,1,0,0,CTA Clicked,Technical issue,161310,4,14
1347,S001348,U000529,2025-02-19 05:29:53,2025-02-19,Organic Search,Desktop,South,35-44,50K-100K,Savings Account,0,4,90,Calculator Used,1,1,0,0,0,Calculator Used,Required information unavailable,14730,2,8
1348,S001349,U000112,2025-03-14 20:53:34,2025-03-14,Direct,Desktop,South,25-34,25K-50K,Credit Card,1,6,894,Lead Form Submitted,1,1,1,1,1,,,0,3,11
1349,S001350,U000847,2025-04-02 11:33:55,2025-04-02,Organic Search,Mobile,Central,55+,Below 25K,Credit Card,0,1,854,Product Page Viewed,1,0,0,0,0,Product Page Viewed,Technical issue,17009,4,14
1350,S001351,U000573,2025-02-03 09:55:58,2025-02-03,Paid Ads,Mobile,North,45-54,100K+,Credit Card,0,11,1055,CTA Clicked,1,1,1,0,0,CTA Clicked,Privacy concern,25362,2,6
1351,S001352,U001149,2025-05-20 15:38:26,2025-05-20,Direct,Mobile,East,35-44,Below 25K,Credit Card,0,12,1152,Calculator Used,1,1,0,0,0,Calculator Used,Technical issue,36839,5,21
1352,S001353,U000361,2025-03-12 09:27:37,2025-03-12,Social Media,Mobile,South,18-24,25K-50K,Personal Loan,0,12,590,Website Visit,0,0,0,0,0,Website Visit,Not ready to explore,99842,3,11
1353,S001354,U001132,2025-06-14 05:03:34,2025-06-14,Email,Desktop,South,25-34,50K-100K,Credit Card,0,9,1053,Calculator Used,1,1,0,0,0,Calculator Used,Calculator result not attractive,24571,6,24
1354,S001355,U001324,2025-06-19 19:36:17,2025-06-19,Social Media,Mobile,West,18-24,25K-50K,Personal Loan,1,11,619,Product Page Viewed,1,0,0,0,0,Product Page Viewed,Unclear product value,63589,6,25
1355,S001356,U000460,2025-06-24 13:08:27,2025-06-24,Paid Ads,Desktop,South,35-44,50K-100K,Credit Card,0,1,1116,Lead Form Started,1,1,1,1,0,Lead Form Started,Technical issue,33917,6,26
1356,S001357,U000053,2025-02-10 19:02:08,2025-02-10,Paid Ads,Desktop,North,55+,100K+,Personal Loan,0,9,475,Product Page Viewed,1,0,0,0,0,Product Page Viewed,High interest-rate concern,114200,2,7
1357,S001358,U000364,2025-06-20 11:20:43,2025-06-20,Referral,Mobile,South,25-34,100K+,Savings Account,0,4,865,Lead Form Started,1,1,1,1,0,Lead Form Started,Technical issue,9444,6,25
1358,S001359,U001923,2025-02-14 06:49:52,2025-02-14,Social Media,Mobile,North,25-34,100K+,Credit Card,0,7,829,Product Page Viewed,1,0,0,0,0,Product Page Viewed,Comparing alternatives,24429,2,7
1359,S001360,U001227,2025-03-26 03:08:50,2025-03-26,Paid Ads,Mobile,South,45-54,50K-100K,Personal Loan,0,6,224,Website Visit,0,0,0,0,0,Website Visit,Not ready to explore,134152,3,13
1360,S001361,U001002,2025-04-25 16:07:57,2025-04-25,Referral,Tablet,East,45-54,25K-50K,Insurance Plan,0,9,565,Product Page Viewed,1,0,0,0,0,Product Page Viewed,Unclear product value,6588,4,17
1361,S001362,U000474,2025-02-08 01:52:03,2025-02-08,Direct,Mobile,North,25-34,50K-100K,Savings Account,1,5,614,Lead Form Submitted,1,1,1,1,1,,,0,2,6
1362,S001363,U000278,2025-04-05 05:21:46,2025-04-05,Organic Search,Desktop,East,35-44,25K-50K,Credit Card,0,9,468,CTA Clicked,1,1,1,0,0,CTA Clicked,Privacy concern,38166,4,14
1363,S001364,U001861,2025-01-18 21:20:01,2025-01-18,Social Media,Mobile,West,35-44,25K-50K,Credit Card,1,3,493,Product Page Viewed,1,0,0,0,0,Product Page Viewed,Comparing alternatives,28850,1,3
1364,S001365,U000993,2025-05-12 08:05:19,2025-05-12,Paid Ads,Mobile,West,18-24,Below 25K,Personal Loan,1,6,691,Product Page Viewed,1,0,0,0,0,Product Page Viewed,Unclear product value,144089,5,20
1365,S001366,U000100,2025-05-29 11:12:39,2025-05-29,Email,Mobile,East,25-34,25K-50K,Savings Account,0,11,121,Lead Form Submitted,1,1,1,1,1,,,0,5,22
1366,S001367,U001061,2025-01-04 17:22:20,2025-01-04,Organic Search,Mobile,West,45-54,50K-100K,Personal Loan,1,6,1050,Calculator Used,1,1,0,0,0,Calculator Used,Required information unavailable,124595,1,1
1367,S001368,U000009,2025-06-11 00:13:46,2025-06-11,Organic Search,Mobile,South,25-34,50K-100K,Credit Card,1,1,734,Calculator Used,1,1,0,0,0,Calculator Used,Technical issue,37491,6,24
1368,S001369,U000572,2025-02-17 00:10:46,2025-02-17,Organic Search,Tablet,West,35-44,100K+,Credit Card,1,2,131,Product Page Viewed,1,0,0,0,0,Product Page Viewed,Unclear product value,30664,2,8
1369,S001370,U001295,2025-01-26 06:38:25,2025-01-26,Email,Mobile,West,25-34,25K-50K,Credit Card,1,12,899,Calculator Used,1,1,0,0,0,Calculator Used,Technical issue,29215,1,4
1370,S001371,U000205,2025-04-23 23:08:38,2025-04-23,Direct,Mobile,East,35-44,25K-50K,Personal Loan,0,7,870,CTA Clicked,1,1,1,0,0,CTA Clicked,Technical issue,160617,4,17
1371,S001372,U001416,2025-06-04 11:04:11,2025-06-04,Direct,Mobile,East,45-54,25K-50K,Personal Loan,0,5,522,Lead Form Submitted,1,1,1,1,1,,,0,6,23
1372,S001373,U001995,2025-05-21 07:21:12,2025-05-21,Paid Ads,Mobile,North,45-54,100K+,Insurance Plan,0,12,483,Lead Form Submitted,1,1,1,1,1,,,0,5,21
1373,S001374,U001481,2025-05-11 13:09:00,2025-05-11,Organic Search,Desktop,South,25-34,Below 25K,Personal Loan,0,10,1132,Product Page Viewed,1,0,0,0,0,Product Page Viewed,Technical issue,138250,5,19
1374,S001375,U001549,2025-02-24 03:34:52,2025-02-24,Direct,Mobile,North,18-24,25K-50K,Personal Loan,0,1,842,Calculator Used,1,1,0,0,0,Calculator Used,Calculator result not attractive,79640,2,9
1375,S001376,U001918,2025-02-05 08:32:36,2025-02-05,Organic Search,Desktop,West,25-34,25K-50K,Personal Loan,1,11,357,Product Page Viewed,1,0,0,0,0,Product Page Viewed,High interest-rate concern,134333,2,6
1376,S001377,U000045,2025-01-21 07:01:50,2025-01-21,Organic Search,Desktop,East,35-44,50K-100K,Credit Card,1,2,564,Product Page Viewed,1,0,0,0,0,Product Page Viewed,High interest-rate concern,25846,1,4
1377,S001378,U001755,2025-04-14 18:40:04,2025-04-14,Email,Mobile,East,25-34,25K-50K,Personal Loan,0,9,502,Lead Form Started,1,1,1,1,0,Lead Form Started,Session timeout,136945,4,16
1378,S001379,U001152,2025-03-03 18:16:35,2025-03-03,Direct,Desktop,Central,25-34,100K+,Personal Loan,0,2,746,Calculator Used,1,1,0,0,0,Calculator Used,Required information unavailable,140296,3,10
1379,S001380,U001152,2025-03-09 23:07:21,2025-03-09,Paid Ads,Mobile,South,25-34,Below 25K,Credit Card,0,2,274,Lead Form Submitted,1,1,1,1,1,,,0,3,10
1380,S001381,U001168,2025-03-15 11:34:38,2025-03-15,Email,Tablet,West,35-44,25K-50K,Credit Card,0,3,531,Calculator Used,1,1,0,0,0,Calculator Used,Comparing alternatives,39440,3,11
1381,S001382,U000342,2025-03-19 18:30:54,2025-03-19,Organic Search,Mobile,South,45-54,Below 25K,Personal Loan,1,8,835,Website Visit,0,0,0,0,0,Website Visit,Landing page mismatch,151764,3,12
1382,S001383,U001447,2025-03-30 15:17:56,2025-03-30,Social Media,Mobile,West,25-34,100K+,Savings Account,0,1,1042,Product Page Viewed,1,0,0,0,0,Product Page Viewed,Technical issue,10293,3,13
1383,S001384,U001986,2025-05-10 05:13:30,2025-05-10,Email,Desktop,South,35-44,25K-50K,Savings Account,0,5,1020,Lead Form Started,1,1,1,1,0,Lead Form Started,Too many required fields,8938,5,19
1384,S001385,U000166,2025-05-17 20:16:03,2025-05-17,Organic Search,Desktop,West,25-34,50K-100K,Savings Account,0,7,647,Lead Form Submitted,1,1,1,1,1,,,0,5,20
1385,S001386,U001601,2025-03-06 10:35:18,2025-03-06,Email,Mobile,North,25-34,25K-50K,Savings Account,0,9,367,Product Page Viewed,1,0,0,0,0,Product Page Viewed,Technical issue,19389,3,10
1386,S001387,U001075,2025-02-07 13:57:58,2025-02-07,Social Media,Mobile,North,25-34,50K-100K,Savings Account,0,7,580,Product Page Viewed,1,0,0,0,0,Product Page Viewed,Technical issue,9289,2,6
1387,S001388,U000333,2025-04-16 11:17:43,2025-04-16,Paid Ads,Tablet,North,45-54,Below 25K,Personal Loan,0,5,498,CTA Clicked,1,1,1,0,0,CTA Clicked,Not ready to apply,139086,4,16
1388,S001389,U001412,2025-04-07 01:18:29,2025-04-07,Referral,Desktop,North,25-34,100K+,Insurance Plan,1,10,297,Lead Form Started,1,1,1,1,0,Lead Form Started,Document requirement concern,8374,4,15
1389,S001390,U001022,2025-01-02 09:00:13,2025-01-02,Paid Ads,Tablet,West,35-44,50K-100K,Insurance Plan,0,8,553,Website Visit,0,0,0,0,0,Website Visit,Landing page mismatch,7745,1,1
1390,S001391,U000876,2025-02-23 12:55:15,2025-02-23,Email,Mobile,South,35-44,50K-100K,Savings Account,0,9,22,Website Visit,0,0,0,0,0,Website Visit,Not ready to explore,14519,2,8
1391,S001392,U001676,2025-05-02 03:27:53,2025-05-02,Referral,Mobile,South,25-34,50K-100K,Credit Card,0,8,478,Product Page Viewed,1,0,0,0,0,Product Page Viewed,Comparing alternatives,33715,5,18
1392,S001393,U001250,2025-03-11 04:08:24,2025-03-11,Social Media,Desktop,East,25-34,50K-100K,Savings Account,1,8,1110,Calculator Used,1,1,0,0,0,Calculator Used,Calculator result not attractive,18040,3,11
1393,S001394,U001247,2025-06-21 00:06:56,2025-06-21,Organic Search,Mobile,East,45-54,Below 25K,Personal Loan,0,3,297,Lead Form Submitted,1,1,1,1,1,,,0,6,25
1394,S001395,U001338,2025-02-19 05:36:01,2025-02-19,Paid Ads,Mobile,South,25-34,50K-100K,Personal Loan,0,12,1184,Calculator Used,1,1,0,0,0,Calculator Used,Comparing alternatives,108112,2,8
1395,S001396,U000537,2025-01-30 22:39:04,2025-01-30,Paid Ads,Tablet,South,25-34,50K-100K,Savings Account,0,11,331,Product Page Viewed,1,0,0,0,0,Product Page Viewed,Technical issue,21474,1,5
1396,S001397,U000277,2025-05-31 04:53:51,2025-05-31,Organic Search,Mobile,South,18-24,100K+,Savings Account,0,10,349,Product Page Viewed,1,0,0,0,0,Product Page Viewed,Unclear product value,21069,5,22
1397,S001398,U001227,2025-02-24 14:53:58,2025-02-24,Social Media,Mobile,North,25-34,25K-50K,Personal Loan,0,2,1173,CTA Clicked,1,1,1,0,0,CTA Clicked,Privacy concern,136339,2,9
1398,S001399,U000976,2025-01-06 20:16:06,2025-01-06,Email,Desktop,East,18-24,Below 25K,Personal Loan,0,6,42,Product Page Viewed,1,0,0,0,0,Product Page Viewed,Unclear product value,160003,1,2
1399,S001400,U000991,2025-03-22 11:25:07,2025-03-22,Paid Ads,Desktop,East,45-54,25K-50K,Savings Account,0,11,738,CTA Clicked,1,1,1,0,0,CTA Clicked,Technical issue,21924,3,12
1400,S001401,U001576,2025-02-13 19:14:11,2025-02-13,Email,Desktop,North,35-44,25K-50K,Savings Account,1,7,1064,CTA Clicked,1,1,1,0,0,CTA Clicked,Not ready to apply,9584,2,7
1401,S001402,U001920,2025-02-22 05:09:05,2025-02-22,Paid Ads,Mobile,Central,18-24,25K-50K,Personal Loan,1,10,585,Website Visit,0,0,0,0,0,Website Visit,Immediate bounce,145754,2,8
1402,S001403,U000462,2025-03-26 10:08:38,2025-03-26,Paid Ads,Mobile,North,25-34,25K-50K,Personal Loan,1,2,540,Product Page Viewed,1,0,0,0,0,Product Page Viewed,Comparing alternatives,128000,3,13
1403,S001404,U000062,2025-06-16 12:50:30,2025-06-16,Email,Mobile,East,45-54,25K-50K,Credit Card,0,4,788,Lead Form Submitted,1,1,1,1,1,,,0,6,25
1404,S001405,U001528,2025-03-18 22:17:13,2025-03-18,Organic Search,Desktop,Central,45-54,25K-50K,Insurance Plan,0,11,726,Lead Form Submitted,1,1,1,1,1,,,0,3,12
1405,S001406,U000027,2025-05-25 01:55:16,2025-05-25,Paid Ads,Mobile,South,55+,25K-50K,Savings Account,1,12,926,Product Page Viewed,1,0,0,0,0,Product Page Viewed,High interest-rate concern,22008,5,21
1406,S001407,U001951,2025-01-05 03:37:29,2025-01-05,Paid Ads,Mobile,Central,25-34,Below 25K,Personal Loan,0,6,797,Product Page Viewed,1,0,0,0,0,Product Page Viewed,Technical issue,109897,1,1
1407,S001408,U001170,2025-03-10 23:24:31,2025-03-10,Referral,Desktop,East,35-44,50K-100K,Personal Loan,0,7,735,Lead Form Started,1,1,1,1,0,Lead Form Started,Too many required fields,129645,3,11
1408,S001409,U000323,2025-02-25 04:36:11,2025-02-25,Organic Search,Tablet,North,25-34,50K-100K,Credit Card,1,8,1154,Product Page Viewed,1,0,0,0,0,Product Page Viewed,Comparing alternatives,19179,2,9
1409,S001410,U001915,2025-05-07 14:04:48,2025-05-07,Direct,Desktop,West,25-34,25K-50K,Credit Card,0,7,1172,Product Page Viewed,1,0,0,0,0,Product Page Viewed,High interest-rate concern,33127,5,19
1410,S001411,U001532,2025-03-11 08:24:31,2025-03-11,Direct,Tablet,South,25-34,100K+,Personal Loan,0,9,597,Product Page Viewed,1,0,0,0,0,Product Page Viewed,High interest-rate concern,122190,3,11
1411,S001412,U001958,2025-01-12 23:54:28,2025-01-12,Organic Search,Mobile,North,35-44,25K-50K,Savings Account,0,4,958,CTA Clicked,1,1,1,0,0,CTA Clicked,Technical issue,15286,1,2
1412,S001413,U001053,2025-02-15 16:02:31,2025-02-15,Paid Ads,Mobile,South,55+,25K-50K,Savings Account,0,7,556,Product Page Viewed,1,0,0,0,0,Product Page Viewed,Unclear product value,16352,2,7
1413,S001414,U001568,2025-03-01 19:36:07,2025-03-01,Paid Ads,Mobile,West,25-34,25K-50K,Credit Card,0,7,972,Lead Form Submitted,1,1,1,1,1,,,0,3,9
1414,S001415,U001117,2025-02-05 06:22:45,2025-02-05,Referral,Mobile,North,35-44,50K-100K,Insurance Plan,0,5,342,Calculator Used,1,1,0,0,0,Calculator Used,Technical issue,4209,2,6
1415,S001416,U001479,2025-04-28 19:32:58,2025-04-28,Direct,Mobile,South,18-24,50K-100K,Savings Account,0,7,321,Product Page Viewed,1,0,0,0,0,Product Page Viewed,High interest-rate concern,10542,4,18
1416,S001417,U001595,2025-02-08 00:20:04,2025-02-08,Paid Ads,Mobile,North,25-34,50K-100K,Savings Account,0,4,716,CTA Clicked,1,1,1,0,0,CTA Clicked,Form looked too long,14807,2,6
1417,S001418,U001868,2025-01-09 02:00:49,2025-01-09,Paid Ads,Mobile,North,35-44,25K-50K,Credit Card,0,3,83,Product Page Viewed,1,0,0,0,0,Product Page Viewed,Comparing alternatives,18453,1,2
1418,S001419,U001199,2025-05-20 06:46:18,2025-05-20,Organic Search,Mobile,South,35-44,25K-50K,Personal Loan,0,4,28,Lead Form Started,1,1,1,1,0,Lead Form Started,Document requirement concern,102206,5,21
1419,S001420,U001251,2025-04-25 23:36:23,2025-04-25,Referral,Desktop,North,35-44,25K-50K,Personal Loan,0,3,1193,Calculator Used,1,1,0,0,0,Calculator Used,Comparing alternatives,161326,4,17
1420,S001421,U000716,2025-02-16 02:47:27,2025-02-16,Organic Search,Mobile,West,35-44,25K-50K,Credit Card,0,8,196,Lead Form Submitted,1,1,1,1,1,,,0,2,7
1421,S001422,U001800,2025-04-27 07:03:28,2025-04-27,Organic Search,Mobile,North,45-54,100K+,Personal Loan,1,10,914,Calculator Used,1,1,0,0,0,Calculator Used,Calculator result not attractive,99794,4,17
1422,S001423,U000454,2025-05-01 23:49:43,2025-05-01,Paid Ads,Mobile,South,18-24,50K-100K,Credit Card,0,4,512,Product Page Viewed,1,0,0,0,0,Product Page Viewed,High interest-rate concern,36391,5,18
1423,S001424,U000143,2025-04-06 06:14:10,2025-04-06,Referral,Mobile,East,25-34,50K-100K,Savings Account,0,8,337,Lead Form Submitted,1,1,1,1,1,,,0,4,14
1424,S001425,U001364,2025-01-05 04:10:10,2025-01-05,Organic Search,Mobile,South,35-44,25K-50K,Insurance Plan,0,8,472,Lead Form Started,1,1,1,1,0,Lead Form Started,Session timeout,9589,1,1
1425,S001426,U000858,2025-03-29 05:35:18,2025-03-29,Direct,Mobile,Central,35-44,50K-100K,Personal Loan,0,7,737,CTA Clicked,1,1,1,0,0,CTA Clicked,Form looked too long,123566,3,13
1426,S001427,U001868,2025-04-01 18:46:12,2025-04-01,Paid Ads,Desktop,South,45-54,50K-100K,Credit Card,0,6,999,Product Page Viewed,1,0,0,0,0,Product Page Viewed,Comparing alternatives,26712,4,14
1427,S001428,U000372,2025-05-20 07:58:27,2025-05-20,Organic Search,Mobile,South,25-34,50K-100K,Personal Loan,0,7,1167,Website Visit,0,0,0,0,0,Website Visit,Not ready to explore,161126,5,21
1428,S001429,U001882,2025-05-26 23:14:09,2025-05-26,Paid Ads,Mobile,Central,35-44,25K-50K,Personal Loan,0,3,1070,Product Page Viewed,1,0,0,0,0,Product Page Viewed,High interest-rate concern,98261,5,22
1429,S001430,U001509,2025-02-17 12:05:00,2025-02-17,Direct,Mobile,North,45-54,25K-50K,Savings Account,0,5,439,Calculator Used,1,1,0,0,0,Calculator Used,Calculator result not attractive,13115,2,8
1430,S001431,U000502,2025-03-01 06:13:52,2025-03-01,Social Media,Mobile,North,25-34,Below 25K,Insurance Plan,1,7,564,Website Visit,0,0,0,0,0,Website Visit,Landing page mismatch,9135,3,9
1431,S001432,U001407,2025-01-08 13:24:58,2025-01-08,Organic Search,Mobile,West,25-34,25K-50K,Credit Card,0,11,99,Product Page Viewed,1,0,0,0,0,Product Page Viewed,Comparing alternatives,38054,1,2
1432,S001433,U001169,2025-04-09 01:18:28,2025-04-09,Paid Ads,Desktop,South,25-34,Below 25K,Savings Account,1,1,335,Product Page Viewed,1,0,0,0,0,Product Page Viewed,Technical issue,14241,4,15
1433,S001434,U001505,2025-01-25 21:55:31,2025-01-25,Paid Ads,Mobile,East,45-54,25K-50K,Credit Card,1,4,437,Lead Form Started,1,1,1,1,0,Lead Form Started,Document requirement concern,17660,1,4
1434,S001435,U000179,2025-06-21 16:25:20,2025-06-21,Paid Ads,Desktop,North,25-34,100K+,Personal Loan,0,1,353,Lead Form Started,1,1,1,1,0,Lead Form Started,Technical issue,150132,6,25
1435,S001436,U001653,2025-06-08 10:13:04,2025-06-08,Organic Search,Desktop,South,45-54,100K+,Insurance Plan,0,5,300,Product Page Viewed,1,0,0,0,0,Product Page Viewed,Unclear product value,6458,6,23
1436,S001437,U000231,2025-01-10 16:40:40,2025-01-10,Email,Mobile,North,25-34,50K-100K,Savings Account,0,12,1059,Lead Form Submitted,1,1,1,1,1,,,0,1,2
1437,S001438,U000896,2025-02-06 21:54:42,2025-02-06,Paid Ads,Mobile,East,25-34,Below 25K,Personal Loan,1,7,162,Website Visit,0,0,0,0,0,Website Visit,Slow page load,149358,2,6
1438,S001439,U000768,2025-01-13 16:25:54,2025-01-13,Social Media,Desktop,Central,45-54,25K-50K,Personal Loan,0,2,219,Product Page Viewed,1,0,0,0,0,Product Page Viewed,Technical issue,78663,1,3
1439,S001440,U001837,2025-02-05 13:29:52,2025-02-05,Direct,Mobile,North,35-44,50K-100K,Insurance Plan,1,10,296,Product Page Viewed,1,0,0,0,0,Product Page Viewed,High interest-rate concern,6699,2,6
1440,S001441,U000671,2025-04-11 20:02:45,2025-04-11,Direct,Mobile,West,45-54,50K-100K,Savings Account,0,1,188,Calculator Used,1,1,0,0,0,Calculator Used,Required information unavailable,15710,4,15
1441,S001442,U001228,2025-03-03 07:48:49,2025-03-03,Direct,Desktop,West,45-54,Below 25K,Personal Loan,0,6,447,Product Page Viewed,1,0,0,0,0,Product Page Viewed,Unclear product value,86034,3,10
1442,S001443,U001073,2025-04-07 17:39:06,2025-04-07,Direct,Mobile,East,25-34,50K-100K,Credit Card,1,12,53,Product Page Viewed,1,0,0,0,0,Product Page Viewed,Technical issue,25795,4,15
1443,S001444,U001472,2025-04-17 12:49:34,2025-04-17,Direct,Tablet,South,25-34,25K-50K,Personal Loan,0,6,994,Product Page Viewed,1,0,0,0,0,Product Page Viewed,Technical issue,140925,4,16
1444,S001445,U000373,2025-01-23 04:42:30,2025-01-23,Paid Ads,Mobile,West,25-34,50K-100K,Insurance Plan,1,6,277,Product Page Viewed,1,0,0,0,0,Product Page Viewed,High interest-rate concern,9106,1,4
1445,S001446,U000466,2025-05-01 03:13:38,2025-05-01,Paid Ads,Mobile,North,25-34,100K+,Personal Loan,0,1,504,Product Page Viewed,1,0,0,0,0,Product Page Viewed,Comparing alternatives,154135,5,18
1446,S001447,U001594,2025-04-23 01:32:46,2025-04-23,Referral,Mobile,South,35-44,Below 25K,Credit Card,0,3,864,Product Page Viewed,1,0,0,0,0,Product Page Viewed,High interest-rate concern,38211,4,17
1447,S001448,U000803,2025-02-04 14:16:27,2025-02-04,Email,Mobile,East,35-44,100K+,Insurance Plan,1,8,614,Website Visit,0,0,0,0,0,Website Visit,Not ready to explore,5252,2,6
1448,S001449,U001727,2025-03-02 18:13:25,2025-03-02,Paid Ads,Desktop,East,25-34,100K+,Insurance Plan,0,10,1144,Product Page Viewed,1,0,0,0,0,Product Page Viewed,Technical issue,7184,3,9
1449,S001450,U000231,2025-06-14 03:40:04,2025-06-14,Referral,Tablet,West,25-34,25K-50K,Personal Loan,1,10,1020,Calculator Used,1,1,0,0,0,Calculator Used,Comparing alternatives,70942,6,24
1450,S001451,U001112,2025-05-01 11:31:26,2025-05-01,Referral,Mobile,South,18-24,Below 25K,Savings Account,0,8,141,Product Page Viewed,1,0,0,0,0,Product Page Viewed,Comparing alternatives,19072,5,18
1451,S001452,U000106,2025-05-11 17:42:00,2025-05-11,Organic Search,Mobile,West,18-24,25K-50K,Personal Loan,1,12,360,Product Page Viewed,1,0,0,0,0,Product Page Viewed,Technical issue,141406,5,19
1452,S001453,U001022,2025-01-14 23:00:00,2025-01-14,Paid Ads,Desktop,West,55+,25K-50K,Insurance Plan,0,4,359,CTA Clicked,1,1,1,0,0,CTA Clicked,Not ready to apply,5169,1,3
1453,S001454,U001364,2025-01-25 17:40:15,2025-01-25,Social Media,Mobile,North,18-24,25K-50K,Savings Account,1,1,332,Product Page Viewed,1,0,0,0,0,Product Page Viewed,Unclear product value,19848,1,4
1454,S001455,U001913,2025-03-03 22:17:48,2025-03-03,Email,Mobile,North,45-54,50K-100K,Savings Account,0,8,999,Product Page Viewed,1,0,0,0,0,Product Page Viewed,Unclear product value,16188,3,10
1455,S001456,U001642,2025-01-09 19:18:22,2025-01-09,Direct,Desktop,North,35-44,50K-100K,Savings Account,0,11,339,Product Page Viewed,1,0,0,0,0,Product Page Viewed,Comparing alternatives,13616,1,2
1456,S001457,U000545,2025-01-03 07:28:27,2025-01-03,Paid Ads,Mobile,Central,55+,Below 25K,Credit Card,0,8,128,Product Page Viewed,1,0,0,0,0,Product Page Viewed,High interest-rate concern,26132,1,1
1457,S001458,U001414,2025-02-13 06:34:41,2025-02-13,Direct,Desktop,Central,45-54,50K-100K,Credit Card,1,9,240,Product Page Viewed,1,0,0,0,0,Product Page Viewed,Technical issue,36159,2,7
1458,S001459,U000642,2025-04-04 23:21:19,2025-04-04,Referral,Desktop,Central,25-34,50K-100K,Personal Loan,0,6,911,Lead Form Started,1,1,1,1,0,Lead Form Started,Document requirement concern,101814,4,14
1459,S001460,U001867,2025-02-21 14:43:05,2025-02-21,Organic Search,Mobile,East,35-44,25K-50K,Personal Loan,0,2,538,Product Page Viewed,1,0,0,0,0,Product Page Viewed,High interest-rate concern,152866,2,8
1460,S001461,U001138,2025-01-09 17:04:12,2025-01-09,Social Media,Mobile,Central,25-34,Below 25K,Savings Account,0,1,1094,Calculator Used,1,1,0,0,0,Calculator Used,Required information unavailable,9390,1,2
1461,S001462,U001437,2025-04-29 08:01:22,2025-04-29,Referral,Desktop,North,25-34,25K-50K,Insurance Plan,1,3,327,Calculator Used,1,1,0,0,0,Calculator Used,Required information unavailable,8873,4,18
1462,S001463,U000658,2025-04-03 09:08:15,2025-04-03,Paid Ads,Mobile,North,35-44,Below 25K,Personal Loan,0,12,799,Product Page Viewed,1,0,0,0,0,Product Page Viewed,Technical issue,102778,4,14
1463,S001464,U000614,2025-06-09 02:23:27,2025-06-09,Direct,Mobile,North,45-54,25K-50K,Personal Loan,0,7,206,Product Page Viewed,1,0,0,0,0,Product Page Viewed,Comparing alternatives,123015,6,24
1464,S001465,U001818,2025-04-26 02:22:52,2025-04-26,Paid Ads,Mobile,South,35-44,Below 25K,Personal Loan,1,3,682,Product Page Viewed,1,0,0,0,0,Product Page Viewed,Comparing alternatives,114889,4,17
1465,S001466,U001681,2025-06-13 09:35:30,2025-06-13,Organic Search,Mobile,East,25-34,25K-50K,Insurance Plan,0,6,312,Calculator Used,1,1,0,0,0,Calculator Used,Calculator result not attractive,10659,6,24
1466,S001467,U001988,2025-02-09 19:02:55,2025-02-09,Organic Search,Mobile,Central,45-54,50K-100K,Credit Card,0,12,246,Product Page Viewed,1,0,0,0,0,Product Page Viewed,Comparing alternatives,25880,2,6
1467,S001468,U000608,2025-03-25 09:28:30,2025-03-25,Organic Search,Desktop,Central,55+,25K-50K,Savings Account,1,7,611,Calculator Used,1,1,0,0,0,Calculator Used,Calculator result not attractive,14727,3,13
1468,S001469,U000303,2025-03-21 19:54:43,2025-03-21,Email,Mobile,Central,45-54,25K-50K,Savings Account,1,7,543,Calculator Used,1,1,0,0,0,Calculator Used,Calculator result not attractive,18719,3,12
1469,S001470,U000808,2025-03-03 23:24:16,2025-03-03,Email,Desktop,North,25-34,25K-50K,Personal Loan,1,3,713,Calculator Used,1,1,0,0,0,Calculator Used,Technical issue,144085,3,10
1470,S001471,U001763,2025-04-09 08:24:12,2025-04-09,Referral,Mobile,South,25-34,25K-50K,Credit Card,1,4,740,Calculator Used,1,1,0,0,0,Calculator Used,Technical issue,29790,4,15
1471,S001472,U000668,2025-04-08 04:46:31,2025-04-08,Organic Search,Mobile,South,18-24,50K-100K,Credit Card,0,9,22,Lead Form Submitted,1,1,1,1,1,,,0,4,15
1472,S001473,U000248,2025-05-12 10:02:34,2025-05-12,Organic Search,Mobile,Central,25-34,50K-100K,Personal Loan,1,9,1015,Product Page Viewed,1,0,0,0,0,Product Page Viewed,Technical issue,159311,5,20
1473,S001474,U001058,2025-04-11 01:25:21,2025-04-11,Social Media,Mobile,North,45-54,Below 25K,Personal Loan,1,3,1134,Calculator Used,1,1,0,0,0,Calculator Used,Technical issue,124640,4,15
1474,S001475,U001517,2025-01-03 08:21:51,2025-01-03,Organic Search,Mobile,West,45-54,100K+,Savings Account,0,3,1163,Lead Form Submitted,1,1,1,1,1,,,0,1,1
1475,S001476,U001418,2025-05-25 08:42:49,2025-05-25,Organic Search,Desktop,East,25-34,Below 25K,Personal Loan,0,11,288,Website Visit,0,0,0,0,0,Website Visit,Landing page mismatch,96123,5,21
1476,S001477,U000739,2025-06-15 23:48:42,2025-06-15,Referral,Mobile,West,55+,25K-50K,Personal Loan,1,2,338,Product Page Viewed,1,0,0,0,0,Product Page Viewed,Unclear product value,72320,6,24
1477,S001478,U000694,2025-05-01 17:25:42,2025-05-01,Email,Mobile,South,25-34,25K-50K,Credit Card,0,1,973,Product Page Viewed,1,0,0,0,0,Product Page Viewed,Technical issue,36455,5,18
1478,S001479,U000989,2025-06-16 02:30:47,2025-06-16,Paid Ads,Desktop,West,25-34,50K-100K,Savings Account,1,7,783,Product Page Viewed,1,0,0,0,0,Product Page Viewed,Technical issue,10890,6,25
1479,S001480,U001158,2025-02-12 19:32:30,2025-02-12,Organic Search,Desktop,West,55+,100K+,Credit Card,1,4,329,CTA Clicked,1,1,1,0,0,CTA Clicked,Privacy concern,36350,2,7
1480,S001481,U000343,2025-02-26 16:46:57,2025-02-26,Email,Mobile,North,45-54,50K-100K,Personal Loan,0,12,390,Calculator Used,1,1,0,0,0,Calculator Used,Comparing alternatives,71113,2,9
1481,S001482,U000126,2025-04-12 19:33:06,2025-04-12,Organic Search,Desktop,South,25-34,Below 25K,Credit Card,0,5,450,Product Page Viewed,1,0,0,0,0,Product Page Viewed,Technical issue,24414,4,15
1482,S001483,U000035,2025-01-17 04:33:19,2025-01-17,Organic Search,Desktop,North,45-54,Below 25K,Insurance Plan,0,1,147,Product Page Viewed,1,0,0,0,0,Product Page Viewed,Unclear product value,10254,1,3
1483,S001484,U001097,2025-06-20 16:56:33,2025-06-20,Email,Desktop,East,35-44,25K-50K,Savings Account,1,4,440,CTA Clicked,1,1,1,0,0,CTA Clicked,Privacy concern,20163,6,25
1484,S001485,U001493,2025-05-17 01:56:02,2025-05-17,Direct,Mobile,South,18-24,25K-50K,Credit Card,0,7,1039,Product Page Viewed,1,0,0,0,0,Product Page Viewed,Comparing alternatives,36149,5,20
1485,S001486,U000542,2025-03-05 11:37:42,2025-03-05,Paid Ads,Desktop,South,45-54,50K-100K,Credit Card,1,3,757,Lead Form Submitted,1,1,1,1,1,,,0,3,10
1486,S001487,U001287,2025-03-29 19:02:46,2025-03-29,Organic Search,Mobile,Central,25-34,Below 25K,Savings Account,1,10,26,Product Page Viewed,1,0,0,0,0,Product Page Viewed,Comparing alternatives,20206,3,13
1487,S001488,U000662,2025-03-21 08:19:25,2025-03-21,Direct,Mobile,Central,35-44,25K-50K,Savings Account,1,7,495,Calculator Used,1,1,0,0,0,Calculator Used,Technical issue,11594,3,12
1488,S001489,U001411,2025-06-17 14:22:35,2025-06-17,Email,Mobile,West,45-54,50K-100K,Credit Card,0,6,243,Calculator Used,1,1,0,0,0,Calculator Used,Calculator result not attractive,32791,6,25
1489,S001490,U001291,2025-06-04 10:21:53,2025-06-04,Organic Search,Mobile,South,25-34,Below 25K,Savings Account,0,3,860,Product Page Viewed,1,0,0,0,0,Product Page Viewed,Unclear product value,15640,6,23
1490,S001491,U000017,2025-02-06 00:08:52,2025-02-06,Social Media,Mobile,West,25-34,50K-100K,Personal Loan,0,8,76,Product Page Viewed,1,0,0,0,0,Product Page Viewed,Technical issue,80054,2,6
1491,S001492,U000824,2025-02-17 15:14:21,2025-02-17,Organic Search,Mobile,South,25-34,Below 25K,Credit Card,0,4,538,Calculator Used,1,1,0,0,0,Calculator Used,Comparing alternatives,35246,2,8
1492,S001493,U001161,2025-06-24 18:50:19,2025-06-24,Paid Ads,Mobile,North,25-34,50K-100K,Credit Card,0,3,890,Calculator Used,1,1,0,0,0,Calculator Used,Comparing alternatives,18557,6,26
1493,S001494,U000695,2025-03-06 11:21:26,2025-03-06,Email,Tablet,East,45-54,25K-50K,Credit Card,0,9,839,Lead Form Submitted,1,1,1,1,1,,,0,3,10
1494,S001495,U001219,2025-05-26 22:28:08,2025-05-26,Social Media,Desktop,North,35-44,25K-50K,Personal Loan,0,11,1036,Website Visit,0,0,0,0,0,Website Visit,Immediate bounce,137602,5,22
1495,S001496,U001193,2025-05-15 21:43:40,2025-05-15,Email,Mobile,South,35-44,50K-100K,Savings Account,0,10,485,Product Page Viewed,1,0,0,0,0,Product Page Viewed,Unclear product value,15366,5,20
1496,S001497,U000577,2025-06-18 16:29:27,2025-06-18,Organic Search,Mobile,North,45-54,100K+,Personal Loan,0,4,1041,Product Page Viewed,1,0,0,0,0,Product Page Viewed,Technical issue,89215,6,25
1497,S001498,U001442,2025-01-22 12:27:59,2025-01-22,Direct,Tablet,North,35-44,Below 25K,Credit Card,0,5,470,Lead Form Started,1,1,1,1,0,Lead Form Started,Document requirement concern,35744,1,4
1498,S001499,U001378,2025-06-16 00:20:05,2025-06-16,Organic Search,Mobile,North,45-54,50K-100K,Savings Account,0,3,805,CTA Clicked,1,1,1,0,0,CTA Clicked,Technical issue,17338,6,25
1499,S001500,U000287,2025-04-24 09:14:05,2025-04-24,Email,Desktop,East,55+,25K-50K,Personal Loan,0,10,157,Product Page Viewed,1,0,0,0,0,Product Page Viewed,Unclear product value,106105,4,17
1500,S001501,U001267,2025-02-24 02:12:08,2025-02-24,Email,Tablet,South,45-54,Below 25K,Savings Account,0,3,260,Product Page Viewed,1,0,0,0,0,Product Page Viewed,High interest-rate concern,10067,2,9
1501,S001502,U001126,2025-05-13 22:58:07,2025-05-13,Email,Desktop,North,25-34,50K-100K,Personal Loan,0,8,1094,Product Page Viewed,1,0,0,0,0,Product Page Viewed,Comparing alternatives,94027,5,20
1502,S001503,U000150,2025-01-28 12:12:47,2025-01-28,Organic Search,Desktop,South,18-24,50K-100K,Personal Loan,0,1,592,Product Page Viewed,1,0,0,0,0,Product Page Viewed,High interest-rate concern,159789,1,5
1503,S001504,U000600,2025-01-04 18:47:30,2025-01-04,Paid Ads,Mobile,West,45-54,100K+,Savings Account,0,2,640,Website Visit,0,0,0,0,0,Website Visit,Immediate bounce,19962,1,1
1504,S001505,U001360,2025-01-08 00:38:31,2025-01-08,Email,Desktop,Central,35-44,50K-100K,Personal Loan,0,10,199,Lead Form Submitted,1,1,1,1,1,,,0,1,2
1505,S001506,U000273,2025-04-20 18:16:02,2025-04-20,Email,Desktop,West,55+,50K-100K,Insurance Plan,0,11,31,Lead Form Started,1,1,1,1,0,Lead Form Started,Document requirement concern,9397,4,16
1506,S001507,U001377,2025-03-02 01:28:19,2025-03-02,Email,Desktop,South,25-34,50K-100K,Credit Card,0,6,633,Calculator Used,1,1,0,0,0,Calculator Used,Technical issue,38283,3,9
1507,S001508,U000703,2025-01-31 19:02:33,2025-01-31,Organic Search,Mobile,North,18-24,Below 25K,Credit Card,0,11,600,CTA Clicked,1,1,1,0,0,CTA Clicked,Privacy concern,40305,1,5
1508,S001509,U000223,2025-03-27 20:35:30,2025-03-27,Organic Search,Desktop,East,25-34,25K-50K,Personal Loan,0,8,437,Calculator Used,1,1,0,0,0,Calculator Used,Technical issue,74542,3,13
1509,S001510,U000227,2025-01-16 03:00:13,2025-01-16,Paid Ads,Tablet,East,55+,25K-50K,Personal Loan,1,6,431,Product Page Viewed,1,0,0,0,0,Product Page Viewed,Unclear product value,148317,1,3
1510,S001511,U001485,2025-04-08 16:11:08,2025-04-08,Organic Search,Mobile,East,25-34,50K-100K,Credit Card,0,1,676,Product Page Viewed,1,0,0,0,0,Product Page Viewed,High interest-rate concern,35738,4,15
1511,S001512,U000907,2025-06-16 19:52:17,2025-06-16,Social Media,Mobile,Central,45-54,50K-100K,Insurance Plan,0,10,1191,Product Page Viewed,1,0,0,0,0,Product Page Viewed,Comparing alternatives,7533,6,25
1512,S001513,U000707,2025-05-15 03:32:00,2025-05-15,Paid Ads,Desktop,South,25-34,25K-50K,Personal Loan,1,10,354,Product Page Viewed,1,0,0,0,0,Product Page Viewed,High interest-rate concern,123717,5,20
1513,S001514,U001554,2025-01-03 02:18:36,2025-01-03,Direct,Mobile,East,45-54,25K-50K,Credit Card,0,3,430,Lead Form Submitted,1,1,1,1,1,,,0,1,1
1514,S001515,U001775,2025-01-27 20:02:26,2025-01-27,Social Media,Mobile,West,55+,Below 25K,Personal Loan,0,7,464,Calculator Used,1,1,0,0,0,Calculator Used,Technical issue,78446,1,5
1515,S001516,U000363,2025-06-19 14:31:35,2025-06-19,Paid Ads,Mobile,North,25-34,Below 25K,Credit Card,1,2,902,Calculator Used,1,1,0,0,0,Calculator Used,Calculator result not attractive,29728,6,25
1516,S001517,U000505,2025-05-03 02:25:01,2025-05-03,Paid Ads,Mobile,North,55+,50K-100K,Personal Loan,0,12,844,Calculator Used,1,1,0,0,0,Calculator Used,Technical issue,117265,5,18
1517,S001518,U000736,2025-05-22 10:15:30,2025-05-22,Email,Mobile,West,25-34,25K-50K,Personal Loan,0,5,236,Lead Form Submitted,1,1,1,1,1,,,0,5,21
1518,S001519,U001136,2025-01-15 16:31:56,2025-01-15,Direct,Mobile,North,18-24,Below 25K,Personal Loan,0,11,195,Product Page Viewed,1,0,0,0,0,Product Page Viewed,High interest-rate concern,87165,1,3
1519,S001520,U001582,2025-06-11 06:20:05,2025-06-11,Organic Search,Mobile,West,45-54,Below 25K,Credit Card,0,5,30,Product Page Viewed,1,0,0,0,0,Product Page Viewed,Unclear product value,33214,6,24
1520,S001521,U001035,2025-01-27 14:57:42,2025-01-27,Paid Ads,Mobile,South,25-34,25K-50K,Personal Loan,1,1,535,Calculator Used,1,1,0,0,0,Calculator Used,Required information unavailable,147330,1,5
1521,S001522,U000382,2025-02-03 13:19:32,2025-02-03,Referral,Tablet,Central,25-34,25K-50K,Savings Account,1,10,906,Calculator Used,1,1,0,0,0,Calculator Used,Comparing alternatives,20518,2,6
1522,S001523,U001554,2025-03-22 21:23:21,2025-03-22,Organic Search,Mobile,West,35-44,50K-100K,Insurance Plan,0,6,713,Product Page Viewed,1,0,0,0,0,Product Page Viewed,Unclear product value,10711,3,12
1523,S001524,U001975,2025-02-07 11:22:20,2025-02-07,Email,Mobile,Central,55+,100K+,Credit Card,0,5,1176,Lead Form Submitted,1,1,1,1,1,,,0,2,6
1524,S001525,U000062,2025-01-19 09:59:34,2025-01-19,Email,Mobile,West,45-54,25K-50K,Personal Loan,0,2,873,Lead Form Submitted,1,1,1,1,1,,,0,1,3
1525,S001526,U000262,2025-01-06 12:57:33,2025-01-06,Direct,Desktop,West,35-44,25K-50K,Credit Card,0,7,959,Lead Form Submitted,1,1,1,1,1,,,0,1,2
1526,S001527,U001533,2025-06-10 03:26:41,2025-06-10,Email,Desktop,Central,35-44,50K-100K,Insurance Plan,0,1,1016,Calculator Used,1,1,0,0,0,Calculator Used,Calculator result not attractive,7450,6,24
1527,S001528,U001901,2025-03-06 16:14:23,2025-03-06,Direct,Mobile,South,35-44,25K-50K,Personal Loan,1,11,470,Website Visit,0,0,0,0,0,Website Visit,Slow page load,101404,3,10
1528,S001529,U000698,2025-01-18 20:59:26,2025-01-18,Paid Ads,Mobile,Central,45-54,50K-100K,Savings Account,0,7,123,CTA Clicked,1,1,1,0,0,CTA Clicked,Privacy concern,13011,1,3
1529,S001530,U000870,2025-06-26 10:47:21,2025-06-26,Paid Ads,Desktop,West,25-34,50K-100K,Personal Loan,1,2,748,Product Page Viewed,1,0,0,0,0,Product Page Viewed,Technical issue,70438,6,26
1530,S001531,U000520,2025-04-21 12:31:18,2025-04-21,Email,Desktop,South,25-34,Below 25K,Savings Account,1,1,1086,Calculator Used,1,1,0,0,0,Calculator Used,Comparing alternatives,10422,4,17
1531,S001532,U000907,2025-04-19 06:44:11,2025-04-19,Email,Desktop,Central,35-44,Below 25K,Personal Loan,1,12,744,Product Page Viewed,1,0,0,0,0,Product Page Viewed,Technical issue,160185,4,16
1532,S001533,U000326,2025-04-25 18:07:14,2025-04-25,Paid Ads,Mobile,West,45-54,25K-50K,Personal Loan,0,1,575,Product Page Viewed,1,0,0,0,0,Product Page Viewed,High interest-rate concern,130030,4,17
1533,S001534,U001634,2025-04-04 06:32:46,2025-04-04,Email,Desktop,West,18-24,100K+,Personal Loan,0,11,758,Calculator Used,1,1,0,0,0,Calculator Used,Technical issue,111008,4,14
1534,S001535,U000142,2025-02-17 21:49:32,2025-02-17,Referral,Mobile,Central,25-34,100K+,Personal Loan,0,2,1057,Lead Form Submitted,1,1,1,1,1,,,0,2,8
1535,S001536,U000020,2025-04-01 01:06:03,2025-04-01,Direct,Desktop,East,25-34,50K-100K,Personal Loan,1,2,679,CTA Clicked,1,1,1,0,0,CTA Clicked,Not ready to apply,69023,4,14
1536,S001537,U000744,2025-06-12 08:32:14,2025-06-12,Social Media,Desktop,South,35-44,50K-100K,Personal Loan,0,9,1183,Lead Form Started,1,1,1,1,0,Lead Form Started,Session timeout,93475,6,24
1537,S001538,U000384,2025-02-24 04:54:41,2025-02-24,Social Media,Tablet,North,45-54,50K-100K,Personal Loan,0,10,84,Lead Form Submitted,1,1,1,1,1,,,0,2,9
1538,S001539,U000303,2025-03-19 10:11:45,2025-03-19,Social Media,Mobile,Central,35-44,100K+,Credit Card,1,5,329,CTA Clicked,1,1,1,0,0,CTA Clicked,Privacy concern,30885,3,12
1539,S001540,U001573,2025-04-26 10:36:15,2025-04-26,Organic Search,Desktop,West,25-34,25K-50K,Personal Loan,1,2,988,Calculator Used,1,1,0,0,0,Calculator Used,Required information unavailable,95140,4,17
1540,S001541,U001831,2025-04-08 02:21:42,2025-04-08,Direct,Mobile,North,35-44,25K-50K,Savings Account,0,10,174,Calculator Used,1,1,0,0,0,Calculator Used,Required information unavailable,17687,4,15
1541,S001542,U000525,2025-01-22 02:04:42,2025-01-22,Direct,Mobile,Central,35-44,25K-50K,Personal Loan,0,11,1142,Calculator Used,1,1,0,0,0,Calculator Used,Technical issue,73178,1,4
1542,S001543,U000258,2025-01-06 10:32:16,2025-01-06,Direct,Desktop,South,35-44,50K-100K,Credit Card,0,3,763,Lead Form Submitted,1,1,1,1,1,,,0,1,2
1543,S001544,U000322,2025-01-13 05:47:45,2025-01-13,Paid Ads,Desktop,West,25-34,100K+,Personal Loan,0,8,828,CTA Clicked,1,1,1,0,0,CTA Clicked,Privacy concern,133705,1,3
1544,S001545,U000341,2025-06-08 05:24:44,2025-06-08,Paid Ads,Tablet,South,25-34,25K-50K,Personal Loan,1,6,428,Website Visit,0,0,0,0,0,Website Visit,Slow page load,123197,6,23
1545,S001546,U001382,2025-06-08 05:25:41,2025-06-08,Organic Search,Desktop,East,25-34,25K-50K,Insurance Plan,0,7,523,Product Page Viewed,1,0,0,0,0,Product Page Viewed,Comparing alternatives,4616,6,23
1546,S001547,U000962,2025-04-06 04:36:35,2025-04-06,Organic Search,Tablet,North,35-44,25K-50K,Savings Account,0,8,253,Product Page Viewed,1,0,0,0,0,Product Page Viewed,Comparing alternatives,15267,4,14
1547,S001548,U001293,2025-04-28 23:33:23,2025-04-28,Paid Ads,Mobile,North,25-34,Below 25K,Savings Account,0,5,1189,Product Page Viewed,1,0,0,0,0,Product Page Viewed,Unclear product value,16916,4,18
1548,S001549,U000586,2025-05-19 17:06:41,2025-05-19,Direct,Mobile,North,25-34,25K-50K,Personal Loan,0,10,210,Product Page Viewed,1,0,0,0,0,Product Page Viewed,Comparing alternatives,142995,5,21
1549,S001550,U001990,2025-04-18 10:58:29,2025-04-18,Paid Ads,Mobile,West,35-44,Below 25K,Personal Loan,0,6,965,Website Visit,0,0,0,0,0,Website Visit,Immediate bounce,96464,4,16
1550,S001551,U000551,2025-03-06 05:34:45,2025-03-06,Paid Ads,Desktop,South,45-54,50K-100K,Savings Account,1,3,992,Lead Form Submitted,1,1,1,1,1,,,0,3,10
1551,S001552,U000129,2025-04-27 05:02:48,2025-04-27,Organic Search,Tablet,South,25-34,25K-50K,Personal Loan,0,6,599,Product Page Viewed,1,0,0,0,0,Product Page Viewed,Unclear product value,146698,4,17
1552,S001553,U000554,2025-04-22 14:38:44,2025-04-22,Organic Search,Mobile,Central,25-34,25K-50K,Personal Loan,0,3,471,Product Page Viewed,1,0,0,0,0,Product Page Viewed,Comparing alternatives,137726,4,17
1553,S001554,U001447,2025-01-23 21:02:17,2025-01-23,Email,Mobile,West,45-54,25K-50K,Credit Card,0,4,723,Lead Form Submitted,1,1,1,1,1,,,0,1,4
1554,S001555,U000922,2025-06-22 15:10:33,2025-06-22,Referral,Mobile,South,25-34,50K-100K,Personal Loan,0,10,929,Lead Form Submitted,1,1,1,1,1,,,0,6,25
1555,S001556,U000401,2025-05-09 15:06:41,2025-05-09,Organic Search,Mobile,South,35-44,50K-100K,Savings Account,0,12,343,Lead Form Submitted,1,1,1,1,1,,,0,5,19
1556,S001557,U001840,2025-06-17 15:33:00,2025-06-17,Direct,Desktop,West,35-44,100K+,Credit Card,0,12,62,Product Page Viewed,1,0,0,0,0,Product Page Viewed,Comparing alternatives,28502,6,25
1557,S001558,U000332,2025-02-05 16:44:20,2025-02-05,Organic Search,Mobile,North,18-24,25K-50K,Credit Card,0,5,552,Product Page Viewed,1,0,0,0,0,Product Page Viewed,Technical issue,22237,2,6
1558,S001559,U001013,2025-05-28 12:09:58,2025-05-28,Email,Mobile,West,45-54,25K-50K,Personal Loan,0,6,231,Product Page Viewed,1,0,0,0,0,Product Page Viewed,Comparing alternatives,104924,5,22
1559,S001560,U001195,2025-04-26 05:11:51,2025-04-26,Paid Ads,Desktop,Central,35-44,Below 25K,Insurance Plan,0,5,243,Calculator Used,1,1,0,0,0,Calculator Used,Calculator result not attractive,5534,4,17
1560,S001561,U000049,2025-05-27 13:09:13,2025-05-27,Social Media,Mobile,South,35-44,25K-50K,Personal Loan,0,6,581,Website Visit,0,0,0,0,0,Website Visit,Slow page load,112895,5,22
1561,S001562,U000628,2025-06-26 04:36:21,2025-06-26,Organic Search,Mobile,North,35-44,50K-100K,Personal Loan,1,6,953,Product Page Viewed,1,0,0,0,0,Product Page Viewed,High interest-rate concern,103394,6,26
1562,S001563,U000247,2025-03-08 17:10:21,2025-03-08,Email,Mobile,West,35-44,25K-50K,Personal Loan,0,12,562,Product Page Viewed,1,0,0,0,0,Product Page Viewed,Technical issue,73748,3,10
1563,S001564,U001706,2025-04-11 00:41:26,2025-04-11,Email,Desktop,North,25-34,25K-50K,Personal Loan,0,8,243,Lead Form Started,1,1,1,1,0,Lead Form Started,Technical issue,153509,4,15
1564,S001565,U000481,2025-02-09 00:37:53,2025-02-09,Direct,Mobile,North,25-34,50K-100K,Credit Card,0,12,873,Product Page Viewed,1,0,0,0,0,Product Page Viewed,Unclear product value,27195,2,6
1565,S001566,U000914,2025-05-14 12:40:24,2025-05-14,Organic Search,Mobile,North,25-34,25K-50K,Insurance Plan,1,10,249,Lead Form Submitted,1,1,1,1,1,,,0,5,20
1566,S001567,U000868,2025-04-03 18:21:38,2025-04-03,Email,Mobile,West,35-44,25K-50K,Credit Card,0,12,988,Product Page Viewed,1,0,0,0,0,Product Page Viewed,Technical issue,20456,4,14
1567,S001568,U000406,2025-01-05 01:13:50,2025-01-05,Organic Search,Mobile,North,25-34,25K-50K,Insurance Plan,0,2,372,Product Page Viewed,1,0,0,0,0,Product Page Viewed,High interest-rate concern,8032,1,1
1568,S001569,U001916,2025-03-04 20:39:48,2025-03-04,Direct,Mobile,North,18-24,50K-100K,Credit Card,0,6,247,Lead Form Started,1,1,1,1,0,Lead Form Started,Technical issue,27951,3,10
1569,S001570,U001527,2025-06-16 20:29:14,2025-06-16,Email,Desktop,Central,55+,100K+,Credit Card,0,8,111,Product Page Viewed,1,0,0,0,0,Product Page Viewed,Technical issue,34520,6,25
1570,S001571,U000857,2025-03-19 19:06:39,2025-03-19,Email,Desktop,East,45-54,25K-50K,Insurance Plan,0,9,828,CTA Clicked,1,1,1,0,0,CTA Clicked,Technical issue,10228,3,12
1571,S001572,U000434,2025-01-31 19:51:24,2025-01-31,Organic Search,Mobile,Central,25-34,25K-50K,Credit Card,0,9,539,Lead Form Started,1,1,1,1,0,Lead Form Started,Session timeout,25458,1,5
1572,S001573,U000861,2025-03-03 03:05:06,2025-03-03,Direct,Desktop,North,35-44,50K-100K,Personal Loan,1,1,447,Product Page Viewed,1,0,0,0,0,Product Page Viewed,High interest-rate concern,116228,3,10
1573,S001574,U001822,2025-02-11 05:43:53,2025-02-11,Organic Search,Mobile,North,35-44,25K-50K,Savings Account,0,11,639,Calculator Used,1,1,0,0,0,Calculator Used,Calculator result not attractive,15665,2,7
1574,S001575,U000020,2025-06-27 16:00:00,2025-06-27,Organic Search,Tablet,South,35-44,25K-50K,Credit Card,0,6,944,Product Page Viewed,1,0,0,0,0,Product Page Viewed,Comparing alternatives,21836,6,26
1575,S001576,U000373,2025-01-02 18:34:23,2025-01-02,Referral,Mobile,North,35-44,25K-50K,Personal Loan,0,9,458,Product Page Viewed,1,0,0,0,0,Product Page Viewed,Technical issue,143191,1,1
1576,S001577,U001128,2025-02-01 10:22:49,2025-02-01,Organic Search,Desktop,Central,25-34,50K-100K,Savings Account,0,10,921,CTA Clicked,1,1,1,0,0,CTA Clicked,Not ready to apply,11435,2,5
1577,S001578,U001034,2025-03-22 10:33:32,2025-03-22,Referral,Desktop,West,25-34,25K-50K,Personal Loan,0,9,162,Product Page Viewed,1,0,0,0,0,Product Page Viewed,Comparing alternatives,136714,3,12
1578,S001579,U000024,2025-01-18 21:45:18,2025-01-18,Referral,Desktop,South,45-54,25K-50K,Savings Account,0,6,466,Lead Form Started,1,1,1,1,0,Lead Form Started,Technical issue,17398,1,3
1579,S001580,U000892,2025-05-14 04:05:17,2025-05-14,Direct,Mobile,West,35-44,100K+,Insurance Plan,1,12,298,Product Page Viewed,1,0,0,0,0,Product Page Viewed,Unclear product value,5667,5,20
1580,S001581,U000148,2025-03-06 07:05:45,2025-03-06,Organic Search,Mobile,South,25-34,50K-100K,Savings Account,0,2,958,Product Page Viewed,1,0,0,0,0,Product Page Viewed,Technical issue,20151,3,10
1581,S001582,U001149,2025-06-13 03:21:46,2025-06-13,Organic Search,Desktop,East,45-54,50K-100K,Personal Loan,0,3,566,Calculator Used,1,1,0,0,0,Calculator Used,Required information unavailable,161612,6,24
1582,S001583,U000022,2025-06-21 00:32:52,2025-06-21,Email,Mobile,West,25-34,25K-50K,Credit Card,0,1,217,Lead Form Started,1,1,1,1,0,Lead Form Started,Technical issue,30680,6,25
1583,S001584,U001975,2025-06-04 21:07:07,2025-06-04,Email,Mobile,North,25-34,Below 25K,Personal Loan,0,9,234,Product Page Viewed,1,0,0,0,0,Product Page Viewed,Unclear product value,159056,6,23
1584,S001585,U001682,2025-04-27 01:02:57,2025-04-27,Referral,Desktop,North,45-54,50K-100K,Credit Card,1,6,304,Lead Form Started,1,1,1,1,0,Lead Form Started,Technical issue,20297,4,17
1585,S001586,U001338,2025-06-08 01:50:14,2025-06-08,Social Media,Desktop,South,25-34,50K-100K,Personal Loan,0,12,948,Product Page Viewed,1,0,0,0,0,Product Page Viewed,High interest-rate concern,115586,6,23
1586,S001587,U001786,2025-06-11 15:48:30,2025-06-11,Email,Mobile,North,25-34,50K-100K,Savings Account,0,1,350,Lead Form Submitted,1,1,1,1,1,,,0,6,24
1587,S001588,U001412,2025-03-29 08:02:12,2025-03-29,Paid Ads,Desktop,West,55+,Below 25K,Savings Account,0,9,359,CTA Clicked,1,1,1,0,0,CTA Clicked,Technical issue,22479,3,13
1588,S001589,U001329,2025-04-06 08:43:27,2025-04-06,Referral,Mobile,West,45-54,50K-100K,Credit Card,1,12,208,Product Page Viewed,1,0,0,0,0,Product Page Viewed,Technical issue,26581,4,14
1589,S001590,U000339,2025-02-27 08:58:32,2025-02-27,Paid Ads,Desktop,East,25-34,25K-50K,Insurance Plan,0,2,342,Product Page Viewed,1,0,0,0,0,Product Page Viewed,Comparing alternatives,4565,2,9
1590,S001591,U000345,2025-03-31 10:26:55,2025-03-31,Organic Search,Mobile,West,25-34,50K-100K,Personal Loan,1,10,165,Product Page Viewed,1,0,0,0,0,Product Page Viewed,Unclear product value,143332,3,14
1591,S001592,U000484,2025-02-25 21:54:59,2025-02-25,Email,Mobile,West,45-54,50K-100K,Insurance Plan,1,7,821,Product Page Viewed,1,0,0,0,0,Product Page Viewed,Technical issue,5884,2,9
1592,S001593,U000516,2025-02-20 01:15:47,2025-02-20,Organic Search,Mobile,North,18-24,25K-50K,Personal Loan,0,6,965,Product Page Viewed,1,0,0,0,0,Product Page Viewed,High interest-rate concern,71889,2,8
1593,S001594,U000924,2025-03-22 14:45:53,2025-03-22,Email,Mobile,South,55+,25K-50K,Personal Loan,1,5,164,Website Visit,0,0,0,0,0,Website Visit,Landing page mismatch,65192,3,12
1594,S001595,U000601,2025-01-08 10:57:30,2025-01-08,Paid Ads,Mobile,West,35-44,Below 25K,Savings Account,1,3,1060,Product Page Viewed,1,0,0,0,0,Product Page Viewed,Technical issue,17812,1,2
1595,S001596,U001340,2025-03-08 03:09:01,2025-03-08,Direct,Mobile,West,25-34,50K-100K,Insurance Plan,0,10,63,Lead Form Submitted,1,1,1,1,1,,,0,3,10
1596,S001597,U000818,2025-03-12 22:53:54,2025-03-12,Paid Ads,Desktop,West,25-34,25K-50K,Credit Card,0,4,442,Lead Form Started,1,1,1,1,0,Lead Form Started,Document requirement concern,17592,3,11
1597,S001598,U001286,2025-02-12 11:10:06,2025-02-12,Referral,Desktop,Central,35-44,25K-50K,Credit Card,0,12,1034,Lead Form Submitted,1,1,1,1,1,,,0,2,7
1598,S001599,U001087,2025-04-02 00:10:04,2025-04-02,Referral,Mobile,South,18-24,25K-50K,Personal Loan,0,10,825,Product Page Viewed,1,0,0,0,0,Product Page Viewed,Technical issue,133547,4,14
1599,S001600,U000713,2025-03-04 01:41:40,2025-03-04,Paid Ads,Desktop,Central,45-54,Below 25K,Credit Card,0,4,1005,Product Page Viewed,1,0,0,0,0,Product Page Viewed,High interest-rate concern,35546,3,10
1600,S001601,U000291,2025-01-20 23:34:10,2025-01-20,Email,Mobile,Central,25-34,100K+,Insurance Plan,0,12,44,Product Page Viewed,1,0,0,0,0,Product Page Viewed,Unclear product value,6181,1,4
1601,S001602,U001691,2025-03-18 02:45:49,2025-03-18,Direct,Desktop,North,55+,25K-50K,Insurance Plan,0,3,1021,Calculator Used,1,1,0,0,0,Calculator Used,Calculator result not attractive,8994,3,12
1602,S001603,U000310,2025-05-30 05:10:29,2025-05-30,Organic Search,Mobile,West,25-34,50K-100K,Savings Account,0,1,579,Website Visit,0,0,0,0,0,Website Visit,Immediate bounce,19420,5,22
1603,S001604,U001317,2025-02-19 14:12:44,2025-02-19,Email,Desktop,West,25-34,50K-100K,Personal Loan,0,1,482,Lead Form Started,1,1,1,1,0,Lead Form Started,Session timeout,161400,2,8
1604,S001605,U000468,2025-05-29 16:15:22,2025-05-29,Email,Desktop,East,18-24,25K-50K,Credit Card,1,12,505,Lead Form Started,1,1,1,1,0,Lead Form Started,Too many required fields,25070,5,22
1605,S001606,U001318,2025-02-11 19:57:00,2025-02-11,Organic Search,Desktop,West,18-24,100K+,Savings Account,0,5,444,Lead Form Submitted,1,1,1,1,1,,,0,2,7
1606,S001607,U001466,2025-06-23 14:17:40,2025-06-23,Organic Search,Mobile,West,25-34,100K+,Savings Account,0,12,1025,Calculator Used,1,1,0,0,0,Calculator Used,Calculator result not attractive,21353,6,26
1607,S001608,U001492,2025-04-18 04:48:29,2025-04-18,Direct,Desktop,West,35-44,100K+,Credit Card,0,7,169,Lead Form Started,1,1,1,1,0,Lead Form Started,Session timeout,24963,4,16
1608,S001609,U001376,2025-05-17 09:30:09,2025-05-17,Paid Ads,Desktop,Central,35-44,50K-100K,Personal Loan,1,5,985,Lead Form Started,1,1,1,1,0,Lead Form Started,Document requirement concern,141555,5,20
1609,S001610,U000762,2025-02-11 22:23:32,2025-02-11,Email,Mobile,West,35-44,Below 25K,Savings Account,0,7,1187,Product Page Viewed,1,0,0,0,0,Product Page Viewed,Unclear product value,18989,2,7
1610,S001611,U001916,2025-02-27 05:17:25,2025-02-27,Paid Ads,Mobile,North,35-44,100K+,Personal Loan,1,4,818,Product Page Viewed,1,0,0,0,0,Product Page Viewed,Unclear product value,110643,2,9
1611,S001612,U001831,2025-05-24 14:49:11,2025-05-24,Direct,Tablet,South,25-34,50K-100K,Personal Loan,0,8,292,Product Page Viewed,1,0,0,0,0,Product Page Viewed,Unclear product value,138247,5,21
1612,S001613,U000091,2025-02-23 06:51:16,2025-02-23,Referral,Mobile,South,35-44,50K-100K,Savings Account,0,9,165,Lead Form Started,1,1,1,1,0,Lead Form Started,Session timeout,11411,2,8
1613,S001614,U001710,2025-06-01 13:56:06,2025-06-01,Referral,Mobile,West,18-24,Below 25K,Insurance Plan,1,2,241,Calculator Used,1,1,0,0,0,Calculator Used,Comparing alternatives,6725,6,22
1614,S001615,U000723,2025-04-11 12:06:06,2025-04-11,Direct,Mobile,West,25-34,25K-50K,Credit Card,0,12,987,Product Page Viewed,1,0,0,0,0,Product Page Viewed,Comparing alternatives,17387,4,15
1615,S001616,U001353,2025-05-13 06:10:53,2025-05-13,Organic Search,Mobile,Central,35-44,50K-100K,Credit Card,1,4,1061,Lead Form Submitted,1,1,1,1,1,,,0,5,20
1616,S001617,U000014,2025-01-19 15:27:00,2025-01-19,Referral,Desktop,North,35-44,50K-100K,Insurance Plan,1,10,558,Product Page Viewed,1,0,0,0,0,Product Page Viewed,Comparing alternatives,7313,1,3
1617,S001618,U001817,2025-04-10 11:16:40,2025-04-10,Organic Search,Desktop,West,25-34,100K+,Personal Loan,1,12,1194,Product Page Viewed,1,0,0,0,0,Product Page Viewed,Unclear product value,107100,4,15
1618,S001619,U001454,2025-04-02 20:51:00,2025-04-02,Paid Ads,Desktop,West,35-44,Below 25K,Savings Account,0,5,741,Lead Form Submitted,1,1,1,1,1,,,0,4,14
1619,S001620,U000138,2025-04-01 06:27:49,2025-04-01,Social Media,Mobile,South,35-44,Below 25K,Savings Account,0,7,375,Lead Form Submitted,1,1,1,1,1,,,0,4,14
1620,S001621,U000834,2025-04-11 01:45:19,2025-04-11,Referral,Mobile,West,55+,25K-50K,Credit Card,0,7,527,Product Page Viewed,1,0,0,0,0,Product Page Viewed,Technical issue,21124,4,15
1621,S001622,U000621,2025-04-22 13:53:09,2025-04-22,Organic Search,Mobile,Central,25-34,25K-50K,Personal Loan,0,5,651,Lead Form Submitted,1,1,1,1,1,,,0,4,17
1622,S001623,U001977,2025-05-06 05:48:23,2025-05-06,Organic Search,Mobile,East,35-44,50K-100K,Credit Card,1,6,596,Lead Form Submitted,1,1,1,1,1,,,0,5,19
1623,S001624,U000106,2025-03-24 12:23:03,2025-03-24,Direct,Desktop,East,18-24,50K-100K,Credit Card,0,10,1118,Lead Form Started,1,1,1,1,0,Lead Form Started,Too many required fields,39199,3,13
1624,S001625,U001882,2025-03-31 06:12:08,2025-03-31,Referral,Mobile,West,35-44,100K+,Credit Card,0,11,961,Product Page Viewed,1,0,0,0,0,Product Page Viewed,Comparing alternatives,30143,3,14
1625,S001626,U001068,2025-02-21 22:40:21,2025-02-21,Email,Mobile,East,35-44,Below 25K,Credit Card,0,5,882,Product Page Viewed,1,0,0,0,0,Product Page Viewed,Comparing alternatives,38377,2,8
1626,S001627,U001733,2025-06-18 23:15:26,2025-06-18,Organic Search,Mobile,East,35-44,50K-100K,Savings Account,0,8,123,Product Page Viewed,1,0,0,0,0,Product Page Viewed,Unclear product value,14954,6,25
1627,S001628,U001161,2025-01-04 20:19:49,2025-01-04,Email,Mobile,Central,18-24,50K-100K,Credit Card,0,10,1183,CTA Clicked,1,1,1,0,0,CTA Clicked,Not ready to apply,37019,1,1
1628,S001629,U001025,2025-06-11 15:51:13,2025-06-11,Organic Search,Tablet,East,25-34,50K-100K,Insurance Plan,0,11,672,Website Visit,0,0,0,0,0,Website Visit,Immediate bounce,8004,6,24
1629,S001630,U001491,2025-06-27 12:06:13,2025-06-27,Organic Search,Desktop,West,35-44,25K-50K,Personal Loan,1,6,513,CTA Clicked,1,1,1,0,0,CTA Clicked,Privacy concern,156115,6,26
1630,S001631,U000941,2025-02-28 09:14:20,2025-02-28,Organic Search,Mobile,South,25-34,50K-100K,Credit Card,0,9,518,Calculator Used,1,1,0,0,0,Calculator Used,Required information unavailable,27093,2,9
1631,S001632,U001790,2025-03-13 09:28:21,2025-03-13,Referral,Mobile,East,18-24,50K-100K,Credit Card,0,5,203,Website Visit,0,0,0,0,0,Website Visit,Landing page mismatch,33060,3,11
1632,S001633,U000226,2025-06-23 18:06:24,2025-06-23,Referral,Mobile,North,45-54,25K-50K,Savings Account,0,5,768,Product Page Viewed,1,0,0,0,0,Product Page Viewed,High interest-rate concern,15732,6,26
1633,S001634,U001431,2025-01-10 12:20:14,2025-01-10,Direct,Desktop,North,35-44,Below 25K,Personal Loan,0,1,263,Lead Form Started,1,1,1,1,0,Lead Form Started,Session timeout,130927,1,2
1634,S001635,U000064,2025-02-22 04:23:18,2025-02-22,Referral,Desktop,North,45-54,25K-50K,Insurance Plan,0,11,1180,Lead Form Submitted,1,1,1,1,1,,,0,2,8
1635,S001636,U001332,2025-01-10 14:49:02,2025-01-10,Email,Desktop,Central,45-54,25K-50K,Savings Account,1,6,1176,Product Page Viewed,1,0,0,0,0,Product Page Viewed,Technical issue,14218,1,2
1636,S001637,U001195,2025-01-06 22:20:18,2025-01-06,Email,Mobile,East,25-34,100K+,Personal Loan,0,4,637,Calculator Used,1,1,0,0,0,Calculator Used,Comparing alternatives,71229,1,2
1637,S001638,U001279,2025-02-08 07:13:16,2025-02-08,Organic Search,Desktop,East,45-54,25K-50K,Personal Loan,0,8,737,Product Page Viewed,1,0,0,0,0,Product Page Viewed,Unclear product value,63300,2,6
1638,S001639,U001242,2025-02-24 17:13:40,2025-02-24,Referral,Mobile,South,25-34,50K-100K,Personal Loan,0,7,1141,Product Page Viewed,1,0,0,0,0,Product Page Viewed,High interest-rate concern,126636,2,9
1639,S001640,U000027,2025-05-25 08:08:14,2025-05-25,Organic Search,Desktop,South,35-44,50K-100K,Personal Loan,0,6,475,Product Page Viewed,1,0,0,0,0,Product Page Viewed,Technical issue,76173,5,21
1640,S001641,U001894,2025-06-27 02:00:44,2025-06-27,Organic Search,Mobile,East,35-44,50K-100K,Personal Loan,1,9,135,Website Visit,0,0,0,0,0,Website Visit,Not ready to explore,157527,6,26
1641,S001642,U001208,2025-02-06 08:32:55,2025-02-06,Direct,Mobile,West,25-34,25K-50K,Personal Loan,1,9,1071,Lead Form Started,1,1,1,1,0,Lead Form Started,Too many required fields,72395,2,6
1642,S001643,U001239,2025-01-08 14:44:36,2025-01-08,Paid Ads,Mobile,West,25-34,50K-100K,Personal Loan,1,6,709,Lead Form Submitted,1,1,1,1,1,,,0,1,2
1643,S001644,U001877,2025-06-19 12:05:02,2025-06-19,Organic Search,Mobile,Central,45-54,25K-50K,Credit Card,0,3,171,Product Page Viewed,1,0,0,0,0,Product Page Viewed,Technical issue,24094,6,25
1644,S001645,U001764,2025-04-14 15:50:27,2025-04-14,Direct,Desktop,South,25-34,50K-100K,Credit Card,0,10,992,Product Page Viewed,1,0,0,0,0,Product Page Viewed,Technical issue,38852,4,16
1645,S001646,U000852,2025-04-23 14:41:07,2025-04-23,Paid Ads,Desktop,East,25-34,25K-50K,Savings Account,0,3,845,Lead Form Started,1,1,1,1,0,Lead Form Started,Technical issue,15015,4,17
1646,S001647,U001043,2025-05-23 11:38:02,2025-05-23,Social Media,Mobile,South,25-34,100K+,Insurance Plan,0,5,116,Calculator Used,1,1,0,0,0,Calculator Used,Technical issue,6051,5,21
1647,S001648,U001718,2025-03-12 06:14:37,2025-03-12,Direct,Desktop,East,45-54,100K+,Personal Loan,0,4,563,CTA Clicked,1,1,1,0,0,CTA Clicked,Technical issue,65972,3,11
1648,S001649,U001557,2025-01-20 14:50:07,2025-01-20,Organic Search,Mobile,West,55+,25K-50K,Credit Card,0,2,57,Product Page Viewed,1,0,0,0,0,Product Page Viewed,Technical issue,30549,1,4
1649,S001650,U000157,2025-03-20 22:52:47,2025-03-20,Referral,Mobile,East,45-54,50K-100K,Personal Loan,0,11,328,Calculator Used,1,1,0,0,0,Calculator Used,Required information unavailable,73906,3,12
1650,S001651,U000398,2025-05-08 04:11:27,2025-05-08,Paid Ads,Tablet,East,18-24,25K-50K,Savings Account,0,3,617,Product Page Viewed,1,0,0,0,0,Product Page Viewed,Technical issue,11531,5,19
1651,S001652,U001037,2025-01-08 00:02:50,2025-01-08,Organic Search,Mobile,South,55+,Below 25K,Insurance Plan,1,12,1019,Product Page Viewed,1,0,0,0,0,Product Page Viewed,Unclear product value,7627,1,2
1652,S001653,U001384,2025-02-02 03:00:54,2025-02-02,Direct,Tablet,East,35-44,25K-50K,Personal Loan,0,5,508,Product Page Viewed,1,0,0,0,0,Product Page Viewed,Technical issue,108806,2,5
1653,S001654,U000964,2025-03-24 13:13:51,2025-03-24,Direct,Desktop,East,35-44,50K-100K,Savings Account,1,11,657,Lead Form Submitted,1,1,1,1,1,,,0,3,13
1654,S001655,U001267,2025-06-02 23:41:53,2025-06-02,Email,Tablet,Central,25-34,25K-50K,Personal Loan,1,2,1019,Product Page Viewed,1,0,0,0,0,Product Page Viewed,High interest-rate concern,157891,6,23
1655,S001656,U000993,2025-05-05 18:11:33,2025-05-05,Organic Search,Desktop,West,55+,25K-50K,Credit Card,0,5,1107,Product Page Viewed,1,0,0,0,0,Product Page Viewed,Comparing alternatives,29107,5,19
1656,S001657,U000090,2025-04-08 16:10:17,2025-04-08,Direct,Mobile,South,25-34,50K-100K,Personal Loan,1,8,759,Lead Form Started,1,1,1,1,0,Lead Form Started,Too many required fields,101288,4,15
1657,S001658,U001202,2025-04-15 10:01:18,2025-04-15,Direct,Mobile,West,45-54,25K-50K,Personal Loan,0,6,1109,Lead Form Submitted,1,1,1,1,1,,,0,4,16
1658,S001659,U000328,2025-04-08 09:30:32,2025-04-08,Paid Ads,Mobile,East,35-44,50K-100K,Savings Account,0,6,253,Calculator Used,1,1,0,0,0,Calculator Used,Required information unavailable,13880,4,15
1659,S001660,U000200,2025-01-17 21:23:36,2025-01-17,Paid Ads,Mobile,South,35-44,50K-100K,Credit Card,0,12,623,Product Page Viewed,1,0,0,0,0,Product Page Viewed,High interest-rate concern,34619,1,3
1660,S001661,U000756,2025-05-23 20:53:14,2025-05-23,Direct,Mobile,North,25-34,25K-50K,Personal Loan,0,11,816,Calculator Used,1,1,0,0,0,Calculator Used,Calculator result not attractive,105706,5,21
1661,S001662,U000713,2025-03-08 17:59:09,2025-03-08,Paid Ads,Mobile,South,45-54,50K-100K,Personal Loan,0,10,734,CTA Clicked,1,1,1,0,0,CTA Clicked,Not ready to apply,91104,3,10
1662,S001663,U000188,2025-04-18 04:51:42,2025-04-18,Organic Search,Mobile,South,25-34,25K-50K,Insurance Plan,1,11,93,Lead Form Submitted,1,1,1,1,1,,,0,4,16
1663,S001664,U000025,2025-05-07 16:56:00,2025-05-07,Referral,Desktop,West,55+,Below 25K,Credit Card,0,9,789,Calculator Used,1,1,0,0,0,Calculator Used,Calculator result not attractive,33914,5,19
1664,S001665,U001045,2025-01-10 18:32:34,2025-01-10,Organic Search,Tablet,West,18-24,25K-50K,Credit Card,1,5,319,Product Page Viewed,1,0,0,0,0,Product Page Viewed,High interest-rate concern,32714,1,2
1665,S001666,U000548,2025-03-13 20:36:46,2025-03-13,Paid Ads,Mobile,West,25-34,100K+,Savings Account,0,9,1082,Calculator Used,1,1,0,0,0,Calculator Used,Comparing alternatives,9072,3,11
1666,S001667,U000092,2025-02-08 04:40:25,2025-02-08,Direct,Mobile,East,25-34,Below 25K,Insurance Plan,0,8,845,Calculator Used,1,1,0,0,0,Calculator Used,Technical issue,8904,2,6
1667,S001668,U001914,2025-06-06 21:08:20,2025-06-06,Direct,Mobile,West,18-24,25K-50K,Insurance Plan,0,8,285,Calculator Used,1,1,0,0,0,Calculator Used,Required information unavailable,5646,6,23
1668,S001669,U000546,2025-05-04 09:19:12,2025-05-04,Direct,Mobile,North,45-54,100K+,Personal Loan,0,2,492,Product Page Viewed,1,0,0,0,0,Product Page Viewed,Technical issue,77085,5,18
1669,S001670,U001061,2025-01-29 09:33:33,2025-01-29,Direct,Mobile,West,25-34,50K-100K,Insurance Plan,0,1,672,Website Visit,0,0,0,0,0,Website Visit,Slow page load,9393,1,5
1670,S001671,U000508,2025-06-03 14:49:33,2025-06-03,Paid Ads,Mobile,South,35-44,25K-50K,Credit Card,0,3,1116,Product Page Viewed,1,0,0,0,0,Product Page Viewed,Technical issue,26692,6,23
1671,S001672,U000529,2025-03-01 14:29:40,2025-03-01,Direct,Mobile,South,35-44,25K-50K,Personal Loan,1,7,1062,Calculator Used,1,1,0,0,0,Calculator Used,Calculator result not attractive,76172,3,9
1672,S001673,U000854,2025-01-13 01:37:18,2025-01-13,Referral,Mobile,South,35-44,Below 25K,Savings Account,0,10,1155,Product Page Viewed,1,0,0,0,0,Product Page Viewed,High interest-rate concern,19811,1,3
1673,S001674,U000262,2025-05-24 07:35:06,2025-05-24,Referral,Mobile,North,35-44,50K-100K,Savings Account,1,4,645,Calculator Used,1,1,0,0,0,Calculator Used,Calculator result not attractive,11586,5,21
1674,S001675,U001870,2025-02-10 10:12:42,2025-02-10,Organic Search,Mobile,South,55+,50K-100K,Insurance Plan,1,7,556,Lead Form Submitted,1,1,1,1,1,,,0,2,7
1675,S001676,U000027,2025-05-03 00:28:49,2025-05-03,Referral,Desktop,North,35-44,Below 25K,Insurance Plan,0,5,1169,Lead Form Started,1,1,1,1,0,Lead Form Started,Session timeout,9485,5,18
1676,S001677,U001388,2025-06-20 07:42:49,2025-06-20,Email,Mobile,South,55+,25K-50K,Insurance Plan,0,1,153,Lead Form Started,1,1,1,1,0,Lead Form Started,Technical issue,10628,6,25
1677,S001678,U000580,2025-04-28 01:05:18,2025-04-28,Paid Ads,Mobile,West,45-54,25K-50K,Credit Card,0,4,915,Calculator Used,1,1,0,0,0,Calculator Used,Calculator result not attractive,38487,4,18
1678,S001679,U000424,2025-06-03 09:57:02,2025-06-03,Paid Ads,Mobile,Central,45-54,50K-100K,Personal Loan,1,5,931,Website Visit,0,0,0,0,0,Website Visit,Not ready to explore,122529,6,23
1679,S001680,U000534,2025-03-26 09:16:09,2025-03-26,Referral,Desktop,North,18-24,25K-50K,Insurance Plan,0,6,232,Product Page Viewed,1,0,0,0,0,Product Page Viewed,Comparing alternatives,5752,3,13
1680,S001681,U000286,2025-02-04 00:09:38,2025-02-04,Organic Search,Desktop,North,18-24,Below 25K,Credit Card,1,12,517,Product Page Viewed,1,0,0,0,0,Product Page Viewed,Technical issue,27176,2,6
1681,S001682,U001365,2025-04-04 20:48:40,2025-04-04,Social Media,Tablet,East,25-34,25K-50K,Personal Loan,0,11,442,Product Page Viewed,1,0,0,0,0,Product Page Viewed,Unclear product value,128885,4,14
1682,S001683,U000326,2025-04-09 11:45:07,2025-04-09,Email,Mobile,East,25-34,50K-100K,Insurance Plan,1,6,988,Product Page Viewed,1,0,0,0,0,Product Page Viewed,High interest-rate concern,4219,4,15
1683,S001684,U001666,2025-01-18 07:54:42,2025-01-18,Referral,Mobile,West,18-24,50K-100K,Insurance Plan,0,8,354,Product Page Viewed,1,0,0,0,0,Product Page Viewed,High interest-rate concern,5853,1,3
1684,S001685,U000299,2025-06-23 20:37:38,2025-06-23,Social Media,Mobile,South,55+,100K+,Personal Loan,0,11,1032,Product Page Viewed,1,0,0,0,0,Product Page Viewed,Comparing alternatives,137622,6,26
1685,S001686,U000902,2025-01-05 17:53:00,2025-01-05,Organic Search,Mobile,North,25-34,25K-50K,Personal Loan,0,1,532,Product Page Viewed,1,0,0,0,0,Product Page Viewed,Unclear product value,123035,1,1
1686,S001687,U000740,2025-06-07 23:11:07,2025-06-07,Paid Ads,Mobile,North,35-44,50K-100K,Insurance Plan,0,4,65,Product Page Viewed,1,0,0,0,0,Product Page Viewed,Comparing alternatives,7398,6,23
1687,S001688,U000666,2025-04-28 16:08:16,2025-04-28,Organic Search,Mobile,South,45-54,50K-100K,Credit Card,0,10,362,Lead Form Submitted,1,1,1,1,1,,,0,4,18
1688,S001689,U001342,2025-06-02 11:16:38,2025-06-02,Referral,Desktop,North,35-44,25K-50K,Insurance Plan,0,12,324,Calculator Used,1,1,0,0,0,Calculator Used,Comparing alternatives,10673,6,23
1689,S001690,U001553,2025-02-04 16:53:46,2025-02-04,Direct,Mobile,East,18-24,50K-100K,Credit Card,1,3,722,Product Page Viewed,1,0,0,0,0,Product Page Viewed,Comparing alternatives,19742,2,6
1690,S001691,U000847,2025-04-21 01:17:38,2025-04-21,Referral,Mobile,South,35-44,100K+,Credit Card,1,11,1118,Website Visit,0,0,0,0,0,Website Visit,Slow page load,26275,4,17
1691,S001692,U001301,2025-06-01 07:40:07,2025-06-01,Organic Search,Desktop,North,35-44,50K-100K,Personal Loan,0,11,1003,Lead Form Started,1,1,1,1,0,Lead Form Started,Document requirement concern,91464,6,22
1692,S001693,U001365,2025-03-30 16:10:02,2025-03-30,Organic Search,Desktop,South,25-34,50K-100K,Personal Loan,0,3,942,Product Page Viewed,1,0,0,0,0,Product Page Viewed,Unclear product value,111073,3,13
1693,S001694,U001889,2025-01-11 02:36:07,2025-01-11,Email,Desktop,South,35-44,Below 25K,Savings Account,0,2,404,Product Page Viewed,1,0,0,0,0,Product Page Viewed,High interest-rate concern,9681,1,2
1694,S001695,U000620,2025-05-23 09:28:20,2025-05-23,Paid Ads,Desktop,West,35-44,Below 25K,Personal Loan,0,1,1044,Lead Form Submitted,1,1,1,1,1,,,0,5,21
1695,S001696,U000508,2025-04-17 05:31:37,2025-04-17,Direct,Mobile,East,55+,50K-100K,Credit Card,0,2,526,Website Visit,0,0,0,0,0,Website Visit,Immediate bounce,34612,4,16
1696,S001697,U000446,2025-01-16 23:29:04,2025-01-16,Paid Ads,Mobile,Central,25-34,50K-100K,Credit Card,0,7,138,Product Page Viewed,1,0,0,0,0,Product Page Viewed,High interest-rate concern,18815,1,3
1697,S001698,U001886,2025-01-16 22:43:11,2025-01-16,Direct,Desktop,West,35-44,100K+,Credit Card,1,12,179,Product Page Viewed,1,0,0,0,0,Product Page Viewed,High interest-rate concern,37863,1,3
1698,S001699,U000907,2025-05-31 01:13:30,2025-05-31,Referral,Desktop,North,25-34,100K+,Credit Card,0,6,981,Lead Form Started,1,1,1,1,0,Lead Form Started,Too many required fields,24616,5,22
1699,S001700,U001816,2025-04-17 02:21:44,2025-04-17,Direct,Desktop,South,25-34,50K-100K,Personal Loan,0,6,1068,Calculator Used,1,1,0,0,0,Calculator Used,Comparing alternatives,130201,4,16
1700,S001701,U000204,2025-03-05 13:40:45,2025-03-05,Paid Ads,Mobile,East,18-24,50K-100K,Credit Card,0,8,610,Product Page Viewed,1,0,0,0,0,Product Page Viewed,Unclear product value,36654,3,10
1701,S001702,U000155,2025-02-16 14:42:59,2025-02-16,Paid Ads,Mobile,Central,25-34,Below 25K,Insurance Plan,0,1,215,Website Visit,0,0,0,0,0,Website Visit,Not ready to explore,7045,2,7
1702,S001703,U000378,2025-02-27 22:03:56,2025-02-27,Paid Ads,Desktop,North,25-34,50K-100K,Credit Card,0,7,1059,Lead Form Started,1,1,1,1,0,Lead Form Started,Too many required fields,35554,2,9
1703,S001704,U000296,2025-03-13 06:47:59,2025-03-13,Direct,Mobile,East,45-54,50K-100K,Personal Loan,1,5,20,Calculator Used,1,1,0,0,0,Calculator Used,Comparing alternatives,151540,3,11
1704,S001705,U001487,2025-03-19 13:50:19,2025-03-19,Organic Search,Desktop,East,35-44,25K-50K,Credit Card,0,10,162,Calculator Used,1,1,0,0,0,Calculator Used,Technical issue,16962,3,12
1705,S001706,U001194,2025-06-22 07:10:53,2025-06-22,Email,Mobile,North,35-44,Below 25K,Personal Loan,0,1,1048,Product Page Viewed,1,0,0,0,0,Product Page Viewed,High interest-rate concern,158953,6,25
1706,S001707,U001700,2025-05-02 15:46:33,2025-05-02,Email,Mobile,North,45-54,25K-50K,Personal Loan,0,5,645,Product Page Viewed,1,0,0,0,0,Product Page Viewed,Unclear product value,88357,5,18
1707,S001708,U000297,2025-01-18 14:46:44,2025-01-18,Direct,Desktop,South,35-44,50K-100K,Personal Loan,0,4,539,Calculator Used,1,1,0,0,0,Calculator Used,Required information unavailable,95212,1,3
1708,S001709,U001522,2025-06-02 13:36:42,2025-06-02,Organic Search,Mobile,North,45-54,25K-50K,Credit Card,0,10,608,Lead Form Submitted,1,1,1,1,1,,,0,6,23
1709,S001710,U000083,2025-01-16 22:40:53,2025-01-16,Paid Ads,Desktop,South,35-44,25K-50K,Personal Loan,0,7,974,Product Page Viewed,1,0,0,0,0,Product Page Viewed,Unclear product value,121292,1,3
1710,S001711,U000682,2025-05-11 02:40:48,2025-05-11,Organic Search,Mobile,North,35-44,25K-50K,Personal Loan,0,11,1103,Product Page Viewed,1,0,0,0,0,Product Page Viewed,Technical issue,103680,5,19
1711,S001712,U000014,2025-03-11 18:12:21,2025-03-11,Paid Ads,Mobile,West,25-34,25K-50K,Credit Card,1,6,611,Calculator Used,1,1,0,0,0,Calculator Used,Technical issue,27654,3,11
1712,S001713,U000338,2025-04-06 12:25:20,2025-04-06,Paid Ads,Mobile,Central,25-34,Below 25K,Credit Card,0,12,32,Website Visit,0,0,0,0,0,Website Visit,Not ready to explore,19079,4,14
1713,S001714,U000360,2025-06-19 01:35:22,2025-06-19,Organic Search,Desktop,East,35-44,50K-100K,Personal Loan,0,12,536,Product Page Viewed,1,0,0,0,0,Product Page Viewed,Unclear product value,154870,6,25
1714,S001715,U000915,2025-03-28 09:13:07,2025-03-28,Social Media,Desktop,North,45-54,25K-50K,Personal Loan,0,3,394,Product Page Viewed,1,0,0,0,0,Product Page Viewed,Unclear product value,86197,3,13
1715,S001716,U000426,2025-01-17 22:26:47,2025-01-17,Paid Ads,Tablet,Central,18-24,100K+,Credit Card,1,1,1030,Lead Form Started,1,1,1,1,0,Lead Form Started,Technical issue,22108,1,3
1716,S001717,U000810,2025-03-08 22:05:43,2025-03-08,Email,Desktop,Central,18-24,Below 25K,Credit Card,0,6,469,Lead Form Submitted,1,1,1,1,1,,,0,3,10
1717,S001718,U001288,2025-04-23 08:45:13,2025-04-23,Referral,Mobile,West,35-44,25K-50K,Personal Loan,1,6,761,Product Page Viewed,1,0,0,0,0,Product Page Viewed,Comparing alternatives,109297,4,17
1718,S001719,U000437,2025-03-25 09:04:27,2025-03-25,Paid Ads,Desktop,Central,35-44,25K-50K,Credit Card,0,1,1145,Product Page Viewed,1,0,0,0,0,Product Page Viewed,Technical issue,16901,3,13
1719,S001720,U000561,2025-05-17 03:03:07,2025-05-17,Organic Search,Mobile,North,45-54,50K-100K,Personal Loan,1,12,459,Lead Form Submitted,1,1,1,1,1,,,0,5,20
1720,S001721,U000148,2025-04-18 01:19:31,2025-04-18,Email,Desktop,West,35-44,Below 25K,Insurance Plan,0,8,207,Lead Form Submitted,1,1,1,1,1,,,0,4,16
1721,S001722,U000214,2025-04-18 09:01:46,2025-04-18,Email,Desktop,West,25-34,25K-50K,Credit Card,1,5,33,Lead Form Submitted,1,1,1,1,1,,,0,4,16
1722,S001723,U001619,2025-02-21 16:48:41,2025-02-21,Email,Mobile,West,25-34,50K-100K,Insurance Plan,0,6,778,Calculator Used,1,1,0,0,0,Calculator Used,Required information unavailable,5741,2,8
1723,S001724,U000844,2025-05-08 18:26:36,2025-05-08,Direct,Mobile,West,35-44,Below 25K,Credit Card,1,3,995,Lead Form Submitted,1,1,1,1,1,,,0,5,19
1724,S001725,U001719,2025-04-16 13:29:49,2025-04-16,Email,Desktop,West,25-34,100K+,Personal Loan,0,11,1062,Website Visit,0,0,0,0,0,Website Visit,Slow page load,143410,4,16
1725,S001726,U001566,2025-05-25 13:51:09,2025-05-25,Paid Ads,Desktop,Central,25-34,50K-100K,Personal Loan,0,4,788,CTA Clicked,1,1,1,0,0,CTA Clicked,Privacy concern,98398,5,21
1726,S001727,U001574,2025-03-14 06:51:06,2025-03-14,Direct,Desktop,East,25-34,Below 25K,Insurance Plan,0,10,264,Product Page Viewed,1,0,0,0,0,Product Page Viewed,Technical issue,7017,3,11
1727,S001728,U001422,2025-04-27 19:27:01,2025-04-27,Referral,Mobile,South,55+,50K-100K,Personal Loan,0,2,1073,CTA Clicked,1,1,1,0,0,CTA Clicked,Form looked too long,81369,4,17
1728,S001729,U000702,2025-03-31 08:22:17,2025-03-31,Email,Tablet,South,45-54,100K+,Insurance Plan,1,3,521,Calculator Used,1,1,0,0,0,Calculator Used,Technical issue,8331,3,14
1729,S001730,U000106,2025-01-05 03:53:25,2025-01-05,Organic Search,Desktop,West,35-44,100K+,Personal Loan,0,11,294,Calculator Used,1,1,0,0,0,Calculator Used,Calculator result not attractive,101642,1,1
1730,S001731,U000889,2025-02-25 11:15:44,2025-02-25,Organic Search,Desktop,East,35-44,Below 25K,Insurance Plan,0,9,937,Product Page Viewed,1,0,0,0,0,Product Page Viewed,Unclear product value,10008,2,9
1731,S001732,U001778,2025-06-25 15:40:56,2025-06-25,Organic Search,Desktop,Central,55+,100K+,Personal Loan,1,7,482,Calculator Used,1,1,0,0,0,Calculator Used,Required information unavailable,115869,6,26
1732,S001733,U000901,2025-06-15 17:09:10,2025-06-15,Direct,Mobile,South,25-34,25K-50K,Insurance Plan,0,10,1031,Calculator Used,1,1,0,0,0,Calculator Used,Technical issue,6619,6,24
1733,S001734,U001016,2025-06-17 22:48:12,2025-06-17,Referral,Mobile,South,25-34,Below 25K,Credit Card,0,11,1087,Calculator Used,1,1,0,0,0,Calculator Used,Calculator result not attractive,19904,6,25
1734,S001735,U000477,2025-06-07 21:30:06,2025-06-07,Referral,Tablet,East,35-44,Below 25K,Personal Loan,0,2,345,Product Page Viewed,1,0,0,0,0,Product Page Viewed,Comparing alternatives,66373,6,23
1735,S001736,U001393,2025-04-19 10:35:02,2025-04-19,Organic Search,Mobile,North,35-44,25K-50K,Personal Loan,1,8,94,Product Page Viewed,1,0,0,0,0,Product Page Viewed,Comparing alternatives,121000,4,16
1736,S001737,U001585,2025-03-06 11:24:28,2025-03-06,Social Media,Desktop,South,25-34,100K+,Savings Account,0,3,827,Calculator Used,1,1,0,0,0,Calculator Used,Technical issue,19888,3,10
1737,S001738,U001720,2025-01-05 03:13:20,2025-01-05,Email,Desktop,North,18-24,50K-100K,Insurance Plan,0,9,1150,Calculator Used,1,1,0,0,0,Calculator Used,Required information unavailable,8705,1,1
1738,S001739,U000096,2025-03-27 02:49:36,2025-03-27,Organic Search,Mobile,Central,35-44,Below 25K,Credit Card,0,3,27,Product Page Viewed,1,0,0,0,0,Product Page Viewed,Comparing alternatives,16996,3,13
1739,S001740,U000214,2025-03-03 06:40:19,2025-03-03,Direct,Desktop,South,25-34,50K-100K,Savings Account,0,6,404,Product Page Viewed,1,0,0,0,0,Product Page Viewed,Unclear product value,19324,3,10
1740,S001741,U000600,2025-05-29 23:48:07,2025-05-29,Email,Desktop,Central,18-24,100K+,Insurance Plan,1,7,440,Lead Form Submitted,1,1,1,1,1,,,0,5,22
1741,S001742,U001349,2025-06-28 13:56:19,2025-06-28,Referral,Desktop,West,35-44,25K-50K,Personal Loan,1,8,1075,Product Page Viewed,1,0,0,0,0,Product Page Viewed,Comparing alternatives,144579,6,26
1742,S001743,U000709,2025-01-05 09:22:38,2025-01-05,Direct,Mobile,North,35-44,Below 25K,Insurance Plan,0,1,861,Lead Form Started,1,1,1,1,0,Lead Form Started,Too many required fields,4715,1,1
1743,S001744,U001376,2025-05-27 08:56:55,2025-05-27,Email,Tablet,North,55+,25K-50K,Personal Loan,0,3,493,Lead Form Submitted,1,1,1,1,1,,,0,5,22
1744,S001745,U001628,2025-05-25 19:18:16,2025-05-25,Paid Ads,Mobile,North,45-54,25K-50K,Personal Loan,0,2,407,Product Page Viewed,1,0,0,0,0,Product Page Viewed,Comparing alternatives,98896,5,21
1745,S001746,U000337,2025-06-15 15:25:48,2025-06-15,Email,Mobile,South,35-44,50K-100K,Insurance Plan,0,7,803,Calculator Used,1,1,0,0,0,Calculator Used,Comparing alternatives,4824,6,24
1746,S001747,U001044,2025-05-16 02:07:25,2025-05-16,Direct,Mobile,East,25-34,25K-50K,Credit Card,0,1,686,CTA Clicked,1,1,1,0,0,CTA Clicked,Technical issue,26013,5,20
1747,S001748,U000652,2025-03-20 14:02:07,2025-03-20,Direct,Mobile,East,55+,50K-100K,Insurance Plan,0,4,765,Website Visit,0,0,0,0,0,Website Visit,Not ready to explore,4490,3,12
1748,S001749,U001097,2025-04-29 17:52:04,2025-04-29,Social Media,Desktop,West,25-34,50K-100K,Credit Card,1,12,839,Calculator Used,1,1,0,0,0,Calculator Used,Technical issue,36477,4,18
1749,S001750,U001851,2025-05-27 08:04:37,2025-05-27,Paid Ads,Mobile,West,18-24,50K-100K,Insurance Plan,0,3,1089,CTA Clicked,1,1,1,0,0,CTA Clicked,Technical issue,7533,5,22
1750,S001751,U000912,2025-04-13 15:04:40,2025-04-13,Social Media,Mobile,South,35-44,Below 25K,Personal Loan,1,11,323,Product Page Viewed,1,0,0,0,0,Product Page Viewed,Technical issue,126636,4,15
1751,S001752,U000416,2025-01-02 17:53:46,2025-01-02,Paid Ads,Mobile,Central,25-34,50K-100K,Personal Loan,0,6,524,Product Page Viewed,1,0,0,0,0,Product Page Viewed,Technical issue,142901,1,1
1752,S001753,U000480,2025-02-02 23:09:08,2025-02-02,Organic Search,Mobile,West,35-44,25K-50K,Credit Card,1,7,244,Calculator Used,1,1,0,0,0,Calculator Used,Calculator result not attractive,33542,2,5
1753,S001754,U000932,2025-06-12 22:00:29,2025-06-12,Paid Ads,Mobile,East,35-44,100K+,Personal Loan,0,7,264,Lead Form Started,1,1,1,1,0,Lead Form Started,Too many required fields,124102,6,24
1754,S001755,U000346,2025-01-24 15:18:24,2025-01-24,Paid Ads,Mobile,West,25-34,25K-50K,Credit Card,0,2,884,Product Page Viewed,1,0,0,0,0,Product Page Viewed,Technical issue,29040,1,4
1755,S001756,U001184,2025-05-19 11:43:50,2025-05-19,Paid Ads,Mobile,West,25-34,100K+,Savings Account,0,11,1121,Product Page Viewed,1,0,0,0,0,Product Page Viewed,Technical issue,18553,5,21
1756,S001757,U000126,2025-02-05 04:49:12,2025-02-05,Paid Ads,Desktop,South,45-54,100K+,Savings Account,0,1,771,CTA Clicked,1,1,1,0,0,CTA Clicked,Form looked too long,17007,2,6
1757,S001758,U000621,2025-02-25 14:06:46,2025-02-25,Paid Ads,Mobile,Central,35-44,100K+,Credit Card,1,11,1158,Website Visit,0,0,0,0,0,Website Visit,Immediate bounce,27415,2,9
1758,S001759,U001085,2025-03-28 20:40:16,2025-03-28,Direct,Desktop,Central,55+,Below 25K,Insurance Plan,0,2,504,Product Page Viewed,1,0,0,0,0,Product Page Viewed,Unclear product value,7507,3,13
1759,S001760,U000564,2025-06-15 13:17:33,2025-06-15,Paid Ads,Desktop,East,45-54,25K-50K,Savings Account,0,4,1018,Website Visit,0,0,0,0,0,Website Visit,Immediate bounce,16798,6,24
1760,S001761,U000316,2025-04-03 08:01:05,2025-04-03,Referral,Mobile,North,25-34,25K-50K,Savings Account,1,12,420,Product Page Viewed,1,0,0,0,0,Product Page Viewed,Unclear product value,12185,4,14
1761,S001762,U000055,2025-02-09 19:47:02,2025-02-09,Email,Desktop,South,45-54,Below 25K,Personal Loan,0,1,931,Lead Form Submitted,1,1,1,1,1,,,0,2,6
1762,S001763,U001188,2025-03-29 13:46:18,2025-03-29,Paid Ads,Mobile,East,35-44,50K-100K,Credit Card,0,5,589,Calculator Used,1,1,0,0,0,Calculator Used,Comparing alternatives,39779,3,13
1763,S001764,U000580,2025-06-17 01:02:04,2025-06-17,Referral,Mobile,South,18-24,50K-100K,Savings Account,1,9,122,Product Page Viewed,1,0,0,0,0,Product Page Viewed,High interest-rate concern,21745,6,25
1764,S001765,U001075,2025-05-04 15:41:35,2025-05-04,Email,Desktop,West,35-44,50K-100K,Credit Card,0,6,662,Lead Form Submitted,1,1,1,1,1,,,0,5,18
1765,S001766,U001686,2025-06-12 13:00:50,2025-06-12,Email,Mobile,South,18-24,Below 25K,Personal Loan,0,5,122,Product Page Viewed,1,0,0,0,0,Product Page Viewed,Technical issue,119227,6,24
1766,S001767,U001600,2025-05-02 22:10:04,2025-05-02,Social Media,Mobile,South,35-44,100K+,Insurance Plan,0,7,668,Product Page Viewed,1,0,0,0,0,Product Page Viewed,Comparing alternatives,8675,5,18
1767,S001768,U001338,2025-01-14 22:29:48,2025-01-14,Organic Search,Mobile,South,18-24,25K-50K,Credit Card,0,9,387,CTA Clicked,1,1,1,0,0,CTA Clicked,Form looked too long,38909,1,3
1768,S001769,U001219,2025-03-13 04:11:32,2025-03-13,Referral,Desktop,West,25-34,25K-50K,Insurance Plan,0,6,688,Website Visit,0,0,0,0,0,Website Visit,Immediate bounce,9731,3,11
1769,S001770,U001283,2025-02-26 22:23:23,2025-02-26,Paid Ads,Mobile,Central,18-24,Below 25K,Insurance Plan,0,8,185,Product Page Viewed,1,0,0,0,0,Product Page Viewed,Unclear product value,6188,2,9
1770,S001771,U001615,2025-06-18 02:07:13,2025-06-18,Paid Ads,Desktop,South,45-54,25K-50K,Credit Card,0,7,36,Calculator Used,1,1,0,0,0,Calculator Used,Required information unavailable,34957,6,25
1771,S001772,U001469,2025-03-19 05:42:24,2025-03-19,Paid Ads,Mobile,South,35-44,25K-50K,Credit Card,0,6,855,Calculator Used,1,1,0,0,0,Calculator Used,Calculator result not attractive,32399,3,12
1772,S001773,U000717,2025-04-14 06:47:59,2025-04-14,Organic Search,Mobile,South,35-44,25K-50K,Savings Account,0,2,780,Product Page Viewed,1,0,0,0,0,Product Page Viewed,Unclear product value,10462,4,16
1773,S001774,U001937,2025-03-17 20:46:18,2025-03-17,Email,Desktop,North,45-54,50K-100K,Personal Loan,0,10,981,Lead Form Submitted,1,1,1,1,1,,,0,3,12
1774,S001775,U000112,2025-06-05 19:52:35,2025-06-05,Organic Search,Desktop,Central,25-34,50K-100K,Insurance Plan,0,2,474,Lead Form Submitted,1,1,1,1,1,,,0,6,23
1775,S001776,U001300,2025-05-28 15:35:42,2025-05-28,Direct,Desktop,South,35-44,50K-100K,Personal Loan,0,11,439,CTA Clicked,1,1,1,0,0,CTA Clicked,Technical issue,125817,5,22
1776,S001777,U001012,2025-06-12 05:40:45,2025-06-12,Social Media,Desktop,East,35-44,Below 25K,Savings Account,0,2,21,CTA Clicked,1,1,1,0,0,CTA Clicked,Form looked too long,19193,6,24
1777,S001778,U000365,2025-05-13 23:15:50,2025-05-13,Referral,Desktop,East,35-44,50K-100K,Personal Loan,0,12,849,Product Page Viewed,1,0,0,0,0,Product Page Viewed,Technical issue,64638,5,20
1778,S001779,U001824,2025-05-05 05:44:51,2025-05-05,Organic Search,Desktop,North,25-34,Below 25K,Credit Card,0,7,475,Lead Form Submitted,1,1,1,1,1,,,0,5,19
1779,S001780,U001854,2025-06-12 19:23:26,2025-06-12,Direct,Mobile,West,45-54,50K-100K,Credit Card,1,4,981,Calculator Used,1,1,0,0,0,Calculator Used,Required information unavailable,21926,6,24
1780,S001781,U000027,2025-06-21 05:00:19,2025-06-21,Social Media,Mobile,West,45-54,Below 25K,Savings Account,1,11,1187,CTA Clicked,1,1,1,0,0,CTA Clicked,Not ready to apply,13861,6,25
1781,S001782,U001212,2025-01-05 07:45:51,2025-01-05,Paid Ads,Mobile,South,25-34,50K-100K,Personal Loan,0,11,135,Lead Form Submitted,1,1,1,1,1,,,0,1,1
1782,S001783,U001850,2025-01-18 01:28:30,2025-01-18,Referral,Mobile,North,25-34,Below 25K,Credit Card,0,3,575,CTA Clicked,1,1,1,0,0,CTA Clicked,Not ready to apply,24094,1,3
1783,S001784,U000910,2025-05-12 09:07:40,2025-05-12,Social Media,Desktop,East,55+,Below 25K,Credit Card,0,9,514,Website Visit,0,0,0,0,0,Website Visit,Landing page mismatch,24676,5,20
1784,S001785,U001369,2025-06-15 20:18:32,2025-06-15,Referral,Mobile,Central,35-44,50K-100K,Personal Loan,1,6,73,Lead Form Submitted,1,1,1,1,1,,,0,6,24
1785,S001786,U001998,2025-06-05 17:16:45,2025-06-05,Direct,Mobile,Central,35-44,50K-100K,Insurance Plan,0,3,107,Website Visit,0,0,0,0,0,Website Visit,Slow page load,8345,6,23
1786,S001787,U001471,2025-02-26 01:47:37,2025-02-26,Organic Search,Mobile,Central,55+,Below 25K,Personal Loan,0,12,696,Product Page Viewed,1,0,0,0,0,Product Page Viewed,High interest-rate concern,126720,2,9
1787,S001788,U000644,2025-02-06 06:51:12,2025-02-06,Direct,Desktop,West,35-44,Below 25K,Personal Loan,0,4,814,Lead Form Submitted,1,1,1,1,1,,,0,2,6
1788,S001789,U001235,2025-06-12 21:04:04,2025-06-12,Email,Desktop,North,25-34,50K-100K,Personal Loan,0,2,102,Lead Form Submitted,1,1,1,1,1,,,0,6,24
1789,S001790,U000416,2025-01-23 01:43:10,2025-01-23,Direct,Desktop,East,25-34,50K-100K,Credit Card,0,6,320,Product Page Viewed,1,0,0,0,0,Product Page Viewed,Comparing alternatives,38680,1,4
1790,S001791,U001426,2025-01-14 23:18:12,2025-01-14,Direct,Tablet,North,35-44,Below 25K,Credit Card,1,5,197,Product Page Viewed,1,0,0,0,0,Product Page Viewed,Comparing alternatives,38821,1,3
1791,S001792,U000037,2025-02-05 17:43:25,2025-02-05,Email,Mobile,West,25-34,25K-50K,Credit Card,0,4,990,Product Page Viewed,1,0,0,0,0,Product Page Viewed,Comparing alternatives,27084,2,6
1792,S001793,U001899,2025-03-02 11:38:40,2025-03-02,Social Media,Desktop,Central,35-44,25K-50K,Savings Account,0,5,253,Calculator Used,1,1,0,0,0,Calculator Used,Calculator result not attractive,9665,3,9
1793,S001794,U001067,2025-05-25 20:57:15,2025-05-25,Paid Ads,Desktop,North,25-34,25K-50K,Credit Card,1,7,56,Product Page Viewed,1,0,0,0,0,Product Page Viewed,High interest-rate concern,25839,5,21
1794,S001795,U000153,2025-02-22 09:13:26,2025-02-22,Direct,Mobile,North,25-34,50K-100K,Personal Loan,0,10,1068,Lead Form Started,1,1,1,1,0,Lead Form Started,Document requirement concern,136278,2,8
1795,S001796,U000760,2025-05-31 00:09:08,2025-05-31,Social Media,Desktop,West,25-34,50K-100K,Credit Card,0,3,727,Calculator Used,1,1,0,0,0,Calculator Used,Technical issue,33114,5,22
1796,S001797,U001071,2025-04-14 06:03:05,2025-04-14,Direct,Mobile,West,35-44,Below 25K,Savings Account,1,4,306,Product Page Viewed,1,0,0,0,0,Product Page Viewed,High interest-rate concern,17294,4,16
1797,S001798,U000861,2025-03-16 14:37:56,2025-03-16,Paid Ads,Mobile,Central,18-24,25K-50K,Credit Card,0,5,133,Website Visit,0,0,0,0,0,Website Visit,Slow page load,25355,3,11
1798,S001799,U000031,2025-03-09 18:47:37,2025-03-09,Social Media,Mobile,East,25-34,25K-50K,Credit Card,0,10,535,Product Page Viewed,1,0,0,0,0,Product Page Viewed,Technical issue,29384,3,10
1799,S001800,U000955,2025-05-24 22:25:45,2025-05-24,Direct,Tablet,South,18-24,25K-50K,Credit Card,0,6,168,Calculator Used,1,1,0,0,0,Calculator Used,Comparing alternatives,21528,5,21
1800,S001801,U001844,2025-04-12 15:55:18,2025-04-12,Direct,Mobile,West,45-54,Below 25K,Credit Card,1,5,619,Product Page Viewed,1,0,0,0,0,Product Page Viewed,Unclear product value,28352,4,15
1801,S001802,U001428,2025-02-25 10:31:17,2025-02-25,Social Media,Mobile,East,45-54,25K-50K,Personal Loan,0,10,864,Product Page Viewed,1,0,0,0,0,Product Page Viewed,Unclear product value,76350,2,9
1802,S001803,U000213,2025-01-22 11:10:13,2025-01-22,Referral,Mobile,West,55+,Below 25K,Personal Loan,0,4,1070,Calculator Used,1,1,0,0,0,Calculator Used,Technical issue,78360,1,4
1803,S001804,U001479,2025-05-08 20:49:11,2025-05-08,Paid Ads,Desktop,South,25-34,50K-100K,Personal Loan,0,7,523,Product Page Viewed,1,0,0,0,0,Product Page Viewed,Technical issue,121397,5,19
1804,S001805,U000745,2025-06-23 04:42:05,2025-06-23,Email,Mobile,West,25-34,25K-50K,Insurance Plan,1,12,578,Lead Form Submitted,1,1,1,1,1,,,0,6,26
1805,S001806,U001606,2025-01-01 06:40:24,2025-01-01,Organic Search,Mobile,West,25-34,50K-100K,Savings Account,0,11,1069,Product Page Viewed,1,0,0,0,0,Product Page Viewed,Unclear product value,13011,1,1
1806,S001807,U000034,2025-05-03 21:03:55,2025-05-03,Organic Search,Desktop,South,45-54,50K-100K,Insurance Plan,0,11,278,Product Page Viewed,1,0,0,0,0,Product Page Viewed,Technical issue,8505,5,18
1807,S001808,U000255,2025-05-11 22:37:01,2025-05-11,Organic Search,Mobile,South,25-34,50K-100K,Personal Loan,0,4,965,Product Page Viewed,1,0,0,0,0,Product Page Viewed,High interest-rate concern,132384,5,19
1808,S001809,U000842,2025-02-01 05:21:18,2025-02-01,Paid Ads,Mobile,South,25-34,50K-100K,Savings Account,1,9,691,Product Page Viewed,1,0,0,0,0,Product Page Viewed,Unclear product value,9732,2,5
1809,S001810,U000451,2025-02-16 20:27:21,2025-02-16,Direct,Desktop,South,35-44,50K-100K,Credit Card,0,3,298,Product Page Viewed,1,0,0,0,0,Product Page Viewed,Unclear product value,27861,2,7
1810,S001811,U001249,2025-01-22 06:13:22,2025-01-22,Social Media,Tablet,North,25-34,50K-100K,Insurance Plan,1,10,269,Product Page Viewed,1,0,0,0,0,Product Page Viewed,Unclear product value,7239,1,4
1811,S001812,U000269,2025-05-10 05:44:20,2025-05-10,Referral,Desktop,North,35-44,50K-100K,Credit Card,0,12,1000,CTA Clicked,1,1,1,0,0,CTA Clicked,Not ready to apply,35200,5,19
1812,S001813,U001088,2025-03-08 14:57:56,2025-03-08,Email,Desktop,South,25-34,50K-100K,Personal Loan,0,1,914,Product Page Viewed,1,0,0,0,0,Product Page Viewed,High interest-rate concern,134201,3,10
1813,S001814,U001767,2025-04-19 23:46:45,2025-04-19,Direct,Mobile,South,35-44,25K-50K,Savings Account,0,2,259,Lead Form Submitted,1,1,1,1,1,,,0,4,16
1814,S001815,U001389,2025-04-14 12:54:55,2025-04-14,Paid Ads,Desktop,Central,35-44,50K-100K,Credit Card,0,10,281,Calculator Used,1,1,0,0,0,Calculator Used,Technical issue,28376,4,16
1815,S001816,U001448,2025-05-03 20:48:58,2025-05-03,Email,Mobile,Central,55+,50K-100K,Insurance Plan,0,6,105,CTA Clicked,1,1,1,0,0,CTA Clicked,Technical issue,9432,5,18
1816,S001817,U001285,2025-03-24 22:12:02,2025-03-24,Direct,Desktop,West,25-34,50K-100K,Credit Card,0,8,645,Product Page Viewed,1,0,0,0,0,Product Page Viewed,High interest-rate concern,19471,3,13
1817,S001818,U000469,2025-01-11 17:05:53,2025-01-11,Direct,Mobile,East,45-54,100K+,Credit Card,0,2,356,Product Page Viewed,1,0,0,0,0,Product Page Viewed,Comparing alternatives,28716,1,2
1818,S001819,U001157,2025-02-18 18:31:19,2025-02-18,Direct,Desktop,East,35-44,100K+,Personal Loan,1,3,945,Calculator Used,1,1,0,0,0,Calculator Used,Comparing alternatives,97381,2,8
1819,S001820,U001908,2025-04-22 18:00:25,2025-04-22,Direct,Mobile,West,18-24,50K-100K,Insurance Plan,0,1,875,Website Visit,0,0,0,0,0,Website Visit,Immediate bounce,4367,4,17
1820,S001821,U001399,2025-03-21 12:17:39,2025-03-21,Social Media,Mobile,South,55+,25K-50K,Personal Loan,0,9,886,Lead Form Started,1,1,1,1,0,Lead Form Started,Too many required fields,116963,3,12
1821,S001822,U000514,2025-03-12 09:44:17,2025-03-12,Email,Tablet,East,25-34,25K-50K,Credit Card,0,9,698,Product Page Viewed,1,0,0,0,0,Product Page Viewed,Unclear product value,35350,3,11
1822,S001823,U000006,2025-05-12 21:55:23,2025-05-12,Social Media,Desktop,West,35-44,50K-100K,Personal Loan,0,6,376,Product Page Viewed,1,0,0,0,0,Product Page Viewed,Technical issue,125643,5,20
1823,S001824,U000141,2025-02-13 01:29:38,2025-02-13,Direct,Mobile,West,18-24,Below 25K,Personal Loan,0,12,149,Product Page Viewed,1,0,0,0,0,Product Page Viewed,Technical issue,144798,2,7
1824,S001825,U001886,2025-06-15 15:10:54,2025-06-15,Direct,Mobile,South,35-44,25K-50K,Insurance Plan,1,11,149,Calculator Used,1,1,0,0,0,Calculator Used,Comparing alternatives,5195,6,24
1825,S001826,U000547,2025-01-22 04:35:22,2025-01-22,Social Media,Desktop,South,35-44,50K-100K,Credit Card,1,9,428,Product Page Viewed,1,0,0,0,0,Product Page Viewed,Comparing alternatives,17924,1,4
1826,S001827,U000513,2025-03-02 05:06:46,2025-03-02,Direct,Mobile,North,35-44,Below 25K,Savings Account,0,9,381,Calculator Used,1,1,0,0,0,Calculator Used,Required information unavailable,12595,3,9
1827,S001828,U001300,2025-03-10 22:26:52,2025-03-10,Direct,Mobile,North,25-34,50K-100K,Personal Loan,0,5,1118,Lead Form Started,1,1,1,1,0,Lead Form Started,Session timeout,75962,3,11
1828,S001829,U000003,2025-02-22 19:58:43,2025-02-22,Social Media,Mobile,North,35-44,25K-50K,Credit Card,1,12,1198,Calculator Used,1,1,0,0,0,Calculator Used,Calculator result not attractive,34837,2,8
1829,S001830,U000747,2025-01-06 13:59:26,2025-01-06,Organic Search,Desktop,Central,25-34,25K-50K,Personal Loan,0,8,66,Lead Form Started,1,1,1,1,0,Lead Form Started,Too many required fields,129406,1,2
1830,S001831,U000136,2025-03-25 16:51:52,2025-03-25,Email,Mobile,Central,45-54,100K+,Personal Loan,0,7,801,Product Page Viewed,1,0,0,0,0,Product Page Viewed,Technical issue,149717,3,13
1831,S001832,U001905,2025-06-15 13:54:23,2025-06-15,Email,Desktop,West,35-44,25K-50K,Personal Loan,0,8,710,Product Page Viewed,1,0,0,0,0,Product Page Viewed,Technical issue,110124,6,24
1832,S001833,U001559,2025-06-22 21:33:19,2025-06-22,Referral,Mobile,East,55+,100K+,Insurance Plan,0,10,110,Product Page Viewed,1,0,0,0,0,Product Page Viewed,Comparing alternatives,10366,6,25
1833,S001834,U000968,2025-05-10 03:04:15,2025-05-10,Direct,Desktop,West,35-44,Below 25K,Savings Account,0,1,1181,Calculator Used,1,1,0,0,0,Calculator Used,Required information unavailable,10018,5,19
1834,S001835,U000363,2025-02-15 18:04:32,2025-02-15,Referral,Desktop,South,25-34,Below 25K,Insurance Plan,0,2,643,Calculator Used,1,1,0,0,0,Calculator Used,Required information unavailable,9126,2,7
1835,S001836,U000532,2025-04-28 05:36:32,2025-04-28,Paid Ads,Mobile,North,25-34,25K-50K,Savings Account,0,7,461,Product Page Viewed,1,0,0,0,0,Product Page Viewed,High interest-rate concern,14757,4,18
1836,S001837,U000908,2025-06-07 08:41:07,2025-06-07,Organic Search,Desktop,East,18-24,100K+,Insurance Plan,0,2,870,Lead Form Submitted,1,1,1,1,1,,,0,6,23
1837,S001838,U001666,2025-06-06 06:52:47,2025-06-06,Paid Ads,Desktop,Central,35-44,Below 25K,Savings Account,1,4,1107,Lead Form Started,1,1,1,1,0,Lead Form Started,Document requirement concern,9468,6,23
1838,S001839,U000079,2025-03-02 00:16:54,2025-03-02,Social Media,Tablet,South,55+,50K-100K,Personal Loan,0,5,1172,Product Page Viewed,1,0,0,0,0,Product Page Viewed,High interest-rate concern,105511,3,9
1839,S001840,U001305,2025-03-16 15:21:00,2025-03-16,Social Media,Mobile,South,35-44,Below 25K,Personal Loan,0,10,477,Lead Form Started,1,1,1,1,0,Lead Form Started,Document requirement concern,152601,3,11
1840,S001841,U001561,2025-02-06 20:25:42,2025-02-06,Email,Desktop,South,35-44,25K-50K,Personal Loan,0,6,818,Lead Form Started,1,1,1,1,0,Lead Form Started,Too many required fields,83559,2,6
1841,S001842,U000782,2025-06-29 08:54:37,2025-06-29,Referral,Desktop,Central,25-34,25K-50K,Credit Card,1,10,86,Lead Form Submitted,1,1,1,1,1,,,0,6,26
1842,S001843,U000166,2025-04-02 12:25:25,2025-04-02,Direct,Mobile,West,25-34,25K-50K,Credit Card,0,12,194,Lead Form Started,1,1,1,1,0,Lead Form Started,Document requirement concern,32287,4,14
1843,S001844,U001116,2025-03-03 17:03:01,2025-03-03,Email,Desktop,West,35-44,100K+,Insurance Plan,0,8,98,Lead Form Submitted,1,1,1,1,1,,,0,3,10
1844,S001845,U001150,2025-02-10 15:54:55,2025-02-10,Referral,Desktop,South,45-54,25K-50K,Insurance Plan,1,8,642,Product Page Viewed,1,0,0,0,0,Product Page Viewed,Technical issue,4440,2,7
1845,S001846,U000259,2025-01-28 23:12:44,2025-01-28,Organic Search,Mobile,West,45-54,100K+,Personal Loan,1,3,83,Product Page Viewed,1,0,0,0,0,Product Page Viewed,Unclear product value,143956,1,5
1846,S001847,U000542,2025-05-24 15:40:54,2025-05-24,Direct,Mobile,Central,45-54,50K-100K,Personal Loan,1,5,858,CTA Clicked,1,1,1,0,0,CTA Clicked,Form looked too long,109991,5,21
1847,S001848,U000462,2025-04-30 23:51:49,2025-04-30,Paid Ads,Mobile,South,35-44,50K-100K,Credit Card,0,1,991,Product Page Viewed,1,0,0,0,0,Product Page Viewed,Comparing alternatives,24457,4,18
1848,S001849,U001396,2025-03-09 13:22:15,2025-03-09,Paid Ads,Mobile,West,45-54,50K-100K,Savings Account,0,3,228,Calculator Used,1,1,0,0,0,Calculator Used,Calculator result not attractive,11254,3,10
1849,S001850,U001968,2025-04-27 10:14:47,2025-04-27,Email,Mobile,North,45-54,Below 25K,Personal Loan,0,12,802,Lead Form Submitted,1,1,1,1,1,,,0,4,17
1850,S001851,U001962,2025-01-03 00:06:19,2025-01-03,Paid Ads,Desktop,East,55+,25K-50K,Personal Loan,0,4,152,Calculator Used,1,1,0,0,0,Calculator Used,Comparing alternatives,156112,1,1
1851,S001852,U000424,2025-05-22 13:47:23,2025-05-22,Organic Search,Mobile,North,35-44,25K-50K,Personal Loan,0,3,152,Lead Form Submitted,1,1,1,1,1,,,0,5,21
1852,S001853,U000109,2025-03-01 09:28:09,2025-03-01,Paid Ads,Mobile,North,25-34,100K+,Credit Card,1,5,78,CTA Clicked,1,1,1,0,0,CTA Clicked,Form looked too long,15947,3,9
1853,S001854,U000927,2025-02-16 21:43:33,2025-02-16,Paid Ads,Mobile,Central,25-34,50K-100K,Insurance Plan,0,10,883,Website Visit,0,0,0,0,0,Website Visit,Not ready to explore,8151,2,7
1854,S001855,U001123,2025-05-06 21:16:21,2025-05-06,Paid Ads,Mobile,Central,45-54,50K-100K,Personal Loan,0,8,1031,Product Page Viewed,1,0,0,0,0,Product Page Viewed,High interest-rate concern,97553,5,19
1855,S001856,U000021,2025-06-10 02:31:31,2025-06-10,Organic Search,Mobile,North,35-44,50K-100K,Insurance Plan,0,5,749,Calculator Used,1,1,0,0,0,Calculator Used,Required information unavailable,9854,6,24
1856,S001857,U001008,2025-01-30 06:11:21,2025-01-30,Paid Ads,Mobile,South,18-24,50K-100K,Personal Loan,0,5,1050,Product Page Viewed,1,0,0,0,0,Product Page Viewed,Technical issue,123736,1,5
1857,S001858,U001055,2025-03-22 00:01:54,2025-03-22,Organic Search,Mobile,South,55+,50K-100K,Personal Loan,0,12,668,Lead Form Submitted,1,1,1,1,1,,,0,3,12
1858,S001859,U000362,2025-04-22 08:12:50,2025-04-22,Paid Ads,Mobile,South,25-34,25K-50K,Credit Card,0,9,286,Product Page Viewed,1,0,0,0,0,Product Page Viewed,Technical issue,29195,4,17
1859,S001860,U001893,2025-02-23 07:47:01,2025-02-23,Paid Ads,Desktop,East,45-54,Below 25K,Savings Account,0,2,866,Calculator Used,1,1,0,0,0,Calculator Used,Technical issue,18518,2,8
1860,S001861,U001835,2025-03-11 11:46:22,2025-03-11,Email,Mobile,South,18-24,Below 25K,Savings Account,0,3,302,Lead Form Submitted,1,1,1,1,1,,,0,3,11
1861,S001862,U001386,2025-06-19 03:11:09,2025-06-19,Organic Search,Desktop,West,25-34,50K-100K,Savings Account,0,11,258,Lead Form Submitted,1,1,1,1,1,,,0,6,25
1862,S001863,U001956,2025-01-03 06:10:55,2025-01-03,Email,Desktop,Central,35-44,25K-50K,Savings Account,0,2,1011,Product Page Viewed,1,0,0,0,0,Product Page Viewed,Unclear product value,17951,1,1
1863,S001864,U001520,2025-04-30 10:06:08,2025-04-30,Paid Ads,Mobile,North,35-44,50K-100K,Personal Loan,0,7,1163,Product Page Viewed,1,0,0,0,0,Product Page Viewed,Unclear product value,100562,4,18
1864,S001865,U001255,2025-02-17 06:15:35,2025-02-17,Organic Search,Mobile,North,25-34,50K-100K,Savings Account,0,3,1019,Lead Form Submitted,1,1,1,1,1,,,0,2,8
1865,S001866,U000437,2025-06-27 05:27:18,2025-06-27,Email,Tablet,West,35-44,Below 25K,Credit Card,0,3,262,Calculator Used,1,1,0,0,0,Calculator Used,Comparing alternatives,30774,6,26
1866,S001867,U001196,2025-01-06 17:17:15,2025-01-06,Direct,Mobile,West,35-44,Below 25K,Personal Loan,0,1,476,Lead Form Started,1,1,1,1,0,Lead Form Started,Too many required fields,111034,1,2
1867,S001868,U001595,2025-01-24 06:46:08,2025-01-24,Direct,Mobile,South,35-44,Below 25K,Personal Loan,0,5,508,CTA Clicked,1,1,1,0,0,CTA Clicked,Technical issue,137478,1,4
1868,S001869,U000222,2025-06-18 02:32:29,2025-06-18,Email,Desktop,South,55+,Below 25K,Credit Card,0,6,753,Calculator Used,1,1,0,0,0,Calculator Used,Comparing alternatives,39218,6,25
1869,S001870,U000862,2025-02-10 16:47:06,2025-02-10,Paid Ads,Desktop,North,35-44,50K-100K,Credit Card,0,2,1131,Website Visit,0,0,0,0,0,Website Visit,Slow page load,18105,2,7
1870,S001871,U001834,2025-04-06 12:46:54,2025-04-06,Organic Search,Mobile,North,45-54,25K-50K,Credit Card,0,5,127,Calculator Used,1,1,0,0,0,Calculator Used,Technical issue,16483,4,14
1871,S001872,U000731,2025-02-26 17:06:33,2025-02-26,Email,Desktop,West,55+,25K-50K,Personal Loan,0,9,792,CTA Clicked,1,1,1,0,0,CTA Clicked,Technical issue,147885,2,9
1872,S001873,U000660,2025-02-12 12:55:25,2025-02-12,Direct,Mobile,West,35-44,25K-50K,Personal Loan,0,8,621,Calculator Used,1,1,0,0,0,Calculator Used,Calculator result not attractive,110459,2,7
1873,S001874,U000549,2025-03-12 06:22:11,2025-03-12,Direct,Mobile,South,25-34,25K-50K,Personal Loan,0,9,718,Calculator Used,1,1,0,0,0,Calculator Used,Required information unavailable,99690,3,11
1874,S001875,U001477,2025-06-11 04:14:49,2025-06-11,Social Media,Mobile,North,35-44,Below 25K,Credit Card,1,4,1111,Lead Form Started,1,1,1,1,0,Lead Form Started,Too many required fields,39461,6,24
1875,S001876,U000396,2025-02-01 05:36:42,2025-02-01,Paid Ads,Mobile,South,25-34,100K+,Savings Account,0,9,623,Product Page Viewed,1,0,0,0,0,Product Page Viewed,High interest-rate concern,20162,2,5
1876,S001877,U000801,2025-04-16 18:28:53,2025-04-16,Referral,Tablet,North,25-34,100K+,Personal Loan,0,5,225,CTA Clicked,1,1,1,0,0,CTA Clicked,Form looked too long,63518,4,16
1877,S001878,U000319,2025-06-02 00:00:22,2025-06-02,Paid Ads,Mobile,East,25-34,100K+,Personal Loan,0,7,506,Product Page Viewed,1,0,0,0,0,Product Page Viewed,High interest-rate concern,147935,6,23
1878,S001879,U000882,2025-04-15 02:58:40,2025-04-15,Organic Search,Tablet,South,45-54,Below 25K,Personal Loan,0,10,936,Lead Form Submitted,1,1,1,1,1,,,0,4,16
1879,S001880,U001905,2025-03-14 17:56:45,2025-03-14,Paid Ads,Mobile,East,35-44,Below 25K,Personal Loan,1,4,407,Product Page Viewed,1,0,0,0,0,Product Page Viewed,High interest-rate concern,68875,3,11
1880,S001881,U001722,2025-02-25 17:32:07,2025-02-25,Organic Search,Mobile,East,35-44,25K-50K,Personal Loan,0,12,622,CTA Clicked,1,1,1,0,0,CTA Clicked,Privacy concern,87429,2,9
1881,S001882,U000240,2025-05-27 07:25:05,2025-05-27,Referral,Mobile,West,18-24,100K+,Credit Card,1,9,1010,Lead Form Started,1,1,1,1,0,Lead Form Started,Too many required fields,16856,5,22
1882,S001883,U000915,2025-03-03 14:10:18,2025-03-03,Email,Desktop,Central,25-34,25K-50K,Savings Account,0,4,804,Calculator Used,1,1,0,0,0,Calculator Used,Required information unavailable,22205,3,10
1883,S001884,U000034,2025-01-22 12:53:13,2025-01-22,Paid Ads,Mobile,Central,35-44,50K-100K,Insurance Plan,0,3,565,Calculator Used,1,1,0,0,0,Calculator Used,Technical issue,9052,1,4
1884,S001885,U000039,2025-02-03 12:07:19,2025-02-03,Direct,Mobile,North,25-34,25K-50K,Credit Card,0,4,160,CTA Clicked,1,1,1,0,0,CTA Clicked,Form looked too long,19665,2,6
1885,S001886,U001213,2025-05-28 07:48:55,2025-05-28,Referral,Desktop,North,55+,25K-50K,Credit Card,0,3,652,Product Page Viewed,1,0,0,0,0,Product Page Viewed,High interest-rate concern,15985,5,22
1886,S001887,U000383,2025-04-19 08:03:57,2025-04-19,Direct,Mobile,East,35-44,25K-50K,Insurance Plan,0,1,1169,Product Page Viewed,1,0,0,0,0,Product Page Viewed,High interest-rate concern,8331,4,16
1887,S001888,U000873,2025-05-17 21:58:58,2025-05-17,Paid Ads,Mobile,West,45-54,25K-50K,Personal Loan,0,11,824,Product Page Viewed,1,0,0,0,0,Product Page Viewed,Technical issue,125748,5,20
1888,S001889,U001064,2025-04-18 19:09:06,2025-04-18,Direct,Mobile,North,35-44,25K-50K,Personal Loan,1,5,1017,Product Page Viewed,1,0,0,0,0,Product Page Viewed,Technical issue,141623,4,16
1889,S001890,U000916,2025-04-26 14:58:25,2025-04-26,Email,Mobile,West,35-44,Below 25K,Personal Loan,0,4,461,Calculator Used,1,1,0,0,0,Calculator Used,Comparing alternatives,132867,4,17
1890,S001891,U001137,2025-02-21 07:39:37,2025-02-21,Referral,Desktop,South,18-24,100K+,Credit Card,0,3,614,Website Visit,0,0,0,0,0,Website Visit,Slow page load,20467,2,8
1891,S001892,U001370,2025-02-25 02:11:31,2025-02-25,Organic Search,Desktop,South,18-24,25K-50K,Credit Card,0,10,648,CTA Clicked,1,1,1,0,0,CTA Clicked,Privacy concern,38406,2,9
1892,S001893,U001563,2025-04-21 23:52:27,2025-04-21,Organic Search,Mobile,Central,25-34,50K-100K,Credit Card,1,7,434,Lead Form Started,1,1,1,1,0,Lead Form Started,Session timeout,37695,4,17
1893,S001894,U000776,2025-02-10 06:11:45,2025-02-10,Referral,Mobile,North,25-34,50K-100K,Personal Loan,0,8,592,Lead Form Submitted,1,1,1,1,1,,,0,2,7
1894,S001895,U001203,2025-04-26 15:49:32,2025-04-26,Direct,Mobile,South,25-34,25K-50K,Personal Loan,0,8,521,Product Page Viewed,1,0,0,0,0,Product Page Viewed,Technical issue,84704,4,17
1895,S001896,U001953,2025-06-17 18:09:33,2025-06-17,Organic Search,Mobile,West,25-34,25K-50K,Insurance Plan,0,4,461,Lead Form Started,1,1,1,1,0,Lead Form Started,Document requirement concern,6354,6,25
1896,S001897,U001592,2025-06-13 11:32:34,2025-06-13,Direct,Mobile,North,25-34,25K-50K,Insurance Plan,1,9,623,Product Page Viewed,1,0,0,0,0,Product Page Viewed,Technical issue,7213,6,24
1897,S001898,U000532,2025-05-31 06:26:58,2025-05-31,Organic Search,Tablet,South,25-34,50K-100K,Credit Card,0,8,830,Website Visit,0,0,0,0,0,Website Visit,Landing page mismatch,27187,5,22
1898,S001899,U000940,2025-04-11 14:47:31,2025-04-11,Referral,Tablet,Central,35-44,Below 25K,Personal Loan,1,9,559,Product Page Viewed,1,0,0,0,0,Product Page Viewed,High interest-rate concern,80096,4,15
1899,S001900,U000715,2025-02-04 01:46:56,2025-02-04,Organic Search,Tablet,North,25-34,25K-50K,Personal Loan,0,6,1189,Calculator Used,1,1,0,0,0,Calculator Used,Required information unavailable,123781,2,6
1900,S001901,U001467,2025-04-12 02:01:11,2025-04-12,Referral,Desktop,West,25-34,50K-100K,Personal Loan,0,1,1181,Calculator Used,1,1,0,0,0,Calculator Used,Calculator result not attractive,93748,4,15
1901,S001902,U000432,2025-01-31 03:01:34,2025-01-31,Paid Ads,Desktop,South,25-34,50K-100K,Insurance Plan,0,9,265,Product Page Viewed,1,0,0,0,0,Product Page Viewed,Comparing alternatives,7295,1,5
1902,S001903,U001057,2025-02-27 17:31:49,2025-02-27,Direct,Mobile,Central,25-34,50K-100K,Savings Account,0,12,423,CTA Clicked,1,1,1,0,0,CTA Clicked,Privacy concern,15211,2,9
1903,S001904,U001989,2025-03-17 18:59:25,2025-03-17,Email,Tablet,West,18-24,25K-50K,Credit Card,0,9,329,Lead Form Submitted,1,1,1,1,1,,,0,3,12
1904,S001905,U000953,2025-04-02 05:54:49,2025-04-02,Referral,Desktop,North,45-54,100K+,Savings Account,0,5,670,Lead Form Started,1,1,1,1,0,Lead Form Started,Session timeout,16158,4,14
1905,S001906,U000028,2025-03-27 01:07:39,2025-03-27,Paid Ads,Mobile,East,35-44,Below 25K,Credit Card,0,5,269,Calculator Used,1,1,0,0,0,Calculator Used,Technical issue,26565,3,13
1906,S001907,U001652,2025-01-09 23:36:33,2025-01-09,Organic Search,Mobile,South,18-24,50K-100K,Savings Account,0,6,476,Calculator Used,1,1,0,0,0,Calculator Used,Technical issue,15905,1,2
1907,S001908,U001341,2025-01-18 03:05:39,2025-01-18,Social Media,Desktop,Central,25-34,25K-50K,Personal Loan,0,12,187,Product Page Viewed,1,0,0,0,0,Product Page Viewed,High interest-rate concern,140025,1,3
1908,S001909,U000190,2025-04-15 00:45:07,2025-04-15,Direct,Desktop,South,55+,Below 25K,Personal Loan,0,3,702,Calculator Used,1,1,0,0,0,Calculator Used,Calculator result not attractive,80501,4,16
1909,S001910,U001647,2025-05-28 14:01:12,2025-05-28,Email,Tablet,West,35-44,25K-50K,Credit Card,1,12,812,Lead Form Submitted,1,1,1,1,1,,,0,5,22
1910,S001911,U000946,2025-03-18 21:04:45,2025-03-18,Direct,Mobile,East,25-34,50K-100K,Savings Account,1,6,1114,Product Page Viewed,1,0,0,0,0,Product Page Viewed,Comparing alternatives,18365,3,12
1911,S001912,U001224,2025-02-07 02:01:43,2025-02-07,Organic Search,Tablet,North,25-34,25K-50K,Insurance Plan,0,7,757,Lead Form Submitted,1,1,1,1,1,,,0,2,6
1912,S001913,U000660,2025-04-08 07:10:17,2025-04-08,Organic Search,Desktop,Central,25-34,100K+,Personal Loan,0,10,476,CTA Clicked,1,1,1,0,0,CTA Clicked,Privacy concern,84491,4,15
1913,S001914,U001968,2025-06-10 09:09:34,2025-06-10,Email,Mobile,West,35-44,50K-100K,Personal Loan,0,12,739,Product Page Viewed,1,0,0,0,0,Product Page Viewed,High interest-rate concern,85845,6,24
1914,S001915,U000389,2025-05-30 04:53:01,2025-05-30,Organic Search,Mobile,Central,35-44,Below 25K,Savings Account,0,7,550,Product Page Viewed,1,0,0,0,0,Product Page Viewed,Comparing alternatives,13892,5,22
1915,S001916,U000222,2025-06-23 07:18:59,2025-06-23,Organic Search,Desktop,West,25-34,Below 25K,Personal Loan,1,2,1068,Product Page Viewed,1,0,0,0,0,Product Page Viewed,High interest-rate concern,71165,6,26
1916,S001917,U000071,2025-02-22 03:20:21,2025-02-22,Paid Ads,Mobile,North,55+,25K-50K,Savings Account,1,5,908,Calculator Used,1,1,0,0,0,Calculator Used,Technical issue,11812,2,8
1917,S001918,U000522,2025-06-10 14:40:40,2025-06-10,Direct,Desktop,East,35-44,50K-100K,Savings Account,1,1,342,Lead Form Started,1,1,1,1,0,Lead Form Started,Session timeout,20255,6,24
1918,S001919,U001402,2025-03-28 12:22:03,2025-03-28,Direct,Desktop,Central,35-44,50K-100K,Savings Account,0,2,470,Lead Form Submitted,1,1,1,1,1,,,0,3,13
1919,S001920,U000103,2025-04-22 11:32:45,2025-04-22,Organic Search,Mobile,North,25-34,50K-100K,Credit Card,1,5,43,Calculator Used,1,1,0,0,0,Calculator Used,Required information unavailable,21011,4,17
1920,S001921,U001742,2025-06-11 17:53:42,2025-06-11,Referral,Desktop,North,35-44,50K-100K,Credit Card,1,7,166,Website Visit,0,0,0,0,0,Website Visit,Slow page load,20280,6,24
1921,S001922,U000296,2025-02-26 22:51:05,2025-02-26,Organic Search,Mobile,West,25-34,50K-100K,Personal Loan,0,7,525,Product Page Viewed,1,0,0,0,0,Product Page Viewed,Comparing alternatives,113552,2,9
1922,S001923,U000245,2025-01-24 00:45:40,2025-01-24,Social Media,Mobile,South,35-44,50K-100K,Personal Loan,0,3,981,Product Page Viewed,1,0,0,0,0,Product Page Viewed,Technical issue,82063,1,4
1923,S001924,U000981,2025-04-11 04:42:14,2025-04-11,Paid Ads,Tablet,West,55+,25K-50K,Credit Card,1,9,998,Product Page Viewed,1,0,0,0,0,Product Page Viewed,Technical issue,21774,4,15
1924,S001925,U000236,2025-01-20 10:32:21,2025-01-20,Email,Mobile,North,25-34,25K-50K,Personal Loan,0,1,445,Website Visit,0,0,0,0,0,Website Visit,Immediate bounce,71167,1,4
1925,S001926,U000621,2025-03-09 08:23:38,2025-03-09,Email,Mobile,Central,35-44,Below 25K,Credit Card,0,7,1032,Product Page Viewed,1,0,0,0,0,Product Page Viewed,Unclear product value,39527,3,10
1926,S001927,U001617,2025-01-16 15:55:19,2025-01-16,Paid Ads,Mobile,Central,45-54,50K-100K,Personal Loan,0,8,677,Product Page Viewed,1,0,0,0,0,Product Page Viewed,High interest-rate concern,137727,1,3
1927,S001928,U000860,2025-04-18 02:44:52,2025-04-18,Organic Search,Mobile,North,55+,50K-100K,Personal Loan,1,1,600,Product Page Viewed,1,0,0,0,0,Product Page Viewed,Comparing alternatives,68732,4,16
1928,S001929,U001465,2025-01-10 21:40:30,2025-01-10,Referral,Mobile,North,25-34,Below 25K,Personal Loan,1,12,681,Calculator Used,1,1,0,0,0,Calculator Used,Calculator result not attractive,116130,1,2
1929,S001930,U000951,2025-01-15 17:32:24,2025-01-15,Direct,Mobile,West,25-34,25K-50K,Savings Account,0,2,661,Lead Form Started,1,1,1,1,0,Lead Form Started,Technical issue,21958,1,3
1930,S001931,U001563,2025-05-03 20:01:00,2025-05-03,Paid Ads,Mobile,North,18-24,50K-100K,Credit Card,0,7,268,Product Page Viewed,1,0,0,0,0,Product Page Viewed,Unclear product value,36883,5,18
1931,S001932,U000584,2025-01-18 17:17:04,2025-01-18,Organic Search,Mobile,East,18-24,50K-100K,Savings Account,0,10,485,Website Visit,0,0,0,0,0,Website Visit,Not ready to explore,22160,1,3
1932,S001933,U001333,2025-04-25 13:59:00,2025-04-25,Organic Search,Desktop,Central,55+,25K-50K,Personal Loan,0,3,331,Website Visit,0,0,0,0,0,Website Visit,Not ready to explore,148956,4,17
1933,S001934,U001542,2025-03-11 21:07:44,2025-03-11,Organic Search,Mobile,South,25-34,50K-100K,Personal Loan,1,1,623,Calculator Used,1,1,0,0,0,Calculator Used,Required information unavailable,130737,3,11
1934,S001935,U000647,2025-05-12 03:59:22,2025-05-12,Organic Search,Desktop,West,25-34,100K+,Savings Account,0,1,1140,Lead Form Submitted,1,1,1,1,1,,,0,5,20
1935,S001936,U001158,2025-02-02 15:14:20,2025-02-02,Direct,Mobile,North,25-34,100K+,Insurance Plan,1,5,916,Calculator Used,1,1,0,0,0,Calculator Used,Comparing alternatives,9991,2,5
1936,S001937,U001009,2025-01-31 09:41:54,2025-01-31,Organic Search,Mobile,North,35-44,25K-50K,Credit Card,0,9,456,Lead Form Submitted,1,1,1,1,1,,,0,1,5
1937,S001938,U000554,2025-04-05 21:58:59,2025-04-05,Referral,Tablet,West,35-44,25K-50K,Credit Card,0,8,287,Product Page Viewed,1,0,0,0,0,Product Page Viewed,Comparing alternatives,24052,4,14
1938,S001939,U001883,2025-03-17 11:04:07,2025-03-17,Paid Ads,Desktop,West,25-34,25K-50K,Personal Loan,1,7,469,Product Page Viewed,1,0,0,0,0,Product Page Viewed,Technical issue,80867,3,12
1939,S001940,U000924,2025-06-21 11:19:25,2025-06-21,Email,Desktop,West,45-54,50K-100K,Insurance Plan,1,3,249,Calculator Used,1,1,0,0,0,Calculator Used,Comparing alternatives,10088,6,25
1940,S001941,U001156,2025-06-08 16:22:55,2025-06-08,Organic Search,Mobile,Central,55+,25K-50K,Personal Loan,0,10,257,Calculator Used,1,1,0,0,0,Calculator Used,Comparing alternatives,144639,6,23
1941,S001942,U001313,2025-05-04 07:54:55,2025-05-04,Direct,Mobile,Central,55+,50K-100K,Credit Card,0,7,703,Calculator Used,1,1,0,0,0,Calculator Used,Required information unavailable,28564,5,18
1942,S001943,U001705,2025-02-25 11:02:53,2025-02-25,Organic Search,Mobile,North,55+,25K-50K,Credit Card,0,7,44,Calculator Used,1,1,0,0,0,Calculator Used,Calculator result not attractive,16112,2,9
1943,S001944,U001368,2025-01-28 10:48:10,2025-01-28,Email,Desktop,West,45-54,25K-50K,Savings Account,0,7,783,Product Page Viewed,1,0,0,0,0,Product Page Viewed,Comparing alternatives,14176,1,5
1944,S001945,U001826,2025-05-21 05:12:25,2025-05-21,Organic Search,Desktop,North,35-44,25K-50K,Credit Card,0,7,1056,Product Page Viewed,1,0,0,0,0,Product Page Viewed,Comparing alternatives,21964,5,21
1945,S001946,U000556,2025-03-08 04:58:53,2025-03-08,Organic Search,Mobile,Central,35-44,25K-50K,Savings Account,1,3,616,Product Page Viewed,1,0,0,0,0,Product Page Viewed,High interest-rate concern,9880,3,10
1946,S001947,U001805,2025-02-12 05:20:52,2025-02-12,Social Media,Desktop,South,35-44,50K-100K,Credit Card,0,5,507,Lead Form Started,1,1,1,1,0,Lead Form Started,Too many required fields,26420,2,7
1947,S001948,U001722,2025-03-06 04:44:51,2025-03-06,Paid Ads,Mobile,North,45-54,25K-50K,Personal Loan,0,7,1147,Lead Form Submitted,1,1,1,1,1,,,0,3,10
1948,S001949,U001552,2025-05-23 12:23:00,2025-05-23,Email,Tablet,West,45-54,100K+,Personal Loan,0,3,845,Calculator Used,1,1,0,0,0,Calculator Used,Comparing alternatives,99985,5,21
1949,S001950,U000782,2025-03-07 18:33:35,2025-03-07,Organic Search,Desktop,East,35-44,50K-100K,Savings Account,0,6,425,CTA Clicked,1,1,1,0,0,CTA Clicked,Not ready to apply,18926,3,10
1950,S001951,U001337,2025-03-19 19:52:44,2025-03-19,Organic Search,Mobile,East,18-24,25K-50K,Personal Loan,1,3,276,Product Page Viewed,1,0,0,0,0,Product Page Viewed,Comparing alternatives,129091,3,12
1951,S001952,U001360,2025-02-16 10:24:21,2025-02-16,Paid Ads,Desktop,Central,35-44,25K-50K,Credit Card,0,11,328,Product Page Viewed,1,0,0,0,0,Product Page Viewed,High interest-rate concern,27376,2,7
1952,S001953,U001785,2025-01-29 10:12:15,2025-01-29,Paid Ads,Mobile,North,25-34,50K-100K,Credit Card,0,11,66,Product Page Viewed,1,0,0,0,0,Product Page Viewed,Unclear product value,38324,1,5
1953,S001954,U001722,2025-04-20 10:51:16,2025-04-20,Referral,Mobile,West,35-44,Below 25K,Savings Account,0,2,874,Calculator Used,1,1,0,0,0,Calculator Used,Comparing alternatives,19798,4,16
1954,S001955,U001525,2025-05-08 18:32:46,2025-05-08,Email,Mobile,South,25-34,25K-50K,Credit Card,1,4,485,Calculator Used,1,1,0,0,0,Calculator Used,Comparing alternatives,37017,5,19
1955,S001956,U001096,2025-02-28 04:42:43,2025-02-28,Organic Search,Mobile,West,25-34,50K-100K,Personal Loan,0,6,514,Product Page Viewed,1,0,0,0,0,Product Page Viewed,High interest-rate concern,121468,2,9
1956,S001957,U000239,2025-04-13 09:26:26,2025-04-13,Social Media,Desktop,East,25-34,50K-100K,Insurance Plan,0,11,439,Product Page Viewed,1,0,0,0,0,Product Page Viewed,Comparing alternatives,5885,4,15
1957,S001958,U000368,2025-06-12 12:19:00,2025-06-12,Organic Search,Desktop,Central,45-54,50K-100K,Personal Loan,0,5,250,Product Page Viewed,1,0,0,0,0,Product Page Viewed,Unclear product value,104824,6,24
1958,S001959,U000096,2025-05-10 03:08:59,2025-05-10,Social Media,Desktop,West,25-34,25K-50K,Insurance Plan,0,2,395,Calculator Used,1,1,0,0,0,Calculator Used,Technical issue,10761,5,19
1959,S001960,U001728,2025-01-19 21:02:32,2025-01-19,Email,Mobile,North,35-44,Below 25K,Credit Card,0,5,185,Lead Form Submitted,1,1,1,1,1,,,0,1,3
1960,S001961,U000646,2025-01-01 08:54:31,2025-01-01,Organic Search,Mobile,South,18-24,25K-50K,Savings Account,0,2,788,Product Page Viewed,1,0,0,0,0,Product Page Viewed,Comparing alternatives,20631,1,1
1961,S001962,U000935,2025-04-29 11:49:08,2025-04-29,Direct,Mobile,North,18-24,25K-50K,Insurance Plan,0,1,518,Website Visit,0,0,0,0,0,Website Visit,Immediate bounce,9951,4,18
1962,S001963,U001057,2025-04-22 09:56:16,2025-04-22,Paid Ads,Mobile,North,45-54,50K-100K,Savings Account,0,2,743,Lead Form Started,1,1,1,1,0,Lead Form Started,Document requirement concern,20014,4,17
1963,S001964,U001858,2025-03-29 23:44:46,2025-03-29,Organic Search,Mobile,West,18-24,50K-100K,Savings Account,0,3,284,Lead Form Submitted,1,1,1,1,1,,,0,3,13
1964,S001965,U001626,2025-05-26 00:24:36,2025-05-26,Email,Mobile,West,35-44,25K-50K,Personal Loan,1,9,875,Product Page Viewed,1,0,0,0,0,Product Page Viewed,Comparing alternatives,145560,5,22
1965,S001966,U001058,2025-03-01 00:17:39,2025-03-01,Email,Mobile,West,35-44,Below 25K,Personal Loan,1,7,278,Product Page Viewed,1,0,0,0,0,Product Page Viewed,Unclear product value,149522,3,9
1966,S001967,U001057,2025-03-21 05:29:11,2025-03-21,Referral,Mobile,West,25-34,50K-100K,Credit Card,1,3,1171,Website Visit,0,0,0,0,0,Website Visit,Not ready to explore,16035,3,12
1967,S001968,U001769,2025-01-27 06:58:29,2025-01-27,Paid Ads,Desktop,West,25-34,50K-100K,Personal Loan,1,12,354,Product Page Viewed,1,0,0,0,0,Product Page Viewed,Technical issue,157444,1,5
1968,S001969,U000330,2025-06-06 02:50:27,2025-06-06,Paid Ads,Mobile,East,35-44,Below 25K,Personal Loan,0,8,159,Lead Form Submitted,1,1,1,1,1,,,0,6,23
1969,S001970,U001021,2025-01-16 23:43:44,2025-01-16,Paid Ads,Desktop,North,35-44,25K-50K,Insurance Plan,0,7,288,Lead Form Submitted,1,1,1,1,1,,,0,1,3
1970,S001971,U000063,2025-03-31 15:59:29,2025-03-31,Organic Search,Mobile,South,45-54,25K-50K,Credit Card,0,5,817,Lead Form Submitted,1,1,1,1,1,,,0,3,14
1971,S001972,U001456,2025-03-16 01:37:24,2025-03-16,Paid Ads,Mobile,South,35-44,100K+,Credit Card,0,4,965,Product Page Viewed,1,0,0,0,0,Product Page Viewed,Unclear product value,29198,3,11
1972,S001973,U000010,2025-05-05 04:57:27,2025-05-05,Organic Search,Mobile,North,25-34,Below 25K,Credit Card,1,9,1142,Lead Form Submitted,1,1,1,1,1,,,0,5,19
1973,S001974,U001212,2025-03-21 12:42:49,2025-03-21,Email,Desktop,South,35-44,25K-50K,Credit Card,0,12,145,CTA Clicked,1,1,1,0,0,CTA Clicked,Not ready to apply,30795,3,12
1974,S001975,U000001,2025-03-15 11:38:54,2025-03-15,Referral,Mobile,East,45-54,100K+,Credit Card,0,6,135,Product Page Viewed,1,0,0,0,0,Product Page Viewed,Unclear product value,34915,3,11
1975,S001976,U000115,2025-05-03 04:14:53,2025-05-03,Social Media,Tablet,South,35-44,Below 25K,Personal Loan,0,6,1163,Product Page Viewed,1,0,0,0,0,Product Page Viewed,Unclear product value,138397,5,18
1976,S001977,U001459,2025-04-08 21:18:50,2025-04-08,Organic Search,Tablet,East,18-24,25K-50K,Credit Card,0,12,570,Lead Form Started,1,1,1,1,0,Lead Form Started,Technical issue,34966,4,15
1977,S001978,U001631,2025-01-24 09:57:20,2025-01-24,Organic Search,Mobile,West,55+,50K-100K,Credit Card,1,7,339,Product Page Viewed,1,0,0,0,0,Product Page Viewed,Unclear product value,28626,1,4
1978,S001979,U000038,2025-04-28 08:07:04,2025-04-28,Direct,Mobile,West,25-34,50K-100K,Credit Card,0,12,248,Product Page Viewed,1,0,0,0,0,Product Page Viewed,Unclear product value,16169,4,18
1979,S001980,U000768,2025-02-12 19:02:09,2025-02-12,Organic Search,Tablet,North,55+,25K-50K,Savings Account,0,8,88,Product Page Viewed,1,0,0,0,0,Product Page Viewed,Unclear product value,20115,2,7
1980,S001981,U000655,2025-03-19 19:44:45,2025-03-19,Organic Search,Tablet,Central,25-34,100K+,Credit Card,1,12,606,Lead Form Started,1,1,1,1,0,Lead Form Started,Document requirement concern,36497,3,12
1981,S001982,U001323,2025-05-23 12:07:12,2025-05-23,Referral,Desktop,South,45-54,25K-50K,Insurance Plan,0,7,1061,Calculator Used,1,1,0,0,0,Calculator Used,Calculator result not attractive,7759,5,21
1982,S001983,U000891,2025-05-18 01:39:32,2025-05-18,Organic Search,Desktop,North,35-44,100K+,Credit Card,0,3,1135,Lead Form Submitted,1,1,1,1,1,,,0,5,20
1983,S001984,U000775,2025-03-20 13:56:24,2025-03-20,Social Media,Mobile,North,25-34,100K+,Credit Card,0,2,396,Product Page Viewed,1,0,0,0,0,Product Page Viewed,Unclear product value,34433,3,12
1984,S001985,U000440,2025-02-14 12:49:53,2025-02-14,Direct,Mobile,South,35-44,100K+,Insurance Plan,0,2,524,Lead Form Started,1,1,1,1,0,Lead Form Started,Session timeout,9809,2,7
1985,S001986,U000607,2025-01-19 05:08:11,2025-01-19,Organic Search,Desktop,North,45-54,Below 25K,Savings Account,0,8,864,Lead Form Started,1,1,1,1,0,Lead Form Started,Technical issue,16224,1,3
1986,S001987,U000014,2025-02-21 19:04:56,2025-02-21,Email,Mobile,South,25-34,50K-100K,Insurance Plan,1,7,666,Lead Form Started,1,1,1,1,0,Lead Form Started,Technical issue,6576,2,8
1987,S001988,U001385,2025-06-21 06:05:48,2025-06-21,Direct,Desktop,East,35-44,50K-100K,Insurance Plan,0,2,462,Product Page Viewed,1,0,0,0,0,Product Page Viewed,Unclear product value,4468,6,25
1988,S001989,U000827,2025-05-07 03:29:50,2025-05-07,Organic Search,Mobile,North,18-24,100K+,Credit Card,0,9,266,Lead Form Submitted,1,1,1,1,1,,,0,5,19
1989,S001990,U001618,2025-03-24 09:48:47,2025-03-24,Direct,Mobile,West,25-34,25K-50K,Personal Loan,1,9,505,Calculator Used,1,1,0,0,0,Calculator Used,Comparing alternatives,94756,3,13
1990,S001991,U000328,2025-03-10 05:42:35,2025-03-10,Organic Search,Desktop,North,25-34,50K-100K,Personal Loan,0,6,200,Product Page Viewed,1,0,0,0,0,Product Page Viewed,Technical issue,111048,3,11
1991,S001992,U000496,2025-05-12 08:26:47,2025-05-12,Paid Ads,Desktop,East,35-44,50K-100K,Savings Account,1,10,143,Lead Form Submitted,1,1,1,1,1,,,0,5,20
1992,S001993,U001211,2025-02-19 14:07:08,2025-02-19,Organic Search,Desktop,North,25-34,50K-100K,Personal Loan,0,3,128,Lead Form Submitted,1,1,1,1,1,,,0,2,8
1993,S001994,U001628,2025-03-20 10:29:58,2025-03-20,Organic Search,Tablet,South,45-54,25K-50K,Personal Loan,0,12,439,Calculator Used,1,1,0,0,0,Calculator Used,Comparing alternatives,141215,3,12
1994,S001995,U000788,2025-06-05 05:41:47,2025-06-05,Email,Desktop,East,35-44,Below 25K,Savings Account,0,7,1127,Product Page Viewed,1,0,0,0,0,Product Page Viewed,Comparing alternatives,18940,6,23
1995,S001996,U001742,2025-02-20 16:48:49,2025-02-20,Email,Desktop,East,18-24,25K-50K,Insurance Plan,0,2,159,Lead Form Submitted,1,1,1,1,1,,,0,2,8
1996,S001997,U001045,2025-04-15 19:11:20,2025-04-15,Direct,Mobile,West,25-34,50K-100K,Personal Loan,0,10,1080,Product Page Viewed,1,0,0,0,0,Product Page Viewed,Unclear product value,91390,4,16
1997,S001998,U001568,2025-05-24 11:40:00,2025-05-24,Email,Mobile,Central,35-44,25K-50K,Personal Loan,0,7,1136,Product Page Viewed,1,0,0,0,0,Product Page Viewed,Technical issue,105629,5,21
1998,S001999,U000223,2025-04-27 17:28:48,2025-04-27,Referral,Mobile,North,35-44,100K+,Credit Card,0,3,114,Lead Form Started,1,1,1,1,0,Lead Form Started,Too many required fields,15753,4,17
1999,S002000,U000361,2025-05-02 06:48:17,2025-05-02,Paid Ads,Mobile,West,25-34,50K-100K,Personal Loan,0,12,630,Product Page Viewed,1,0,0,0,0,Product Page Viewed,Comparing alternatives,105308,5,18
2000,S002001,U001602,2025-01-29 01:06:12,2025-01-29,Organic Search,Desktop,East,25-34,50K-100K,Savings Account,1,3,715,Calculator Used,1,1,0,0,0,Calculator Used,Calculator result not attractive,16889,1,5
2001,S002002,U001653,2025-01-14 00:00:01,2025-01-14,Organic Search,Mobile,Central,45-54,50K-100K,Personal Loan,0,12,741,Lead Form Started,1,1,1,1,0,Lead Form Started,Too many required fields,135893,1,3
2002,S002003,U000737,2025-03-26 01:40:48,2025-03-26,Email,Desktop,North,25-34,50K-100K,Credit Card,1,5,169,Product Page Viewed,1,0,0,0,0,Product Page Viewed,Comparing alternatives,15959,3,13
2003,S002004,U000785,2025-05-05 09:27:31,2025-05-05,Organic Search,Mobile,North,25-34,25K-50K,Savings Account,0,1,1032,Website Visit,0,0,0,0,0,Website Visit,Immediate bounce,21431,5,19
2004,S002005,U000745,2025-03-16 02:13:40,2025-03-16,Direct,Mobile,Central,45-54,100K+,Personal Loan,1,12,909,Lead Form Submitted,1,1,1,1,1,,,0,3,11
2005,S002006,U000793,2025-01-05 00:06:49,2025-01-05,Organic Search,Mobile,Central,45-54,100K+,Credit Card,0,12,680,Product Page Viewed,1,0,0,0,0,Product Page Viewed,Technical issue,34375,1,1
2006,S002007,U001970,2025-05-17 15:18:00,2025-05-17,Organic Search,Desktop,North,25-34,50K-100K,Savings Account,0,8,445,Product Page Viewed,1,0,0,0,0,Product Page Viewed,Technical issue,22328,5,20
2007,S002008,U001972,2025-05-16 13:45:41,2025-05-16,Email,Mobile,South,45-54,50K-100K,Savings Account,1,3,437,Product Page Viewed,1,0,0,0,0,Product Page Viewed,Technical issue,13619,5,20
2008,S002009,U000787,2025-05-11 02:25:22,2025-05-11,Direct,Tablet,North,35-44,50K-100K,Personal Loan,0,4,115,Lead Form Submitted,1,1,1,1,1,,,0,5,19
2009,S002010,U000981,2025-02-21 19:05:44,2025-02-21,Organic Search,Mobile,South,55+,Below 25K,Savings Account,0,7,965,Product Page Viewed,1,0,0,0,0,Product Page Viewed,Comparing alternatives,21088,2,8
2010,S002011,U001796,2025-03-15 12:43:51,2025-03-15,Direct,Mobile,West,35-44,Below 25K,Savings Account,0,10,413,Lead Form Submitted,1,1,1,1,1,,,0,3,11
2011,S002012,U000352,2025-04-04 23:53:09,2025-04-04,Direct,Mobile,East,35-44,25K-50K,Credit Card,0,9,184,Product Page Viewed,1,0,0,0,0,Product Page Viewed,Comparing alternatives,18627,4,14
2012,S002013,U000584,2025-03-05 17:24:42,2025-03-05,Organic Search,Mobile,North,18-24,100K+,Credit Card,0,4,212,Product Page Viewed,1,0,0,0,0,Product Page Viewed,Unclear product value,29014,3,10
2013,S002014,U000557,2025-03-26 02:19:24,2025-03-26,Paid Ads,Desktop,South,25-34,50K-100K,Personal Loan,0,9,815,CTA Clicked,1,1,1,0,0,CTA Clicked,Technical issue,127693,3,13
2014,S002015,U000216,2025-01-04 23:55:54,2025-01-04,Referral,Desktop,West,18-24,100K+,Savings Account,1,4,964,Lead Form Submitted,1,1,1,1,1,,,0,1,1
2015,S002016,U001987,2025-02-22 18:10:11,2025-02-22,Direct,Mobile,East,45-54,25K-50K,Credit Card,0,7,1060,Product Page Viewed,1,0,0,0,0,Product Page Viewed,Comparing alternatives,30624,2,8
2016,S002017,U001212,2025-02-20 12:13:37,2025-02-20,Organic Search,Mobile,East,25-34,50K-100K,Credit Card,0,10,845,Product Page Viewed,1,0,0,0,0,Product Page Viewed,Technical issue,39827,2,8
2017,S002018,U001053,2025-02-28 15:26:04,2025-02-28,Referral,Mobile,West,35-44,Below 25K,Insurance Plan,1,6,948,Product Page Viewed,1,0,0,0,0,Product Page Viewed,Technical issue,9087,2,9
2018,S002019,U000772,2025-01-31 21:37:51,2025-01-31,Direct,Mobile,North,25-34,50K-100K,Personal Loan,0,6,1026,Lead Form Submitted,1,1,1,1,1,,,0,1,5
2019,S002020,U001407,2025-01-16 21:41:21,2025-01-16,Email,Desktop,West,45-54,Below 25K,Savings Account,0,7,1044,Product Page Viewed,1,0,0,0,0,Product Page Viewed,Technical issue,16116,1,3
2020,S002021,U001769,2025-04-13 01:48:36,2025-04-13,Direct,Desktop,North,35-44,100K+,Personal Loan,0,5,795,Product Page Viewed,1,0,0,0,0,Product Page Viewed,Unclear product value,128610,4,15
2021,S002022,U000065,2025-05-08 07:30:39,2025-05-08,Paid Ads,Mobile,North,35-44,Below 25K,Credit Card,0,10,225,Website Visit,0,0,0,0,0,Website Visit,Immediate bounce,32186,5,19
2022,S002023,U001728,2025-02-16 14:53:14,2025-02-16,Organic Search,Mobile,South,55+,25K-50K,Credit Card,0,5,99,CTA Clicked,1,1,1,0,0,CTA Clicked,Privacy concern,23155,2,7
2023,S002024,U000476,2025-01-04 02:45:57,2025-01-04,Direct,Mobile,West,18-24,50K-100K,Personal Loan,1,11,357,Product Page Viewed,1,0,0,0,0,Product Page Viewed,Unclear product value,142495,1,1
2024,S002025,U000840,2025-02-24 12:26:10,2025-02-24,Referral,Mobile,Central,55+,Below 25K,Personal Loan,1,10,83,Product Page Viewed,1,0,0,0,0,Product Page Viewed,Technical issue,95288,2,9
2025,S002026,U001591,2025-04-28 19:27:43,2025-04-28,Paid Ads,Mobile,South,35-44,Below 25K,Personal Loan,0,11,386,CTA Clicked,1,1,1,0,0,CTA Clicked,Form looked too long,105993,4,18
2026,S002027,U001471,2025-03-22 16:30:55,2025-03-22,Referral,Mobile,East,25-34,100K+,Personal Loan,1,11,372,Calculator Used,1,1,0,0,0,Calculator Used,Comparing alternatives,63383,3,12
2027,S002028,U000221,2025-05-03 08:12:19,2025-05-03,Organic Search,Mobile,East,35-44,100K+,Personal Loan,1,3,266,Lead Form Submitted,1,1,1,1,1,,,0,5,18
2028,S002029,U001383,2025-03-07 09:25:49,2025-03-07,Referral,Mobile,South,18-24,50K-100K,Credit Card,0,6,624,Lead Form Submitted,1,1,1,1,1,,,0,3,10
2029,S002030,U000385,2025-04-05 14:22:08,2025-04-05,Direct,Desktop,East,45-54,Below 25K,Savings Account,0,12,403,Product Page Viewed,1,0,0,0,0,Product Page Viewed,Comparing alternatives,16807,4,14
2030,S002031,U000472,2025-04-16 10:02:30,2025-04-16,Paid Ads,Desktop,South,55+,25K-50K,Credit Card,0,5,608,Product Page Viewed,1,0,0,0,0,Product Page Viewed,High interest-rate concern,17496,4,16
2031,S002032,U001747,2025-04-28 11:32:23,2025-04-28,Direct,Mobile,Central,35-44,25K-50K,Insurance Plan,0,6,1073,Product Page Viewed,1,0,0,0,0,Product Page Viewed,High interest-rate concern,7812,4,18
2032,S002033,U001241,2025-05-27 08:21:48,2025-05-27,Email,Mobile,Central,25-34,50K-100K,Personal Loan,1,6,788,Calculator Used,1,1,0,0,0,Calculator Used,Calculator result not attractive,101242,5,22
2033,S002034,U001439,2025-03-15 17:19:42,2025-03-15,Paid Ads,Mobile,West,25-34,25K-50K,Credit Card,0,5,789,Website Visit,0,0,0,0,0,Website Visit,Immediate bounce,23145,3,11
2034,S002035,U001381,2025-06-19 07:11:03,2025-06-19,Referral,Mobile,East,35-44,50K-100K,Savings Account,0,4,475,Calculator Used,1,1,0,0,0,Calculator Used,Comparing alternatives,10789,6,25
2035,S002036,U001492,2025-04-19 08:03:39,2025-04-19,Email,Desktop,North,25-34,25K-50K,Personal Loan,0,6,735,Lead Form Submitted,1,1,1,1,1,,,0,4,16
2036,S002037,U000591,2025-05-31 09:02:38,2025-05-31,Email,Tablet,East,25-34,50K-100K,Savings Account,0,8,449,Product Page Viewed,1,0,0,0,0,Product Page Viewed,Comparing alternatives,20758,5,22
2037,S002038,U000636,2025-05-02 09:38:50,2025-05-02,Direct,Mobile,South,45-54,25K-50K,Savings Account,1,5,816,Product Page Viewed,1,0,0,0,0,Product Page Viewed,Technical issue,13527,5,18
2038,S002039,U001847,2025-01-03 07:35:44,2025-01-03,Organic Search,Tablet,North,55+,Below 25K,Credit Card,1,8,829,Website Visit,0,0,0,0,0,Website Visit,Immediate bounce,18220,1,1
2039,S002040,U000515,2025-02-12 11:22:18,2025-02-12,Organic Search,Mobile,South,25-34,25K-50K,Credit Card,1,11,100,Lead Form Started,1,1,1,1,0,Lead Form Started,Technical issue,24107,2,7
2040,S002041,U000158,2025-06-05 08:03:30,2025-06-05,Organic Search,Desktop,West,55+,50K-100K,Insurance Plan,0,10,214,Product Page Viewed,1,0,0,0,0,Product Page Viewed,High interest-rate concern,5860,6,23
2041,S002042,U000783,2025-04-09 07:28:04,2025-04-09,Referral,Mobile,West,45-54,Below 25K,Credit Card,0,5,841,CTA Clicked,1,1,1,0,0,CTA Clicked,Technical issue,39332,4,15
2042,S002043,U001816,2025-02-12 01:23:48,2025-02-12,Paid Ads,Desktop,West,55+,50K-100K,Credit Card,1,11,1019,Product Page Viewed,1,0,0,0,0,Product Page Viewed,Comparing alternatives,26560,2,7
2043,S002044,U001061,2025-03-15 14:21:21,2025-03-15,Organic Search,Mobile,North,45-54,Below 25K,Personal Loan,1,9,652,Lead Form Submitted,1,1,1,1,1,,,0,3,11
2044,S002045,U001773,2025-01-30 13:53:23,2025-01-30,Email,Tablet,West,35-44,50K-100K,Personal Loan,1,5,335,Product Page Viewed,1,0,0,0,0,Product Page Viewed,High interest-rate concern,147671,1,5
2045,S002046,U000613,2025-02-11 10:24:13,2025-02-11,Direct,Desktop,West,45-54,25K-50K,Insurance Plan,1,4,67,Product Page Viewed,1,0,0,0,0,Product Page Viewed,High interest-rate concern,5786,2,7
2046,S002047,U001300,2025-02-03 06:28:23,2025-02-03,Direct,Desktop,North,35-44,25K-50K,Savings Account,0,11,940,Lead Form Submitted,1,1,1,1,1,,,0,2,6
2047,S002048,U000301,2025-01-21 17:47:57,2025-01-21,Direct,Desktop,Central,35-44,25K-50K,Credit Card,0,7,623,Lead Form Submitted,1,1,1,1,1,,,0,1,4
2048,S002049,U001371,2025-01-12 15:37:55,2025-01-12,Social Media,Desktop,Central,25-34,Below 25K,Savings Account,0,4,1153,Product Page Viewed,1,0,0,0,0,Product Page Viewed,Technical issue,15332,1,2
2049,S002050,U001596,2025-05-24 18:20:48,2025-05-24,Email,Mobile,East,35-44,100K+,Credit Card,0,10,510,Lead Form Submitted,1,1,1,1,1,,,0,5,21
2050,S002051,U001075,2025-01-27 08:04:34,2025-01-27,Direct,Mobile,North,18-24,50K-100K,Personal Loan,0,11,1187,Product Page Viewed,1,0,0,0,0,Product Page Viewed,Unclear product value,73010,1,5
2051,S002052,U000451,2025-05-24 23:05:18,2025-05-24,Direct,Mobile,Central,25-34,100K+,Credit Card,0,11,907,Calculator Used,1,1,0,0,0,Calculator Used,Technical issue,25118,5,21
2052,S002053,U001821,2025-06-28 22:08:41,2025-06-28,Email,Mobile,East,25-34,100K+,Personal Loan,0,5,84,Product Page Viewed,1,0,0,0,0,Product Page Viewed,Technical issue,156054,6,26
2053,S002054,U000418,2025-02-20 15:29:53,2025-02-20,Email,Desktop,Central,35-44,100K+,Savings Account,0,5,49,CTA Clicked,1,1,1,0,0,CTA Clicked,Not ready to apply,12971,2,8
2054,S002055,U001634,2025-01-25 18:11:02,2025-01-25,Referral,Mobile,South,45-54,25K-50K,Savings Account,1,8,294,Lead Form Submitted,1,1,1,1,1,,,0,1,4
2055,S002056,U000646,2025-01-02 06:48:46,2025-01-02,Direct,Mobile,Central,45-54,25K-50K,Personal Loan,0,7,844,Lead Form Started,1,1,1,1,0,Lead Form Started,Document requirement concern,132464,1,1
2056,S002057,U000964,2025-02-24 17:46:43,2025-02-24,Organic Search,Mobile,South,55+,Below 25K,Personal Loan,1,9,178,Lead Form Submitted,1,1,1,1,1,,,0,2,9
2057,S002058,U001536,2025-04-16 04:14:26,2025-04-16,Paid Ads,Tablet,North,25-34,Below 25K,Credit Card,0,10,667,Product Page Viewed,1,0,0,0,0,Product Page Viewed,Comparing alternatives,22686,4,16
2058,S002059,U000977,2025-02-13 00:30:46,2025-02-13,Organic Search,Desktop,West,45-54,25K-50K,Personal Loan,1,9,462,Calculator Used,1,1,0,0,0,Calculator Used,Technical issue,157676,2,7
2059,S002060,U001555,2025-03-19 02:20:50,2025-03-19,Email,Mobile,Central,25-34,25K-50K,Personal Loan,0,5,458,Product Page Viewed,1,0,0,0,0,Product Page Viewed,Unclear product value,127098,3,12
2060,S002061,U001010,2025-05-05 21:02:27,2025-05-05,Paid Ads,Mobile,North,18-24,50K-100K,Credit Card,0,4,944,Product Page Viewed,1,0,0,0,0,Product Page Viewed,Technical issue,15993,5,19
2061,S002062,U000070,2025-04-19 08:02:02,2025-04-19,Direct,Mobile,East,25-34,25K-50K,Insurance Plan,1,2,923,Product Page Viewed,1,0,0,0,0,Product Page Viewed,High interest-rate concern,7119,4,16
2062,S002063,U001207,2025-01-30 17:44:59,2025-01-30,Referral,Desktop,North,55+,Below 25K,Insurance Plan,0,8,922,Lead Form Started,1,1,1,1,0,Lead Form Started,Too many required fields,10445,1,5
2063,S002064,U001648,2025-02-21 02:25:03,2025-02-21,Direct,Desktop,West,25-34,25K-50K,Savings Account,0,10,401,Product Page Viewed,1,0,0,0,0,Product Page Viewed,High interest-rate concern,11727,2,8
2064,S002065,U000324,2025-02-03 17:08:46,2025-02-03,Paid Ads,Mobile,Central,35-44,50K-100K,Credit Card,0,7,1022,Lead Form Started,1,1,1,1,0,Lead Form Started,Document requirement concern,28981,2,6
2065,S002066,U001021,2025-05-21 16:34:12,2025-05-21,Social Media,Desktop,North,45-54,25K-50K,Personal Loan,0,4,531,Product Page Viewed,1,0,0,0,0,Product Page Viewed,Unclear product value,114814,5,21
2066,S002067,U000683,2025-04-07 15:24:10,2025-04-07,Paid Ads,Tablet,West,35-44,50K-100K,Savings Account,0,4,957,Website Visit,0,0,0,0,0,Website Visit,Immediate bounce,18419,4,15
2067,S002068,U000018,2025-06-15 22:25:00,2025-06-15,Email,Desktop,South,35-44,50K-100K,Savings Account,1,1,697,Product Page Viewed,1,0,0,0,0,Product Page Viewed,Comparing alternatives,16516,6,24
2068,S002069,U001572,2025-05-11 22:09:01,2025-05-11,Direct,Desktop,North,45-54,50K-100K,Savings Account,0,2,170,Lead Form Submitted,1,1,1,1,1,,,0,5,19
2069,S002070,U001124,2025-05-26 08:31:39,2025-05-26,Paid Ads,Desktop,North,18-24,50K-100K,Credit Card,0,2,1053,Product Page Viewed,1,0,0,0,0,Product Page Viewed,Comparing alternatives,18128,5,22
2070,S002071,U000402,2025-03-03 05:11:02,2025-03-03,Organic Search,Mobile,Central,35-44,25K-50K,Credit Card,1,6,1163,Product Page Viewed,1,0,0,0,0,Product Page Viewed,High interest-rate concern,37487,3,10
2071,S002072,U001453,2025-04-09 02:22:53,2025-04-09,Direct,Mobile,South,25-34,100K+,Credit Card,0,3,20,Lead Form Started,1,1,1,1,0,Lead Form Started,Too many required fields,16876,4,15
2072,S002073,U000354,2025-01-04 22:12:42,2025-01-04,Email,Mobile,North,35-44,25K-50K,Insurance Plan,0,10,877,Calculator Used,1,1,0,0,0,Calculator Used,Comparing alternatives,9075,1,1
2073,S002074,U000726,2025-04-13 16:40:06,2025-04-13,Referral,Desktop,North,55+,50K-100K,Insurance Plan,1,3,1185,Lead Form Submitted,1,1,1,1,1,,,0,4,15
2074,S002075,U001688,2025-03-16 00:09:00,2025-03-16,Direct,Mobile,South,45-54,25K-50K,Personal Loan,0,6,717,Lead Form Started,1,1,1,1,0,Lead Form Started,Document requirement concern,74546,3,11
2075,S002076,U000327,2025-03-12 22:50:47,2025-03-12,Organic Search,Mobile,West,25-34,50K-100K,Credit Card,1,7,528,Lead Form Started,1,1,1,1,0,Lead Form Started,Technical issue,16467,3,11
2076,S002077,U001998,2025-05-21 21:03:01,2025-05-21,Paid Ads,Mobile,East,25-34,50K-100K,Credit Card,0,12,411,Product Page Viewed,1,0,0,0,0,Product Page Viewed,Technical issue,31223,5,21
2077,S002078,U001745,2025-04-25 10:42:23,2025-04-25,Organic Search,Mobile,East,25-34,Below 25K,Personal Loan,0,10,415,Website Visit,0,0,0,0,0,Website Visit,Slow page load,123212,4,17
2078,S002079,U001926,2025-02-08 04:53:45,2025-02-08,Organic Search,Tablet,Central,35-44,50K-100K,Credit Card,0,12,577,Lead Form Started,1,1,1,1,0,Lead Form Started,Too many required fields,21739,2,6
2079,S002080,U001489,2025-05-04 14:05:12,2025-05-04,Organic Search,Mobile,Central,35-44,Below 25K,Credit Card,0,6,593,Product Page Viewed,1,0,0,0,0,Product Page Viewed,Technical issue,19352,5,18
2080,S002081,U000925,2025-02-24 19:36:36,2025-02-24,Paid Ads,Desktop,Central,35-44,Below 25K,Personal Loan,1,10,804,Product Page Viewed,1,0,0,0,0,Product Page Viewed,High interest-rate concern,140342,2,9
2081,S002082,U001609,2025-01-30 20:53:10,2025-01-30,Referral,Mobile,East,18-24,50K-100K,Credit Card,0,8,1182,Lead Form Submitted,1,1,1,1,1,,,0,1,5
2082,S002083,U000472,2025-02-28 08:44:16,2025-02-28,Email,Mobile,East,35-44,100K+,Credit Card,1,6,589,Website Visit,0,0,0,0,0,Website Visit,Immediate bounce,17623,2,9
2083,S002084,U000170,2025-05-18 01:45:06,2025-05-18,Paid Ads,Mobile,South,25-34,25K-50K,Savings Account,1,12,843,Calculator Used,1,1,0,0,0,Calculator Used,Comparing alternatives,14600,5,20
2084,S002085,U000623,2025-06-23 11:59:58,2025-06-23,Email,Tablet,West,35-44,50K-100K,Credit Card,1,12,531,Calculator Used,1,1,0,0,0,Calculator Used,Required information unavailable,19390,6,26
2085,S002086,U001547,2025-06-01 14:08:36,2025-06-01,Email,Desktop,West,35-44,25K-50K,Personal Loan,0,5,702,Calculator Used,1,1,0,0,0,Calculator Used,Technical issue,69451,6,22
2086,S002087,U001207,2025-03-06 21:18:08,2025-03-06,Organic Search,Mobile,West,45-54,50K-100K,Credit Card,0,6,550,Product Page Viewed,1,0,0,0,0,Product Page Viewed,High interest-rate concern,35236,3,10
2087,S002088,U000244,2025-01-19 12:58:58,2025-01-19,Social Media,Desktop,South,35-44,25K-50K,Personal Loan,1,5,913,Calculator Used,1,1,0,0,0,Calculator Used,Calculator result not attractive,113005,1,3
2088,S002089,U000764,2025-04-20 13:36:15,2025-04-20,Email,Desktop,South,45-54,25K-50K,Credit Card,0,2,711,Product Page Viewed,1,0,0,0,0,Product Page Viewed,Technical issue,16252,4,16
2089,S002090,U001828,2025-01-01 13:07:01,2025-01-01,Paid Ads,Desktop,East,35-44,100K+,Personal Loan,1,12,1038,Calculator Used,1,1,0,0,0,Calculator Used,Comparing alternatives,63275,1,1
2090,S002091,U000265,2025-05-20 08:27:30,2025-05-20,Direct,Tablet,West,35-44,Below 25K,Savings Account,0,3,117,Calculator Used,1,1,0,0,0,Calculator Used,Technical issue,19521,5,21
2091,S002092,U001263,2025-02-14 03:02:49,2025-02-14,Paid Ads,Mobile,West,25-34,25K-50K,Credit Card,0,8,1017,Product Page Viewed,1,0,0,0,0,Product Page Viewed,High interest-rate concern,37051,2,7
2092,S002093,U000696,2025-05-19 16:24:15,2025-05-19,Organic Search,Mobile,North,25-34,50K-100K,Savings Account,0,1,830,CTA Clicked,1,1,1,0,0,CTA Clicked,Not ready to apply,10055,5,21
2093,S002094,U001281,2025-01-08 14:54:11,2025-01-08,Social Media,Mobile,North,25-34,25K-50K,Savings Account,0,7,697,Product Page Viewed,1,0,0,0,0,Product Page Viewed,Comparing alternatives,14356,1,2
2094,S002095,U001710,2025-05-30 13:41:28,2025-05-30,Referral,Desktop,South,25-34,25K-50K,Personal Loan,0,12,613,Lead Form Submitted,1,1,1,1,1,,,0,5,22
2095,S002096,U001089,2025-01-14 07:05:03,2025-01-14,Direct,Mobile,South,25-34,100K+,Personal Loan,1,8,318,Product Page Viewed,1,0,0,0,0,Product Page Viewed,High interest-rate concern,82540,1,3
2096,S002097,U000065,2025-04-11 20:15:53,2025-04-11,Paid Ads,Mobile,East,18-24,25K-50K,Credit Card,0,2,696,Calculator Used,1,1,0,0,0,Calculator Used,Calculator result not attractive,18304,4,15
2097,S002098,U001982,2025-04-22 04:32:41,2025-04-22,Paid Ads,Desktop,West,25-34,100K+,Insurance Plan,1,8,995,Product Page Viewed,1,0,0,0,0,Product Page Viewed,Comparing alternatives,7248,4,17
2098,S002099,U001372,2025-01-07 02:57:01,2025-01-07,Organic Search,Mobile,South,25-34,25K-50K,Savings Account,1,9,658,Calculator Used,1,1,0,0,0,Calculator Used,Required information unavailable,12139,1,2
2099,S002100,U002015,2025-06-16 00:59:41,2025-06-16,Direct,Mobile,South,25-34,25K-50K,Credit Card,0,11,524,Calculator Used,1,1,0,0,0,Calculator Used,Calculator result not attractive,34350,6,25
2100,S002101,U001670,2025-02-10 10:25:23,2025-02-10,Referral,Mobile,West,25-34,50K-100K,Insurance Plan,0,2,163,Lead Form Submitted,1,1,1,1,1,,,0,2,7
2101,S002102,U000783,2025-02-17 15:31:17,2025-02-17,Social Media,Mobile,North,35-44,25K-50K,Credit Card,0,2,561,Product Page Viewed,1,0,0,0,0,Product Page Viewed,Comparing alternatives,21575,2,8
2102,S002103,U001044,2025-04-29 16:10:27,2025-04-29,Direct,Mobile,East,25-34,Below 25K,Insurance Plan,1,2,503,Product Page Viewed,1,0,0,0,0,Product Page Viewed,Technical issue,6279,4,18
2103,S002104,U001103,2025-01-24 05:09:30,2025-01-24,Organic Search,Mobile,Central,55+,25K-50K,Savings Account,0,7,585,Product Page Viewed,1,0,0,0,0,Product Page Viewed,High interest-rate concern,13587,1,4
2104,S002105,U001939,2025-04-08 01:46:47,2025-04-08,Referral,Desktop,East,35-44,Below 25K,Insurance Plan,0,6,793,Lead Form Started,1,1,1,1,0,Lead Form Started,Technical issue,8720,4,15
2105,S002106,U000835,2025-02-18 00:55:01,2025-02-18,Paid Ads,Desktop,East,18-24,100K+,Credit Card,0,11,469,Lead Form Submitted,1,1,1,1,1,,,0,2,8
2106,S002107,U001505,2025-02-05 21:11:07,2025-02-05,Organic Search,Tablet,West,18-24,25K-50K,Credit Card,0,4,464,Product Page Viewed,1,0,0,0,0,Product Page Viewed,Unclear product value,36442,2,6
2107,S002108,U001934,2025-03-18 02:23:19,2025-03-18,Paid Ads,Desktop,West,25-34,50K-100K,Personal Loan,1,3,870,Lead Form Submitted,1,1,1,1,1,,,0,3,12
2108,S002109,U001657,2025-03-23 01:38:46,2025-03-23,Paid Ads,Mobile,South,25-34,100K+,Credit Card,0,5,584,Product Page Viewed,1,0,0,0,0,Product Page Viewed,High interest-rate concern,18909,3,12
2109,S002110,U001214,2025-03-13 14:22:49,2025-03-13,Organic Search,Mobile,Central,25-34,25K-50K,Personal Loan,0,5,699,Product Page Viewed,1,0,0,0,0,Product Page Viewed,Technical issue,77453,3,11
2110,S002111,U000531,2025-02-16 06:51:22,2025-02-16,Email,Mobile,West,18-24,100K+,Personal Loan,0,5,562,Calculator Used,1,1,0,0,0,Calculator Used,Required information unavailable,130706,2,7
2111,S002112,U001049,2025-01-22 05:44:53,2025-01-22,Paid Ads,Desktop,North,35-44,100K+,Insurance Plan,0,10,285,Product Page Viewed,1,0,0,0,0,Product Page Viewed,Technical issue,8160,1,4
2112,S002113,U001375,2025-03-14 18:35:43,2025-03-14,Direct,Desktop,East,25-34,50K-100K,Credit Card,0,8,628,Calculator Used,1,1,0,0,0,Calculator Used,Required information unavailable,22598,3,11
2113,S002114,U001943,2025-06-02 22:27:01,2025-06-02,Direct,Tablet,East,45-54,Below 25K,Credit Card,1,2,267,Product Page Viewed,1,0,0,0,0,Product Page Viewed,Technical issue,38391,6,23
2114,S002115,U000190,2025-02-19 17:20:05,2025-02-19,Organic Search,Mobile,South,55+,25K-50K,Personal Loan,0,9,943,Calculator Used,1,1,0,0,0,Calculator Used,Required information unavailable,157087,2,8
2115,S002116,U001638,2025-05-29 21:39:24,2025-05-29,Direct,Mobile,South,45-54,100K+,Personal Loan,0,4,924,Calculator Used,1,1,0,0,0,Calculator Used,Technical issue,152166,5,22
2116,S002117,U001682,2025-02-22 00:16:01,2025-02-22,Referral,Mobile,West,45-54,100K+,Credit Card,1,1,462,Lead Form Started,1,1,1,1,0,Lead Form Started,Technical issue,35648,2,8
2117,S002118,U001920,2025-05-09 08:13:41,2025-05-09,Organic Search,Desktop,Central,55+,Below 25K,Insurance Plan,0,8,360,Lead Form Submitted,1,1,1,1,1,,,0,5,19
2118,S002119,U001932,2025-06-15 09:46:32,2025-06-15,Direct,Mobile,East,55+,50K-100K,Credit Card,0,4,106,Product Page Viewed,1,0,0,0,0,Product Page Viewed,Unclear product value,17978,6,24
2119,S002120,U001894,2025-01-22 12:09:31,2025-01-22,Direct,Desktop,West,25-34,50K-100K,Savings Account,0,7,739,Lead Form Submitted,1,1,1,1,1,,,0,1,4
2120,S002121,U000710,2025-03-04 11:44:46,2025-03-04,Referral,Desktop,South,25-34,Below 25K,Personal Loan,1,6,730,Lead Form Started,1,1,1,1,0,Lead Form Started,Technical issue,121451,3,10
2121,S002122,U001086,2025-02-19 10:13:48,2025-02-19,Social Media,Mobile,East,35-44,50K-100K,Savings Account,0,1,460,Product Page Viewed,1,0,0,0,0,Product Page Viewed,Technical issue,13626,2,8
2122,S002123,U001732,2025-06-05 15:12:01,2025-06-05,Paid Ads,Mobile,North,45-54,50K-100K,Personal Loan,0,1,403,CTA Clicked,1,1,1,0,0,CTA Clicked,Form looked too long,103109,6,23
2123,S002124,U000683,2025-02-06 18:45:46,2025-02-06,Referral,Mobile,Central,18-24,50K-100K,Credit Card,0,12,99,Product Page Viewed,1,0,0,0,0,Product Page Viewed,Technical issue,31912,2,6
2124,S002125,U001269,2025-01-13 14:43:20,2025-01-13,Direct,Desktop,West,35-44,25K-50K,Credit Card,0,5,1050,Product Page Viewed,1,0,0,0,0,Product Page Viewed,Technical issue,28979,1,3
2125,S002126,U001033,2025-04-15 20:21:49,2025-04-15,Paid Ads,Mobile,South,25-34,Below 25K,Personal Loan,1,12,549,Product Page Viewed,1,0,0,0,0,Product Page Viewed,Unclear product value,150975,4,16
2126,S002127,U000864,2025-06-09 06:36:49,2025-06-09,Paid Ads,Desktop,West,25-34,100K+,Savings Account,0,7,1060,Website Visit,0,0,0,0,0,Website Visit,Slow page load,15505,6,24
2127,S002128,U001978,2025-02-16 10:56:15,2025-02-16,Organic Search,Desktop,Central,45-54,25K-50K,Personal Loan,0,8,467,Calculator Used,1,1,0,0,0,Calculator Used,Technical issue,108440,2,7
2128,S002129,U001419,2025-02-03 16:32:12,2025-02-03,Direct,Mobile,West,25-34,100K+,Personal Loan,0,10,515,Product Page Viewed,1,0,0,0,0,Product Page Viewed,Comparing alternatives,81155,2,6
2129,S002130,U002044,2025-03-10 15:39:10,2025-03-10,Paid Ads,Mobile,Central,45-54,50K-100K,Credit Card,0,2,457,Calculator Used,1,1,0,0,0,Calculator Used,Required information unavailable,37471,3,11
2130,S002131,U000461,2025-03-07 02:05:41,2025-03-07,Email,Mobile,South,55+,50K-100K,Personal Loan,0,5,1079,Lead Form Submitted,1,1,1,1,1,,,0,3,10
2131,S002132,U000715,2025-04-30 10:17:26,2025-04-30,Direct,Desktop,North,35-44,100K+,Credit Card,0,7,487,Product Page Viewed,1,0,0,0,0,Product Page Viewed,Unclear product value,15971,4,18
2132,S002133,U000392,2025-03-22 02:01:23,2025-03-22,Referral,Mobile,North,55+,50K-100K,Personal Loan,0,12,1012,CTA Clicked,1,1,1,0,0,CTA Clicked,Not ready to apply,112252,3,12
2133,S002134,U001833,2025-05-24 04:41:25,2025-05-24,Organic Search,Desktop,Central,25-34,50K-100K,Personal Loan,1,10,752,Product Page Viewed,1,0,0,0,0,Product Page Viewed,Unclear product value,104476,5,21
2134,S002135,U000395,2025-06-29 19:02:59,2025-06-29,Organic Search,Mobile,South,45-54,Below 25K,Personal Loan,0,6,240,Product Page Viewed,1,0,0,0,0,Product Page Viewed,Technical issue,66728,6,26
2135,S002136,U001458,2025-02-14 10:01:11,2025-02-14,Social Media,Desktop,West,25-34,50K-100K,Insurance Plan,0,4,813,Calculator Used,1,1,0,0,0,Calculator Used,Comparing alternatives,7780,2,7
2136,S002137,U002045,2025-04-01 02:37:14,2025-04-01,Organic Search,Mobile,North,25-34,50K-100K,Credit Card,0,7,927,Product Page Viewed,1,0,0,0,0,Product Page Viewed,High interest-rate concern,17498,4,14
2137,S002138,U000402,2025-02-12 14:11:36,2025-02-12,Referral,Mobile,East,25-34,25K-50K,Credit Card,0,1,580,Product Page Viewed,1,0,0,0,0,Product Page Viewed,Technical issue,38628,2,7
2138,S002139,U000478,2025-06-22 05:01:45,2025-06-22,Email,Desktop,South,35-44,100K+,Insurance Plan,0,11,541,Lead Form Submitted,1,1,1,1,1,,,0,6,25
2139,S002140,U000234,2025-05-02 10:50:12,2025-05-02,Organic Search,Mobile,Central,45-54,Below 25K,Credit Card,0,4,121,Product Page Viewed,1,0,0,0,0,Product Page Viewed,Comparing alternatives,31563,5,18
2140,S002141,U001397,2025-03-26 09:02:14,2025-03-26,Direct,Mobile,East,35-44,25K-50K,Personal Loan,0,6,552,Lead Form Submitted,1,1,1,1,1,,,0,3,13
2141,S002142,U001394,2025-03-12 15:13:27,2025-03-12,Paid Ads,Mobile,North,35-44,50K-100K,Insurance Plan,1,5,416,Product Page Viewed,1,0,0,0,0,Product Page Viewed,Technical issue,5317,3,11
2142,S002143,U001786,2025-05-04 23:11:54,2025-05-04,Direct,Desktop,North,25-34,25K-50K,Credit Card,0,1,722,Lead Form Submitted,1,1,1,1,1,,,0,5,18
2143,S002144,U002098,2025-01-09 23:43:50,2025-01-09,Direct,Mobile,East,18-24,100K+,Credit Card,0,12,488,Product Page Viewed,1,0,0,0,0,Product Page Viewed,Comparing alternatives,33428,1,2
2144,S002145,U000051,2025-01-26 14:15:57,2025-01-26,Email,Mobile,East,35-44,Below 25K,Savings Account,0,7,935,Lead Form Submitted,1,1,1,1,1,,,0,1,4
2145,S002146,U000854,2025-02-19 21:11:19,2025-02-19,Direct,Mobile,Central,25-34,25K-50K,Credit Card,0,4,1025,Lead Form Started,1,1,1,1,0,Lead Form Started,Document requirement concern,21966,2,8
2146,S002147,U001044,2025-05-11 11:59:06,2025-05-11,Email,Desktop,North,55+,25K-50K,Credit Card,0,8,1200,Product Page Viewed,1,0,0,0,0,Product Page Viewed,Technical issue,36052,5,19
2147,S002148,U000971,2025-02-23 04:09:42,2025-02-23,Direct,Desktop,West,25-34,50K-100K,Credit Card,1,1,1018,Calculator Used,1,1,0,0,0,Calculator Used,Required information unavailable,26776,2,8
2148,S002149,U001533,2025-06-08 21:19:11,2025-06-08,Direct,Mobile,North,35-44,25K-50K,Savings Account,0,7,164,Product Page Viewed,1,0,0,0,0,Product Page Viewed,Comparing alternatives,20907,6,23
2149,S002150,U000074,2025-05-15 06:56:49,2025-05-15,Organic Search,Desktop,South,18-24,25K-50K,Personal Loan,0,12,1057,Product Page Viewed,1,0,0,0,0,Product Page Viewed,Technical issue,66799,5,20
2150,S002151,U000565,2025-06-24 12:44:30,2025-06-24,Social Media,Mobile,South,45-54,100K+,Credit Card,0,12,1012,Lead Form Started,1,1,1,1,0,Lead Form Started,Document requirement concern,22255,6,26
2151,S002152,U001956,2025-04-07 10:50:30,2025-04-07,Referral,Tablet,North,25-34,50K-100K,Credit Card,1,10,950,Calculator Used,1,1,0,0,0,Calculator Used,Technical issue,28143,4,15
2152,S002153,U001582,2025-01-13 02:57:50,2025-01-13,Direct,Mobile,East,25-34,25K-50K,Savings Account,1,2,1128,Lead Form Submitted,1,1,1,1,1,,,0,1,3
2153,S002154,U002012,2025-06-01 21:08:10,2025-06-01,Direct,Mobile,North,35-44,25K-50K,Credit Card,0,3,694,Calculator Used,1,1,0,0,0,Calculator Used,Calculator result not attractive,19907,6,22
2154,S002155,U001907,2025-02-22 19:18:22,2025-02-22,Social Media,Mobile,North,45-54,Below 25K,Personal Loan,0,2,1185,Calculator Used,1,1,0,0,0,Calculator Used,Comparing alternatives,108622,2,8
2155,S002156,U000235,2025-05-03 18:33:15,2025-05-03,Paid Ads,Mobile,Central,35-44,100K+,Savings Account,1,4,695,Website Visit,0,0,0,0,0,Website Visit,Slow page load,18802,5,18
2156,S002157,U000328,2025-02-11 01:39:50,2025-02-11,Organic Search,Mobile,South,45-54,50K-100K,Credit Card,0,4,74,Product Page Viewed,1,0,0,0,0,Product Page Viewed,Comparing alternatives,27599,2,7
2157,S002158,U000588,2025-02-10 22:58:58,2025-02-10,Organic Search,Desktop,West,18-24,Below 25K,Savings Account,0,8,478,Calculator Used,1,1,0,0,0,Calculator Used,Technical issue,18356,2,7
2158,S002159,U002124,2025-05-19 06:10:18,2025-05-19,Paid Ads,Mobile,North,45-54,Below 25K,Personal Loan,0,11,1179,Product Page Viewed,1,0,0,0,0,Product Page Viewed,Unclear product value,137108,5,21
2159,S002160,U002107,2025-02-07 09:59:44,2025-02-07,Organic Search,Desktop,South,45-54,25K-50K,Personal Loan,0,4,316,Product Page Viewed,1,0,0,0,0,Product Page Viewed,High interest-rate concern,142270,2,6
2160,S002161,U001450,2025-06-10 08:09:56,2025-06-10,Referral,Mobile,East,18-24,25K-50K,Savings Account,1,10,994,Calculator Used,1,1,0,0,0,Calculator Used,Required information unavailable,20131,6,24
2161,S002162,U000709,2025-03-12 21:30:06,2025-03-12,Referral,Tablet,East,45-54,50K-100K,Credit Card,1,9,638,Product Page Viewed,1,0,0,0,0,Product Page Viewed,Comparing alternatives,24619,3,11
2162,S002163,U000125,2025-04-10 09:00:19,2025-04-10,Direct,Desktop,West,35-44,100K+,Credit Card,1,2,258,Product Page Viewed,1,0,0,0,0,Product Page Viewed,Comparing alternatives,17137,4,15
2163,S002164,U002076,2025-03-04 05:39:49,2025-03-04,Paid Ads,Desktop,North,35-44,Below 25K,Credit Card,0,2,1112,Website Visit,0,0,0,0,0,Website Visit,Immediate bounce,22191,3,10
2164,S002165,U000280,2025-03-11 11:13:12,2025-03-11,Referral,Desktop,Central,25-34,100K+,Insurance Plan,1,8,737,Lead Form Started,1,1,1,1,0,Lead Form Started,Technical issue,5023,3,11
2165,S002166,U001511,2025-04-25 17:51:10,2025-04-25,Social Media,Mobile,South,25-34,25K-50K,Personal Loan,0,8,259,Product Page Viewed,1,0,0,0,0,Product Page Viewed,High interest-rate concern,137511,4,17
2166,S002167,U000909,2025-01-02 20:01:52,2025-01-02,Direct,Desktop,South,25-34,50K-100K,Credit Card,0,5,968,Product Page Viewed,1,0,0,0,0,Product Page Viewed,Unclear product value,17338,1,1
2167,S002168,U000988,2025-02-11 04:18:42,2025-02-11,Direct,Mobile,Central,25-34,Below 25K,Personal Loan,0,7,723,Product Page Viewed,1,0,0,0,0,Product Page Viewed,Technical issue,145132,2,7
2168,S002169,U000928,2025-04-06 13:22:07,2025-04-06,Organic Search,Desktop,Central,35-44,50K-100K,Personal Loan,0,4,588,Lead Form Submitted,1,1,1,1,1,,,0,4,14
2169,S002170,U001038,2025-01-09 12:33:47,2025-01-09,Direct,Mobile,North,25-34,100K+,Credit Card,1,5,385,Product Page Viewed,1,0,0,0,0,Product Page Viewed,High interest-rate concern,29320,1,2
2170,S002171,U001233,2025-05-05 06:57:54,2025-05-05,Direct,Mobile,West,35-44,50K-100K,Insurance Plan,0,7,428,Product Page Viewed,1,0,0,0,0,Product Page Viewed,Comparing alternatives,7771,5,19
2171,S002172,U001345,2025-02-04 15:35:18,2025-02-04,Organic Search,Desktop,North,25-34,25K-50K,Savings Account,0,11,451,Product Page Viewed,1,0,0,0,0,Product Page Viewed,Unclear product value,14953,2,6
2172,S002173,U000086,2025-05-20 21:47:54,2025-05-20,Paid Ads,Tablet,North,25-34,Below 25K,Savings Account,1,8,342,Product Page Viewed,1,0,0,0,0,Product Page Viewed,Comparing alternatives,11777,5,21
2173,S002174,U000016,2025-03-26 10:41:59,2025-03-26,Direct,Mobile,East,45-54,25K-50K,Savings Account,0,1,89,Lead Form Submitted,1,1,1,1,1,,,0,3,13
2174,S002175,U000838,2025-01-07 10:58:27,2025-01-07,Organic Search,Desktop,South,25-34,50K-100K,Personal Loan,0,11,963,CTA Clicked,1,1,1,0,0,CTA Clicked,Not ready to apply,157918,1,2
2175,S002176,U001972,2025-06-21 10:41:50,2025-06-21,Direct,Mobile,North,18-24,Below 25K,Savings Account,0,4,361,Website Visit,0,0,0,0,0,Website Visit,Not ready to explore,22285,6,25
2176,S002177,U001847,2025-05-23 10:26:02,2025-05-23,Paid Ads,Desktop,Central,35-44,Below 25K,Insurance Plan,0,9,814,Calculator Used,1,1,0,0,0,Calculator Used,Comparing alternatives,10433,5,21
2177,S002178,U002010,2025-06-26 20:38:28,2025-06-26,Organic Search,Mobile,West,45-54,100K+,Insurance Plan,0,2,463,Product Page Viewed,1,0,0,0,0,Product Page Viewed,Technical issue,5957,6,26
2178,S002179,U001929,2025-04-10 14:05:39,2025-04-10,Paid Ads,Tablet,South,45-54,25K-50K,Personal Loan,0,5,871,CTA Clicked,1,1,1,0,0,CTA Clicked,Technical issue,124166,4,15
2179,S002180,U001697,2025-03-07 02:13:43,2025-03-07,Referral,Mobile,West,25-34,100K+,Savings Account,0,6,906,Calculator Used,1,1,0,0,0,Calculator Used,Comparing alternatives,17890,3,10
2180,S002181,U000249,2025-03-10 11:09:26,2025-03-10,Social Media,Mobile,East,18-24,25K-50K,Insurance Plan,0,11,1061,Website Visit,0,0,0,0,0,Website Visit,Landing page mismatch,10256,3,11
2181,S002182,U001763,2025-05-06 09:42:40,2025-05-06,Paid Ads,Tablet,West,25-34,25K-50K,Personal Loan,1,12,778,Website Visit,0,0,0,0,0,Website Visit,Not ready to explore,123499,5,19
2182,S002183,U001816,2025-04-12 19:06:44,2025-04-12,Social Media,Mobile,North,55+,50K-100K,Credit Card,0,8,974,Product Page Viewed,1,0,0,0,0,Product Page Viewed,Technical issue,22482,4,15
2183,S002184,U001795,2025-05-31 05:21:25,2025-05-31,Paid Ads,Desktop,East,25-34,100K+,Personal Loan,0,6,838,Product Page Viewed,1,0,0,0,0,Product Page Viewed,High interest-rate concern,71270,5,22
2184,S002185,U000228,2025-04-26 07:11:53,2025-04-26,Direct,Mobile,West,35-44,Below 25K,Credit Card,1,5,1163,Lead Form Submitted,1,1,1,1,1,,,0,4,17
2185,S002186,U000966,2025-04-20 15:39:59,2025-04-20,Email,Mobile,West,35-44,50K-100K,Credit Card,1,2,125,Product Page Viewed,1,0,0,0,0,Product Page Viewed,Unclear product value,17855,4,16
2186,S002187,U001796,2025-03-12 04:32:47,2025-03-12,Paid Ads,Desktop,South,45-54,50K-100K,Savings Account,0,11,432,Product Page Viewed,1,0,0,0,0,Product Page Viewed,Technical issue,21511,3,11
2187,S002188,U001598,2025-02-18 03:49:51,2025-02-18,Social Media,Mobile,East,45-54,Below 25K,Credit Card,0,12,549,Product Page Viewed,1,0,0,0,0,Product Page Viewed,Comparing alternatives,19191,2,8
2188,S002189,U000630,2025-05-28 06:41:36,2025-05-28,Social Media,Desktop,West,35-44,50K-100K,Personal Loan,0,3,318,Product Page Viewed,1,0,0,0,0,Product Page Viewed,High interest-rate concern,135564,5,22
2189,S002190,U000075,2025-02-01 05:23:17,2025-02-01,Organic Search,Tablet,West,25-34,50K-100K,Personal Loan,1,12,530,Lead Form Submitted,1,1,1,1,1,,,0,2,5
2190,S002191,U001988,2025-06-24 13:11:50,2025-06-24,Referral,Desktop,West,25-34,25K-50K,Personal Loan,0,3,128,Product Page Viewed,1,0,0,0,0,Product Page Viewed,Technical issue,75577,6,26
2191,S002192,U002114,2025-06-21 15:18:44,2025-06-21,Organic Search,Mobile,West,18-24,25K-50K,Savings Account,0,11,511,Lead Form Submitted,1,1,1,1,1,,,0,6,25
2192,S002193,U002139,2025-02-03 01:18:55,2025-02-03,Organic Search,Desktop,Central,25-34,50K-100K,Savings Account,0,7,930,Lead Form Submitted,1,1,1,1,1,,,0,2,6
2193,S002194,U001900,2025-04-13 22:06:07,2025-04-13,Referral,Mobile,Central,18-24,25K-50K,Personal Loan,0,5,192,Lead Form Submitted,1,1,1,1,1,,,0,4,15
2194,S002195,U000921,2025-06-12 10:36:08,2025-06-12,Direct,Desktop,West,45-54,25K-50K,Personal Loan,0,6,651,Lead Form Started,1,1,1,1,0,Lead Form Started,Technical issue,111155,6,24
2195,S002196,U001877,2025-06-02 22:45:40,2025-06-02,Paid Ads,Mobile,Central,35-44,25K-50K,Credit Card,1,2,257,Product Page Viewed,1,0,0,0,0,Product Page Viewed,Technical issue,27213,6,23
2196,S002197,U001816,2025-02-04 11:12:13,2025-02-04,Paid Ads,Mobile,East,18-24,50K-100K,Credit Card,1,11,724,Product Page Viewed,1,0,0,0,0,Product Page Viewed,High interest-rate concern,19595,2,6
2197,S002198,U001530,2025-03-07 11:29:28,2025-03-07,Direct,Mobile,South,35-44,100K+,Savings Account,0,10,579,Lead Form Submitted,1,1,1,1,1,,,0,3,10
2198,S002199,U000067,2025-05-02 10:29:06,2025-05-02,Email,Mobile,Central,45-54,50K-100K,Insurance Plan,0,11,476,CTA Clicked,1,1,1,0,0,CTA Clicked,Privacy concern,5502,5,18
2199,S002200,U002120,2025-06-02 14:25:25,2025-06-02,Organic Search,Mobile,North,35-44,50K-100K,Savings Account,0,11,507,Calculator Used,1,1,0,0,0,Calculator Used,Calculator result not attractive,10750,6,23
2200,S002201,U000640,2025-02-09 08:26:54,2025-02-09,Organic Search,Mobile,North,35-44,50K-100K,Personal Loan,0,5,508,Product Page Viewed,1,0,0,0,0,Product Page Viewed,Technical issue,110302,2,6
2201,S002202,U001272,2025-04-29 00:12:16,2025-04-29,Organic Search,Mobile,West,25-34,25K-50K,Insurance Plan,0,5,443,Calculator Used,1,1,0,0,0,Calculator Used,Required information unavailable,7676,4,18
2202,S002203,U000551,2025-04-19 13:28:45,2025-04-19,Email,Mobile,North,55+,25K-50K,Personal Loan,0,6,1032,Website Visit,0,0,0,0,0,Website Visit,Slow page load,139137,4,16
2203,S002204,U001396,2025-04-26 21:45:35,2025-04-26,Direct,Desktop,East,25-34,50K-100K,Personal Loan,0,1,1101,Product Page Viewed,1,0,0,0,0,Product Page Viewed,Unclear product value,122702,4,17
2204,S002205,U000797,2025-04-24 13:33:09,2025-04-24,Referral,Mobile,North,18-24,50K-100K,Savings Account,0,5,1187,Lead Form Submitted,1,1,1,1,1,,,0,4,17
2205,S002206,U001008,2025-05-16 00:59:53,2025-05-16,Direct,Desktop,South,25-34,50K-100K,Personal Loan,0,9,743,Lead Form Submitted,1,1,1,1,1,,,0,5,20
2206,S002207,U000629,2025-01-15 09:36:30,2025-01-15,Email,Desktop,South,35-44,100K+,Savings Account,1,10,773,Lead Form Submitted,1,1,1,1,1,,,0,1,3
2207,S002208,U001165,2025-01-18 09:16:13,2025-01-18,Social Media,Mobile,North,18-24,100K+,Personal Loan,0,8,632,Product Page Viewed,1,0,0,0,0,Product Page Viewed,Comparing alternatives,156826,1,3
2208,S002209,U001094,2025-05-06 21:05:35,2025-05-06,Paid Ads,Desktop,West,35-44,Below 25K,Credit Card,0,4,553,Product Page Viewed,1,0,0,0,0,Product Page Viewed,Comparing alternatives,36084,5,19
2209,S002210,U001651,2025-02-25 15:29:58,2025-02-25,Referral,Mobile,Central,45-54,25K-50K,Savings Account,1,4,713,Lead Form Submitted,1,1,1,1,1,,,0,2,9
2210,S002211,U000182,2025-05-05 07:41:38,2025-05-05,Referral,Desktop,West,55+,Below 25K,Insurance Plan,0,4,261,Calculator Used,1,1,0,0,0,Calculator Used,Technical issue,5548,5,19
2211,S002212,U000708,2025-03-21 18:46:50,2025-03-21,Organic Search,Mobile,Central,35-44,25K-50K,Credit Card,0,5,1098,Lead Form Started,1,1,1,1,0,Lead Form Started,Technical issue,39682,3,12
2212,S002213,U000988,2025-03-12 21:51:59,2025-03-12,Referral,Mobile,Central,25-34,50K-100K,Personal Loan,0,5,412,Lead Form Started,1,1,1,1,0,Lead Form Started,Technical issue,91244,3,11
2213,S002214,U000692,2025-04-30 16:20:47,2025-04-30,Organic Search,Mobile,West,25-34,50K-100K,Credit Card,1,7,188,Lead Form Submitted,1,1,1,1,1,,,0,4,18
2214,S002215,U000987,2025-02-02 16:14:14,2025-02-02,Organic Search,Desktop,South,25-34,Below 25K,Personal Loan,1,8,1006,CTA Clicked,1,1,1,0,0,CTA Clicked,Privacy concern,79676,2,5
2215,S002216,U000074,2025-06-29 19:17:41,2025-06-29,Organic Search,Mobile,West,35-44,25K-50K,Savings Account,0,10,1164,Product Page Viewed,1,0,0,0,0,Product Page Viewed,Comparing alternatives,20483,6,26
2216,S002217,U001604,2025-05-22 20:20:06,2025-05-22,Email,Mobile,West,45-54,50K-100K,Savings Account,0,12,347,Product Page Viewed,1,0,0,0,0,Product Page Viewed,Technical issue,15973,5,21
2217,S002218,U000284,2025-01-21 15:49:29,2025-01-21,Referral,Desktop,East,35-44,100K+,Personal Loan,0,5,42,Product Page Viewed,1,0,0,0,0,Product Page Viewed,Unclear product value,71050,1,4
2218,S002219,U000059,2025-04-02 04:14:30,2025-04-02,Email,Mobile,North,35-44,25K-50K,Credit Card,0,8,704,Lead Form Submitted,1,1,1,1,1,,,0,4,14
2219,S002220,U000489,2025-03-15 10:18:11,2025-03-15,Social Media,Tablet,South,35-44,25K-50K,Credit Card,0,8,313,Product Page Viewed,1,0,0,0,0,Product Page Viewed,Comparing alternatives,33318,3,11
2220,S002221,U001071,2025-04-02 07:05:30,2025-04-02,Direct,Mobile,East,45-54,50K-100K,Personal Loan,1,9,945,Product Page Viewed,1,0,0,0,0,Product Page Viewed,Unclear product value,118479,4,14
2221,S002222,U001652,2025-02-13 12:40:07,2025-02-13,Social Media,Mobile,South,45-54,Below 25K,Personal Loan,0,11,270,Product Page Viewed,1,0,0,0,0,Product Page Viewed,Technical issue,107899,2,7
2222,S002223,U000123,2025-04-01 15:13:42,2025-04-01,Referral,Desktop,South,25-34,25K-50K,Savings Account,1,6,742,Lead Form Submitted,1,1,1,1,1,,,0,4,14
2223,S002224,U001083,2025-02-06 02:55:02,2025-02-06,Referral,Mobile,West,25-34,50K-100K,Savings Account,0,1,1179,Lead Form Started,1,1,1,1,0,Lead Form Started,Session timeout,20130,2,6
2224,S002225,U002144,2025-05-26 07:27:01,2025-05-26,Organic Search,Mobile,Central,25-34,100K+,Savings Account,1,1,292,Lead Form Submitted,1,1,1,1,1,,,0,5,22
2225,S002226,U001279,2025-03-20 12:35:02,2025-03-20,Organic Search,Mobile,West,35-44,50K-100K,Savings Account,0,9,925,Product Page Viewed,1,0,0,0,0,Product Page Viewed,Technical issue,20860,3,12
2226,S002227,U000177,2025-01-31 17:20:29,2025-01-31,Organic Search,Desktop,South,45-54,25K-50K,Credit Card,1,6,782,Lead Form Submitted,1,1,1,1,1,,,0,1,5
2227,S002228,U001635,2025-03-30 17:09:35,2025-03-30,Social Media,Desktop,East,25-34,Below 25K,Savings Account,0,4,281,Product Page Viewed,1,0,0,0,0,Product Page Viewed,Comparing alternatives,16665,3,13
2228,S002229,U001404,2025-04-20 12:47:14,2025-04-20,Paid Ads,Desktop,North,25-34,25K-50K,Insurance Plan,0,11,977,Product Page Viewed,1,0,0,0,0,Product Page Viewed,Comparing alternatives,6252,4,16
2229,S002230,U001983,2025-03-04 05:58:16,2025-03-04,Direct,Desktop,North,18-24,50K-100K,Insurance Plan,0,3,508,Product Page Viewed,1,0,0,0,0,Product Page Viewed,Technical issue,4919,3,10
2230,S002231,U001746,2025-03-28 07:23:54,2025-03-28,Paid Ads,Desktop,North,45-54,Below 25K,Credit Card,1,12,31,Product Page Viewed,1,0,0,0,0,Product Page Viewed,High interest-rate concern,23793,3,13
2231,S002232,U001653,2025-04-03 15:00:20,2025-04-03,Organic Search,Desktop,East,45-54,50K-100K,Insurance Plan,0,11,173,CTA Clicked,1,1,1,0,0,CTA Clicked,Privacy concern,6921,4,14
2232,S002233,U001456,2025-02-24 05:03:45,2025-02-24,Organic Search,Mobile,Central,55+,25K-50K,Credit Card,0,10,995,Lead Form Submitted,1,1,1,1,1,,,0,2,9
2233,S002234,U000811,2025-04-29 23:08:15,2025-04-29,Email,Desktop,West,18-24,25K-50K,Personal Loan,0,5,126,Product Page Viewed,1,0,0,0,0,Product Page Viewed,Comparing alternatives,124023,4,18
2234,S002235,U000306,2025-01-27 11:06:34,2025-01-27,Email,Mobile,Central,35-44,25K-50K,Insurance Plan,1,6,701,Lead Form Submitted,1,1,1,1,1,,,0,1,5
2235,S002236,U000082,2025-02-01 03:58:03,2025-02-01,Organic Search,Mobile,South,35-44,Below 25K,Personal Loan,0,4,56,Calculator Used,1,1,0,0,0,Calculator Used,Comparing alternatives,106241,2,5
2236,S002237,U000910,2025-03-16 05:42:55,2025-03-16,Social Media,Tablet,North,45-54,50K-100K,Insurance Plan,0,7,118,Product Page Viewed,1,0,0,0,0,Product Page Viewed,High interest-rate concern,10041,3,11
2237,S002238,U000491,2025-04-29 16:18:06,2025-04-29,Organic Search,Desktop,East,45-54,25K-50K,Credit Card,0,1,566,Product Page Viewed,1,0,0,0,0,Product Page Viewed,Technical issue,18192,4,18
2238,S002239,U001706,2025-05-16 23:01:36,2025-05-16,Organic Search,Desktop,South,25-34,Below 25K,Savings Account,1,7,906,Product Page Viewed,1,0,0,0,0,Product Page Viewed,High interest-rate concern,19702,5,20
2239,S002240,U000575,2025-02-15 17:15:15,2025-02-15,Direct,Desktop,South,25-34,50K-100K,Personal Loan,0,1,700,Lead Form Submitted,1,1,1,1,1,,,0,2,7
2240,S002241,U001524,2025-03-31 07:13:47,2025-03-31,Email,Desktop,South,55+,50K-100K,Credit Card,1,4,936,Calculator Used,1,1,0,0,0,Calculator Used,Calculator result not attractive,22672,3,14
2241,S002242,U002013,2025-01-02 20:49:28,2025-01-02,Social Media,Mobile,North,25-34,Below 25K,Credit Card,1,6,856,Product Page Viewed,1,0,0,0,0,Product Page Viewed,Technical issue,30854,1,1
2242,S002243,U001369,2025-05-24 04:09:24,2025-05-24,Email,Mobile,West,35-44,50K-100K,Insurance Plan,0,2,779,Product Page Viewed,1,0,0,0,0,Product Page Viewed,Comparing alternatives,9261,5,21
2243,S002244,U000546,2025-03-02 10:10:19,2025-03-02,Direct,Mobile,East,45-54,50K-100K,Insurance Plan,0,7,955,Calculator Used,1,1,0,0,0,Calculator Used,Calculator result not attractive,7812,3,9
2244,S002245,U000716,2025-02-08 16:54:25,2025-02-08,Email,Mobile,North,25-34,50K-100K,Insurance Plan,0,2,893,Product Page Viewed,1,0,0,0,0,Product Page Viewed,Technical issue,10783,2,6
2245,S002246,U000485,2025-02-07 09:13:58,2025-02-07,Organic Search,Tablet,East,25-34,100K+,Personal Loan,1,4,1054,Product Page Viewed,1,0,0,0,0,Product Page Viewed,Comparing alternatives,105598,2,6
2246,S002247,U000182,2025-03-15 09:43:30,2025-03-15,Direct,Desktop,Central,25-34,50K-100K,Insurance Plan,0,4,1150,Product Page Viewed,1,0,0,0,0,Product Page Viewed,High interest-rate concern,4436,3,11
2247,S002248,U000194,2025-05-21 18:26:49,2025-05-21,Paid Ads,Desktop,West,55+,25K-50K,Savings Account,1,2,770,Calculator Used,1,1,0,0,0,Calculator Used,Calculator result not attractive,20607,5,21
2248,S002249,U000068,2025-05-09 08:07:42,2025-05-09,Organic Search,Mobile,North,45-54,25K-50K,Credit Card,1,7,211,CTA Clicked,1,1,1,0,0,CTA Clicked,Form looked too long,34001,5,19
2249,S002250,U001685,2025-02-08 01:32:08,2025-02-08,Paid Ads,Mobile,Central,45-54,50K-100K,Credit Card,0,9,668,Product Page Viewed,1,0,0,0,0,Product Page Viewed,Comparing alternatives,38440,2,6
2250,S002251,U001986,2025-02-02 06:25:54,2025-02-02,Email,Mobile,North,25-34,25K-50K,Savings Account,0,9,921,Product Page Viewed,1,0,0,0,0,Product Page Viewed,High interest-rate concern,22440,2,5
2251,S002252,U000502,2025-01-09 04:16:27,2025-01-09,Paid Ads,Desktop,South,35-44,50K-100K,Personal Loan,1,2,791,CTA Clicked,1,1,1,0,0,CTA Clicked,Form looked too long,99257,1,2
2252,S002253,U000135,2025-04-08 09:43:58,2025-04-08,Organic Search,Desktop,South,25-34,Below 25K,Personal Loan,0,9,365,Lead Form Submitted,1,1,1,1,1,,,0,4,15
2253,S002254,U001854,2025-06-29 11:38:04,2025-06-29,Organic Search,Desktop,South,55+,Below 25K,Savings Account,0,8,586,Product Page Viewed,1,0,0,0,0,Product Page Viewed,Unclear product value,12690,6,26
2254,S002255,U000735,2025-01-19 07:38:14,2025-01-19,Organic Search,Tablet,West,18-24,Below 25K,Insurance Plan,0,11,743,Calculator Used,1,1,0,0,0,Calculator Used,Technical issue,4467,1,3
2255,S002256,U000486,2025-01-21 23:57:49,2025-01-21,Direct,Mobile,South,55+,50K-100K,Personal Loan,0,10,1143,Product Page Viewed,1,0,0,0,0,Product Page Viewed,Technical issue,80622,1,4
2256,S002257,U000273,2025-02-04 01:38:51,2025-02-04,Organic Search,Mobile,East,45-54,Below 25K,Personal Loan,1,4,650,Website Visit,0,0,0,0,0,Website Visit,Immediate bounce,159614,2,6
2257,S002258,U000891,2025-04-09 02:28:31,2025-04-09,Paid Ads,Mobile,East,35-44,25K-50K,Credit Card,1,5,431,Product Page Viewed,1,0,0,0,0,Product Page Viewed,Comparing alternatives,25109,4,15
2258,S002259,U002043,2025-06-08 17:01:02,2025-06-08,Direct,Mobile,North,45-54,100K+,Credit Card,0,3,1189,Product Page Viewed,1,0,0,0,0,Product Page Viewed,Unclear product value,16846,6,23
2259,S002260,U000764,2025-03-15 23:52:07,2025-03-15,Organic Search,Mobile,East,45-54,25K-50K,Savings Account,0,11,365,Lead Form Submitted,1,1,1,1,1,,,0,3,11
2260,S002261,U000364,2025-06-17 05:39:51,2025-06-17,Direct,Desktop,Central,35-44,25K-50K,Savings Account,0,11,171,Lead Form Started,1,1,1,1,0,Lead Form Started,Session timeout,8976,6,25
2261,S002262,U001106,2025-02-02 14:00:37,2025-02-02,Direct,Mobile,North,35-44,25K-50K,Personal Loan,0,9,209,Lead Form Started,1,1,1,1,0,Lead Form Started,Technical issue,107288,2,5
2262,S002263,U000698,2025-01-31 03:46:15,2025-01-31,Referral,Desktop,South,25-34,100K+,Savings Account,0,5,1195,Product Page Viewed,1,0,0,0,0,Product Page Viewed,Technical issue,12486,1,5
2263,S002264,U001887,2025-02-07 18:47:16,2025-02-07,Direct,Mobile,Central,35-44,50K-100K,Insurance Plan,0,12,428,Website Visit,0,0,0,0,0,Website Visit,Immediate bounce,10766,2,6
2264,S002265,U000524,2025-03-23 03:15:32,2025-03-23,Paid Ads,Desktop,North,35-44,25K-50K,Credit Card,0,2,667,Website Visit,0,0,0,0,0,Website Visit,Not ready to explore,22288,3,12
2265,S002266,U000739,2025-03-07 14:20:44,2025-03-07,Paid Ads,Desktop,North,45-54,100K+,Personal Loan,0,11,909,Lead Form Submitted,1,1,1,1,1,,,0,3,10
2266,S002267,U001104,2025-05-19 01:49:26,2025-05-19,Social Media,Mobile,North,35-44,Below 25K,Savings Account,0,6,1040,Website Visit,0,0,0,0,0,Website Visit,Immediate bounce,17155,5,21
2267,S002268,U000682,2025-05-08 00:11:24,2025-05-08,Email,Desktop,West,35-44,25K-50K,Personal Loan,0,11,855,Product Page Viewed,1,0,0,0,0,Product Page Viewed,High interest-rate concern,99353,5,19
2268,S002269,U001835,2025-05-23 09:04:35,2025-05-23,Paid Ads,Desktop,West,35-44,25K-50K,Credit Card,1,12,563,CTA Clicked,1,1,1,0,0,CTA Clicked,Form looked too long,19938,5,21
2269,S002270,U000488,2025-02-27 18:43:04,2025-02-27,Organic Search,Mobile,Central,25-34,25K-50K,Personal Loan,0,12,1008,Calculator Used,1,1,0,0,0,Calculator Used,Required information unavailable,152058,2,9
2270,S002271,U001189,2025-02-05 14:39:07,2025-02-05,Direct,Mobile,West,35-44,50K-100K,Insurance Plan,1,10,584,Lead Form Submitted,1,1,1,1,1,,,0,2,6
2271,S002272,U001369,2025-05-12 01:38:08,2025-05-12,Direct,Mobile,North,25-34,25K-50K,Credit Card,0,3,1125,Product Page Viewed,1,0,0,0,0,Product Page Viewed,Technical issue,27931,5,20
2272,S002273,U000904,2025-05-22 15:13:41,2025-05-22,Organic Search,Desktop,West,25-34,50K-100K,Savings Account,0,5,272,Calculator Used,1,1,0,0,0,Calculator Used,Calculator result not attractive,10956,5,21
2273,S002274,U001025,2025-01-19 06:26:29,2025-01-19,Email,Mobile,North,25-34,50K-100K,Insurance Plan,1,4,1158,Lead Form Submitted,1,1,1,1,1,,,0,1,3
2274,S002275,U001575,2025-04-22 19:36:27,2025-04-22,Referral,Mobile,West,25-34,50K-100K,Personal Loan,0,2,87,Product Page Viewed,1,0,0,0,0,Product Page Viewed,Technical issue,66185,4,17
2275,S002276,U001630,2025-03-13 06:02:43,2025-03-13,Referral,Mobile,West,45-54,50K-100K,Personal Loan,1,4,617,Product Page Viewed,1,0,0,0,0,Product Page Viewed,Unclear product value,67979,3,11
2276,S002277,U000107,2025-06-24 10:16:07,2025-06-24,Email,Desktop,North,25-34,25K-50K,Personal Loan,1,8,950,Product Page Viewed,1,0,0,0,0,Product Page Viewed,Technical issue,92069,6,26
2277,S002278,U002033,2025-05-21 16:49:44,2025-05-21,Organic Search,Desktop,East,18-24,Below 25K,Personal Loan,0,2,999,Lead Form Submitted,1,1,1,1,1,,,0,5,21
2278,S002279,U000046,2025-02-27 14:06:31,2025-02-27,Paid Ads,Desktop,West,55+,50K-100K,Credit Card,0,5,775,Lead Form Submitted,1,1,1,1,1,,,0,2,9
2279,S002280,U001375,2025-02-21 08:03:24,2025-02-21,Direct,Desktop,West,18-24,100K+,Credit Card,0,1,1048,Calculator Used,1,1,0,0,0,Calculator Used,Required information unavailable,27179,2,8
2280,S002281,U001722,2025-01-13 15:11:43,2025-01-13,Organic Search,Desktop,Central,25-34,25K-50K,Insurance Plan,1,1,906,Product Page Viewed,1,0,0,0,0,Product Page Viewed,Technical issue,5021,1,3
2281,S002282,U001292,2025-03-25 00:08:07,2025-03-25,Direct,Desktop,South,18-24,25K-50K,Personal Loan,1,11,1015,Product Page Viewed,1,0,0,0,0,Product Page Viewed,Comparing alternatives,88004,3,13
2282,S002283,U001593,2025-01-02 15:01:46,2025-01-02,Direct,Desktop,South,25-34,25K-50K,Credit Card,0,2,853,CTA Clicked,1,1,1,0,0,CTA Clicked,Privacy concern,25826,1,1
2283,S002284,U000582,2025-05-11 03:22:28,2025-05-11,Direct,Mobile,West,18-24,25K-50K,Credit Card,1,2,23,CTA Clicked,1,1,1,0,0,CTA Clicked,Technical issue,35472,5,19
2284,S002285,U000183,2025-04-14 23:23:48,2025-04-14,Direct,Mobile,West,18-24,100K+,Savings Account,0,1,238,Product Page Viewed,1,0,0,0,0,Product Page Viewed,Technical issue,14767,4,16
2285,S002286,U001970,2025-06-25 10:08:31,2025-06-25,Email,Mobile,North,55+,Below 25K,Personal Loan,1,4,1144,Lead Form Started,1,1,1,1,0,Lead Form Started,Document requirement concern,150770,6,26
2286,S002287,U000152,2025-01-23 02:55:34,2025-01-23,Email,Desktop,West,25-34,25K-50K,Credit Card,0,1,433,CTA Clicked,1,1,1,0,0,CTA Clicked,Privacy concern,34349,1,4
2287,S002288,U000237,2025-04-12 02:57:09,2025-04-12,Organic Search,Mobile,West,55+,50K-100K,Personal Loan,1,2,984,Product Page Viewed,1,0,0,0,0,Product Page Viewed,Technical issue,92551,4,15
2288,S002289,U002142,2025-06-07 08:22:24,2025-06-07,Social Media,Mobile,West,45-54,100K+,Personal Loan,0,4,211,Website Visit,0,0,0,0,0,Website Visit,Immediate bounce,104386,6,23
2289,S002290,U000986,2025-05-10 06:40:28,2025-05-10,Organic Search,Desktop,West,55+,25K-50K,Savings Account,0,2,946,Website Visit,0,0,0,0,0,Website Visit,Not ready to explore,11796,5,19
2290,S002291,U000749,2025-01-05 16:17:19,2025-01-05,Organic Search,Desktop,East,45-54,50K-100K,Credit Card,0,9,1012,Product Page Viewed,1,0,0,0,0,Product Page Viewed,Technical issue,29751,1,1
2291,S002292,U002209,2025-04-10 12:01:20,2025-04-10,Organic Search,Mobile,South,35-44,100K+,Credit Card,0,9,1164,CTA Clicked,1,1,1,0,0,CTA Clicked,Not ready to apply,30218,4,15
2292,S002293,U000352,2025-04-24 05:40:01,2025-04-24,Paid Ads,Mobile,East,35-44,50K-100K,Personal Loan,0,3,274,Lead Form Started,1,1,1,1,0,Lead Form Started,Technical issue,158822,4,17
2293,S002294,U001147,2025-05-30 09:25:35,2025-05-30,Direct,Mobile,Central,45-54,100K+,Credit Card,1,11,314,Lead Form Submitted,1,1,1,1,1,,,0,5,22
2294,S002295,U000064,2025-02-11 08:40:48,2025-02-11,Organic Search,Mobile,Central,45-54,Below 25K,Credit Card,0,2,502,Product Page Viewed,1,0,0,0,0,Product Page Viewed,High interest-rate concern,35887,2,7
2295,S002296,U002102,2025-04-04 06:18:25,2025-04-04,Organic Search,Desktop,East,18-24,50K-100K,Savings Account,1,12,625,Product Page Viewed,1,0,0,0,0,Product Page Viewed,Unclear product value,15615,4,14
2296,S002297,U001642,2025-01-08 03:10:24,2025-01-08,Organic Search,Desktop,Central,18-24,25K-50K,Savings Account,1,7,151,CTA Clicked,1,1,1,0,0,CTA Clicked,Privacy concern,11986,1,2
2297,S002298,U000358,2025-03-06 18:55:35,2025-03-06,Organic Search,Tablet,West,55+,Below 25K,Personal Loan,0,2,844,Product Page Viewed,1,0,0,0,0,Product Page Viewed,Unclear product value,144617,3,10
2298,S002299,U000808,2025-06-17 00:10:36,2025-06-17,Referral,Mobile,Central,55+,50K-100K,Insurance Plan,0,7,655,Lead Form Started,1,1,1,1,0,Lead Form Started,Too many required fields,8329,6,25
2299,S002300,U000551,2025-02-26 18:24:37,2025-02-26,Paid Ads,Mobile,South,18-24,25K-50K,Personal Loan,0,3,453,Lead Form Submitted,1,1,1,1,1,,,0,2,9
2300,S002301,U000039,2025-05-18 01:01:30,2025-05-18,Social Media,Mobile,North,35-44,50K-100K,Credit Card,0,11,791,Product Page Viewed,1,0,0,0,0,Product Page Viewed,Technical issue,23816,5,20
2301,S002302,U000826,2025-06-16 21:19:11,2025-06-16,Social Media,Mobile,North,35-44,50K-100K,Savings Account,0,3,203,Lead Form Submitted,1,1,1,1,1,,,0,6,25
2302,S002303,U002066,2025-06-01 02:57:20,2025-06-01,Referral,Mobile,Central,25-34,100K+,Personal Loan,1,9,917,Lead Form Started,1,1,1,1,0,Lead Form Started,Technical issue,146934,6,22
2303,S002304,U001330,2025-05-13 18:48:17,2025-05-13,Organic Search,Mobile,Central,25-34,50K-100K,Savings Account,1,3,278,Lead Form Started,1,1,1,1,0,Lead Form Started,Session timeout,15454,5,20
2304,S002305,U002301,2025-01-09 01:07:43,2025-01-09,Direct,Mobile,Central,55+,100K+,Personal Loan,0,4,955,Product Page Viewed,1,0,0,0,0,Product Page Viewed,Unclear product value,102781,1,2
2305,S002306,U001100,2025-06-29 00:48:05,2025-06-29,Direct,Desktop,West,35-44,50K-100K,Personal Loan,0,4,783,Lead Form Started,1,1,1,1,0,Lead Form Started,Technical issue,146998,6,26
2306,S002307,U000566,2025-02-17 17:34:34,2025-02-17,Paid Ads,Desktop,North,18-24,50K-100K,Credit Card,0,12,526,Calculator Used,1,1,0,0,0,Calculator Used,Technical issue,22506,2,8
2307,S002308,U001320,2025-03-10 08:27:05,2025-03-10,Organic Search,Mobile,South,45-54,100K+,Insurance Plan,0,5,440,Product Page Viewed,1,0,0,0,0,Product Page Viewed,Comparing alternatives,7485,3,11
2308,S002309,U002050,2025-04-06 04:58:45,2025-04-06,Referral,Mobile,North,45-54,100K+,Insurance Plan,0,12,912,Product Page Viewed,1,0,0,0,0,Product Page Viewed,Unclear product value,9469,4,14
2309,S002310,U001270,2025-04-27 16:02:52,2025-04-27,Email,Mobile,Central,35-44,Below 25K,Credit Card,0,3,256,Lead Form Started,1,1,1,1,0,Lead Form Started,Document requirement concern,26188,4,17
2310,S002311,U000614,2025-05-21 20:59:43,2025-05-21,Referral,Desktop,East,25-34,100K+,Personal Loan,1,1,317,Product Page Viewed,1,0,0,0,0,Product Page Viewed,Unclear product value,143859,5,21
2311,S002312,U000662,2025-02-18 04:08:44,2025-02-18,Social Media,Desktop,East,35-44,100K+,Insurance Plan,1,2,532,Lead Form Started,1,1,1,1,0,Lead Form Started,Session timeout,7130,2,8
2312,S002313,U001451,2025-05-03 10:52:21,2025-05-03,Paid Ads,Mobile,Central,35-44,50K-100K,Savings Account,1,8,544,Product Page Viewed,1,0,0,0,0,Product Page Viewed,Unclear product value,20610,5,18
2313,S002314,U000755,2025-05-01 02:23:02,2025-05-01,Organic Search,Mobile,West,18-24,50K-100K,Credit Card,1,10,1115,Website Visit,0,0,0,0,0,Website Visit,Immediate bounce,39078,5,18
2314,S002315,U001098,2025-02-16 00:24:09,2025-02-16,Direct,Mobile,East,25-34,50K-100K,Personal Loan,0,6,118,Calculator Used,1,1,0,0,0,Calculator Used,Comparing alternatives,111791,2,7
2315,S002316,U000214,2025-05-03 02:38:44,2025-05-03,Organic Search,Mobile,West,35-44,50K-100K,Personal Loan,0,1,863,Product Page Viewed,1,0,0,0,0,Product Page Viewed,Comparing alternatives,97806,5,18
2316,S002317,U001672,2025-01-21 19:18:27,2025-01-21,Paid Ads,Mobile,North,25-34,Below 25K,Savings Account,0,5,1188,Product Page Viewed,1,0,0,0,0,Product Page Viewed,Unclear product value,14534,1,4
2317,S002318,U001290,2025-02-27 10:09:59,2025-02-27,Direct,Desktop,West,35-44,25K-50K,Insurance Plan,1,6,1104,Lead Form Submitted,1,1,1,1,1,,,0,2,9
2318,S002319,U002109,2025-04-17 00:35:08,2025-04-17,Direct,Desktop,South,18-24,Below 25K,Personal Loan,0,4,1143,Product Page Viewed,1,0,0,0,0,Product Page Viewed,Unclear product value,159830,4,16
2319,S002320,U001452,2025-06-23 17:41:35,2025-06-23,Direct,Mobile,Central,25-34,25K-50K,Insurance Plan,1,3,605,Website Visit,0,0,0,0,0,Website Visit,Slow page load,7129,6,26
2320,S002321,U001421,2025-01-17 01:34:10,2025-01-17,Direct,Mobile,West,45-54,50K-100K,Personal Loan,0,1,889,Lead Form Started,1,1,1,1,0,Lead Form Started,Technical issue,63787,1,3
2321,S002322,U000157,2025-06-08 00:45:28,2025-06-08,Email,Mobile,East,45-54,Below 25K,Personal Loan,1,5,986,Lead Form Submitted,1,1,1,1,1,,,0,6,23
2322,S002323,U000835,2025-05-27 14:07:37,2025-05-27,Referral,Desktop,North,18-24,Below 25K,Personal Loan,0,8,48,Product Page Viewed,1,0,0,0,0,Product Page Viewed,Comparing alternatives,128572,5,22
2323,S002324,U000165,2025-01-16 03:49:45,2025-01-16,Paid Ads,Mobile,South,55+,50K-100K,Personal Loan,0,11,37,Product Page Viewed,1,0,0,0,0,Product Page Viewed,Technical issue,102759,1,3
2324,S002325,U001449,2025-04-19 18:26:20,2025-04-19,Paid Ads,Desktop,West,35-44,50K-100K,Credit Card,0,9,473,CTA Clicked,1,1,1,0,0,CTA Clicked,Not ready to apply,37228,4,16
2325,S002326,U000900,2025-03-19 11:31:54,2025-03-19,Organic Search,Mobile,Central,18-24,50K-100K,Personal Loan,0,5,32,Calculator Used,1,1,0,0,0,Calculator Used,Comparing alternatives,107190,3,12
2326,S002327,U002090,2025-06-26 17:31:05,2025-06-26,Paid Ads,Mobile,West,25-34,50K-100K,Personal Loan,0,5,68,Website Visit,0,0,0,0,0,Website Visit,Landing page mismatch,128028,6,26
2327,S002328,U000670,2025-04-25 01:13:52,2025-04-25,Email,Tablet,Central,35-44,25K-50K,Credit Card,0,10,507,Product Page Viewed,1,0,0,0,0,Product Page Viewed,Unclear product value,24805,4,17
2328,S002329,U001884,2025-03-24 02:45:22,2025-03-24,Direct,Desktop,East,45-54,50K-100K,Personal Loan,0,7,331,Lead Form Submitted,1,1,1,1,1,,,0,3,13
2329,S002330,U001663,2025-01-15 02:07:03,2025-01-15,Paid Ads,Mobile,West,55+,25K-50K,Credit Card,1,7,724,Lead Form Submitted,1,1,1,1,1,,,0,1,3
2330,S002331,U002065,2025-04-27 06:14:51,2025-04-27,Paid Ads,Desktop,Central,35-44,100K+,Savings Account,0,8,149,Product Page Viewed,1,0,0,0,0,Product Page Viewed,Comparing alternatives,18394,4,17
2331,S002332,U001659,2025-03-22 15:32:08,2025-03-22,Paid Ads,Mobile,Central,25-34,25K-50K,Insurance Plan,0,5,469,Product Page Viewed,1,0,0,0,0,Product Page Viewed,Unclear product value,5408,3,12
2332,S002333,U001646,2025-05-07 08:10:30,2025-05-07,Direct,Mobile,North,55+,50K-100K,Credit Card,0,9,1015,Product Page Viewed,1,0,0,0,0,Product Page Viewed,Technical issue,29672,5,19
2333,S002334,U001918,2025-06-23 02:21:21,2025-06-23,Organic Search,Desktop,West,45-54,25K-50K,Credit Card,0,8,328,Product Page Viewed,1,0,0,0,0,Product Page Viewed,High interest-rate concern,30474,6,26
2334,S002335,U000965,2025-02-22 12:00:05,2025-02-22,Direct,Mobile,West,35-44,Below 25K,Savings Account,0,12,608,Calculator Used,1,1,0,0,0,Calculator Used,Comparing alternatives,9792,2,8
2335,S002336,U001238,2025-03-29 05:55:11,2025-03-29,Direct,Desktop,West,55+,25K-50K,Insurance Plan,0,4,1063,Lead Form Submitted,1,1,1,1,1,,,0,3,13
2336,S002337,U001226,2025-03-18 14:47:49,2025-03-18,Organic Search,Desktop,North,35-44,50K-100K,Credit Card,0,7,860,Lead Form Started,1,1,1,1,0,Lead Form Started,Technical issue,19315,3,12
2337,S002338,U001685,2025-06-17 10:19:55,2025-06-17,Social Media,Mobile,North,55+,25K-50K,Savings Account,1,2,737,Calculator Used,1,1,0,0,0,Calculator Used,Technical issue,11099,6,25
2338,S002339,U001173,2025-04-02 00:40:23,2025-04-02,Direct,Mobile,West,25-34,Below 25K,Credit Card,1,5,642,Website Visit,0,0,0,0,0,Website Visit,Immediate bounce,21445,4,14
2339,S002340,U002335,2025-04-04 04:02:14,2025-04-04,Email,Mobile,Central,25-34,Below 25K,Savings Account,0,5,680,Lead Form Submitted,1,1,1,1,1,,,0,4,14
2340,S002341,U002045,2025-05-04 14:52:57,2025-05-04,Organic Search,Desktop,East,25-34,25K-50K,Credit Card,0,1,189,Lead Form Submitted,1,1,1,1,1,,,0,5,18
2341,S002342,U000959,2025-05-10 22:06:14,2025-05-10,Referral,Desktop,Central,45-54,100K+,Personal Loan,0,10,769,Lead Form Submitted,1,1,1,1,1,,,0,5,19
2342,S002343,U000537,2025-03-11 01:46:13,2025-03-11,Social Media,Desktop,North,45-54,50K-100K,Savings Account,0,11,570,Product Page Viewed,1,0,0,0,0,Product Page Viewed,Unclear product value,15453,3,11
2343,S002344,U000758,2025-04-20 20:08:19,2025-04-20,Direct,Mobile,North,25-34,25K-50K,Credit Card,1,2,1117,Calculator Used,1,1,0,0,0,Calculator Used,Comparing alternatives,31145,4,16
2344,S002345,U001722,2025-01-23 07:55:16,2025-01-23,Email,Desktop,West,25-34,100K+,Insurance Plan,0,5,627,Lead Form Submitted,1,1,1,1,1,,,0,1,4
2345,S002346,U001800,2025-01-05 21:11:12,2025-01-05,Organic Search,Tablet,East,25-34,25K-50K,Personal Loan,0,12,684,Lead Form Started,1,1,1,1,0,Lead Form Started,Too many required fields,161742,1,1
2346,S002347,U001345,2025-06-25 11:41:27,2025-06-25,Email,Desktop,South,25-34,50K-100K,Credit Card,0,12,839,Product Page Viewed,1,0,0,0,0,Product Page Viewed,High interest-rate concern,17040,6,26
2347,S002348,U000596,2025-06-06 00:36:22,2025-06-06,Organic Search,Mobile,West,35-44,25K-50K,Credit Card,0,4,445,Calculator Used,1,1,0,0,0,Calculator Used,Technical issue,37356,6,23
2348,S002349,U000969,2025-06-15 02:35:21,2025-06-15,Referral,Mobile,West,45-54,25K-50K,Personal Loan,0,3,886,Product Page Viewed,1,0,0,0,0,Product Page Viewed,High interest-rate concern,80974,6,24
2349,S002350,U001417,2025-05-13 07:36:38,2025-05-13,Social Media,Tablet,Central,45-54,25K-50K,Credit Card,1,7,155,Calculator Used,1,1,0,0,0,Calculator Used,Technical issue,16176,5,20
2350,S002351,U000381,2025-01-13 15:17:15,2025-01-13,Direct,Desktop,West,45-54,50K-100K,Savings Account,0,3,550,Lead Form Submitted,1,1,1,1,1,,,0,1,3
2351,S002352,U001910,2025-02-12 09:47:20,2025-02-12,Email,Desktop,West,35-44,50K-100K,Personal Loan,1,3,1049,Lead Form Submitted,1,1,1,1,1,,,0,2,7
2352,S002353,U001654,2025-06-26 07:16:14,2025-06-26,Email,Mobile,West,35-44,50K-100K,Savings Account,0,1,946,Calculator Used,1,1,0,0,0,Calculator Used,Comparing alternatives,21972,6,26
2353,S002354,U000510,2025-04-03 04:11:25,2025-04-03,Paid Ads,Mobile,Central,25-34,100K+,Personal Loan,0,7,182,Calculator Used,1,1,0,0,0,Calculator Used,Technical issue,67690,4,14
2354,S002355,U002131,2025-02-09 13:43:26,2025-02-09,Social Media,Mobile,South,55+,25K-50K,Savings Account,0,10,1163,Product Page Viewed,1,0,0,0,0,Product Page Viewed,Technical issue,12715,2,6
2355,S002356,U001313,2025-03-10 20:02:26,2025-03-10,Direct,Mobile,South,18-24,25K-50K,Personal Loan,0,12,916,Calculator Used,1,1,0,0,0,Calculator Used,Technical issue,156061,3,11
2356,S002357,U001722,2025-06-14 23:07:59,2025-06-14,Referral,Mobile,West,35-44,25K-50K,Personal Loan,0,1,915,Calculator Used,1,1,0,0,0,Calculator Used,Comparing alternatives,97593,6,24
2357,S002358,U000251,2025-05-28 14:46:08,2025-05-28,Organic Search,Mobile,West,45-54,25K-50K,Credit Card,0,12,1098,Product Page Viewed,1,0,0,0,0,Product Page Viewed,Unclear product value,22088,5,22
2358,S002359,U000696,2025-05-22 09:14:43,2025-05-22,Social Media,Desktop,West,35-44,50K-100K,Personal Loan,0,8,559,Product Page Viewed,1,0,0,0,0,Product Page Viewed,High interest-rate concern,155668,5,21
2359,S002360,U002324,2025-02-17 07:49:01,2025-02-17,Email,Mobile,South,25-34,25K-50K,Savings Account,1,11,184,Product Page Viewed,1,0,0,0,0,Product Page Viewed,Technical issue,17342,2,8
2360,S002361,U001765,2025-06-21 05:46:51,2025-06-21,Direct,Mobile,North,45-54,25K-50K,Credit Card,0,4,1046,Product Page Viewed,1,0,0,0,0,Product Page Viewed,Comparing alternatives,37693,6,25
2361,S002362,U000854,2025-06-09 19:27:50,2025-06-09,Social Media,Mobile,East,25-34,25K-50K,Insurance Plan,0,2,993,Product Page Viewed,1,0,0,0,0,Product Page Viewed,Comparing alternatives,9823,6,24
2362,S002363,U001816,2025-06-21 23:53:52,2025-06-21,Social Media,Mobile,South,35-44,100K+,Personal Loan,1,12,1150,Calculator Used,1,1,0,0,0,Calculator Used,Comparing alternatives,158233,6,25
2363,S002364,U001100,2025-03-11 09:59:35,2025-03-11,Direct,Desktop,East,25-34,50K-100K,Personal Loan,0,10,561,Product Page Viewed,1,0,0,0,0,Product Page Viewed,Technical issue,140485,3,11
2364,S002365,U001456,2025-06-23 21:07:22,2025-06-23,Organic Search,Tablet,East,35-44,25K-50K,Personal Loan,0,2,200,CTA Clicked,1,1,1,0,0,CTA Clicked,Privacy concern,65971,6,26
2365,S002366,U000429,2025-02-03 21:46:08,2025-02-03,Social Media,Mobile,North,35-44,25K-50K,Credit Card,0,6,1196,Website Visit,0,0,0,0,0,Website Visit,Not ready to explore,27630,2,6
2366,S002367,U002259,2025-01-02 00:26:19,2025-01-02,Organic Search,Desktop,West,35-44,Below 25K,Personal Loan,1,2,584,Product Page Viewed,1,0,0,0,0,Product Page Viewed,Technical issue,79218,1,1
2367,S002368,U000828,2025-02-06 16:49:46,2025-02-06,Direct,Desktop,Central,25-34,50K-100K,Personal Loan,1,7,658,Product Page Viewed,1,0,0,0,0,Product Page Viewed,Comparing alternatives,77839,2,6
2368,S002369,U000325,2025-02-01 09:25:33,2025-02-01,Paid Ads,Mobile,South,45-54,25K-50K,Personal Loan,0,4,639,Product Page Viewed,1,0,0,0,0,Product Page Viewed,Comparing alternatives,76874,2,5
2369,S002370,U000657,2025-06-14 21:47:08,2025-06-14,Email,Mobile,East,18-24,25K-50K,Credit Card,0,2,395,Product Page Viewed,1,0,0,0,0,Product Page Viewed,Technical issue,30504,6,24
2370,S002371,U001406,2025-02-07 06:18:38,2025-02-07,Referral,Desktop,West,25-34,100K+,Personal Loan,1,8,16,Calculator Used,1,1,0,0,0,Calculator Used,Comparing alternatives,133204,2,6
2371,S002372,U002044,2025-01-31 21:08:06,2025-01-31,Paid Ads,Desktop,East,25-34,25K-50K,Savings Account,0,9,1146,Product Page Viewed,1,0,0,0,0,Product Page Viewed,High interest-rate concern,21354,1,5
2372,S002373,U000327,2025-06-14 08:54:41,2025-06-14,Social Media,Desktop,West,45-54,100K+,Credit Card,0,3,773,Product Page Viewed,1,0,0,0,0,Product Page Viewed,Technical issue,25411,6,24
2373,S002374,U001753,2025-02-05 11:21:08,2025-02-05,Organic Search,Mobile,South,55+,Below 25K,Savings Account,1,2,855,Lead Form Submitted,1,1,1,1,1,,,0,2,6
2374,S002375,U000815,2025-02-26 15:07:59,2025-02-26,Direct,Tablet,West,55+,25K-50K,Savings Account,1,6,995,Calculator Used,1,1,0,0,0,Calculator Used,Comparing alternatives,15822,2,9
2375,S002376,U001892,2025-01-14 23:40:27,2025-01-14,Organic Search,Tablet,East,55+,25K-50K,Insurance Plan,0,5,1050,Product Page Viewed,1,0,0,0,0,Product Page Viewed,Technical issue,8292,1,3
2376,S002377,U000968,2025-03-18 13:19:11,2025-03-18,Direct,Desktop,Central,25-34,25K-50K,Personal Loan,0,8,1088,Calculator Used,1,1,0,0,0,Calculator Used,Technical issue,142150,3,12
2377,S002378,U000800,2025-01-03 15:41:09,2025-01-03,Paid Ads,Mobile,North,55+,50K-100K,Personal Loan,0,6,701,Lead Form Started,1,1,1,1,0,Lead Form Started,Technical issue,147975,1,1
2378,S002379,U001165,2025-01-15 03:27:16,2025-01-15,Direct,Mobile,North,35-44,Below 25K,Insurance Plan,0,4,230,Website Visit,0,0,0,0,0,Website Visit,Slow page load,8511,1,3
2379,S002380,U001042,2025-05-15 21:10:00,2025-05-15,Referral,Mobile,South,25-34,100K+,Credit Card,1,6,373,Lead Form Started,1,1,1,1,0,Lead Form Started,Too many required fields,28694,5,20
2380,S002381,U000728,2025-01-31 08:25:53,2025-01-31,Direct,Desktop,East,35-44,25K-50K,Credit Card,0,10,20,Product Page Viewed,1,0,0,0,0,Product Page Viewed,High interest-rate concern,27314,1,5
2381,S002382,U002243,2025-02-05 04:14:59,2025-02-05,Organic Search,Desktop,East,25-34,25K-50K,Insurance Plan,0,2,277,Lead Form Submitted,1,1,1,1,1,,,0,2,6
2382,S002383,U001031,2025-02-21 12:00:29,2025-02-21,Social Media,Desktop,North,25-34,25K-50K,Credit Card,0,2,56,Product Page Viewed,1,0,0,0,0,Product Page Viewed,Unclear product value,36316,2,8
2383,S002384,U001989,2025-01-14 12:36:27,2025-01-14,Organic Search,Mobile,North,35-44,50K-100K,Personal Loan,0,3,727,Product Page Viewed,1,0,0,0,0,Product Page Viewed,Comparing alternatives,74502,1,3
2384,S002385,U000403,2025-04-25 10:05:37,2025-04-25,Paid Ads,Mobile,North,25-34,25K-50K,Savings Account,0,7,470,Lead Form Started,1,1,1,1,0,Lead Form Started,Session timeout,19496,4,17
2385,S002386,U001713,2025-02-09 10:09:05,2025-02-09,Direct,Mobile,West,25-34,50K-100K,Insurance Plan,0,5,1106,Product Page Viewed,1,0,0,0,0,Product Page Viewed,Unclear product value,4602,2,6
2386,S002387,U001706,2025-05-18 08:45:39,2025-05-18,Direct,Mobile,West,18-24,25K-50K,Personal Loan,0,12,1120,Website Visit,0,0,0,0,0,Website Visit,Not ready to explore,129415,5,20
2387,S002388,U000274,2025-03-30 23:09:59,2025-03-30,Organic Search,Mobile,North,35-44,25K-50K,Credit Card,0,1,967,Product Page Viewed,1,0,0,0,0,Product Page Viewed,Comparing alternatives,24756,3,13
2388,S002389,U001408,2025-01-09 15:40:15,2025-01-09,Email,Mobile,East,35-44,50K-100K,Savings Account,0,2,991,Lead Form Submitted,1,1,1,1,1,,,0,1,2
2389,S002390,U001434,2025-03-16 06:13:18,2025-03-16,Paid Ads,Desktop,South,25-34,25K-50K,Savings Account,0,1,306,Calculator Used,1,1,0,0,0,Calculator Used,Required information unavailable,22472,3,11
2390,S002391,U002053,2025-05-18 09:36:59,2025-05-18,Direct,Mobile,Central,35-44,100K+,Credit Card,1,4,211,Product Page Viewed,1,0,0,0,0,Product Page Viewed,Technical issue,25196,5,20
2391,S002392,U001729,2025-02-23 23:58:00,2025-02-23,Referral,Tablet,West,45-54,50K-100K,Personal Loan,1,6,219,Product Page Viewed,1,0,0,0,0,Product Page Viewed,Unclear product value,92644,2,8
2392,S002393,U000111,2025-05-03 20:28:25,2025-05-03,Email,Mobile,West,55+,50K-100K,Credit Card,0,11,192,Product Page Viewed,1,0,0,0,0,Product Page Viewed,Technical issue,36762,5,18
2393,S002394,U000405,2025-06-25 18:31:32,2025-06-25,Social Media,Mobile,West,45-54,Below 25K,Savings Account,0,7,1193,Product Page Viewed,1,0,0,0,0,Product Page Viewed,High interest-rate concern,13185,6,26
2394,S002395,U001898,2025-01-26 07:07:30,2025-01-26,Direct,Desktop,North,25-34,50K-100K,Credit Card,1,9,804,Product Page Viewed,1,0,0,0,0,Product Page Viewed,Comparing alternatives,22043,1,4
2395,S002396,U000575,2025-05-05 19:07:13,2025-05-05,Referral,Mobile,Central,45-54,Below 25K,Personal Loan,0,6,905,Calculator Used,1,1,0,0,0,Calculator Used,Required information unavailable,70321,5,19
2396,S002397,U001531,2025-02-13 19:44:24,2025-02-13,Organic Search,Mobile,West,25-34,50K-100K,Savings Account,1,4,541,Lead Form Submitted,1,1,1,1,1,,,0,2,7
2397,S002398,U001541,2025-05-09 18:46:39,2025-05-09,Social Media,Desktop,West,45-54,25K-50K,Personal Loan,1,1,714,Lead Form Started,1,1,1,1,0,Lead Form Started,Too many required fields,136081,5,19
2398,S002399,U001350,2025-06-09 00:45:11,2025-06-09,Direct,Mobile,East,55+,25K-50K,Personal Loan,0,3,316,Product Page Viewed,1,0,0,0,0,Product Page Viewed,Technical issue,122605,6,24
2399,S002400,U001298,2025-05-28 17:26:08,2025-05-28,Organic Search,Desktop,West,25-34,50K-100K,Credit Card,0,11,1146,Product Page Viewed,1,0,0,0,0,Product Page Viewed,High interest-rate concern,19692,5,22
2400,S002401,U000690,2025-05-12 08:55:39,2025-05-12,Referral,Mobile,West,25-34,Below 25K,Credit Card,0,4,543,CTA Clicked,1,1,1,0,0,CTA Clicked,Form looked too long,27552,5,20
2401,S002402,U001547,2025-04-03 01:23:43,2025-04-03,Social Media,Mobile,Central,25-34,25K-50K,Credit Card,1,5,422,Lead Form Submitted,1,1,1,1,1,,,0,4,14
2402,S002403,U001127,2025-02-22 22:03:18,2025-02-22,Paid Ads,Mobile,South,55+,100K+,Savings Account,0,9,628,Product Page Viewed,1,0,0,0,0,Product Page Viewed,Technical issue,22302,2,8
2403,S002404,U001463,2025-05-16 22:40:37,2025-05-16,Paid Ads,Mobile,Central,35-44,Below 25K,Personal Loan,0,4,15,Website Visit,0,0,0,0,0,Website Visit,Slow page load,122047,5,20
2404,S002405,U000616,2025-06-15 06:06:21,2025-06-15,Paid Ads,Mobile,East,45-54,50K-100K,Personal Loan,0,1,648,Product Page Viewed,1,0,0,0,0,Product Page Viewed,Technical issue,72306,6,24
2405,S002406,U000702,2025-06-19 02:21:34,2025-06-19,Direct,Mobile,North,25-34,50K-100K,Personal Loan,0,5,1002,Lead Form Started,1,1,1,1,0,Lead Form Started,Too many required fields,109769,6,25
2406,S002407,U001170,2025-05-21 13:15:59,2025-05-21,Organic Search,Mobile,South,35-44,25K-50K,Savings Account,1,6,176,Product Page Viewed,1,0,0,0,0,Product Page Viewed,Comparing alternatives,15437,5,21
2407,S002408,U001385,2025-03-31 08:34:04,2025-03-31,Email,Mobile,North,45-54,50K-100K,Personal Loan,1,3,185,Product Page Viewed,1,0,0,0,0,Product Page Viewed,Comparing alternatives,104180,3,14
2408,S002409,U000153,2025-05-29 01:46:01,2025-05-29,Referral,Mobile,Central,35-44,50K-100K,Credit Card,0,6,240,Calculator Used,1,1,0,0,0,Calculator Used,Calculator result not attractive,27638,5,22
2409,S002410,U001949,2025-04-10 15:48:18,2025-04-10,Email,Mobile,South,18-24,50K-100K,Savings Account,0,4,161,Product Page Viewed,1,0,0,0,0,Product Page Viewed,Comparing alternatives,17556,4,15
2410,S002411,U001325,2025-05-16 05:35:38,2025-05-16,Organic Search,Mobile,West,45-54,50K-100K,Personal Loan,0,2,15,CTA Clicked,1,1,1,0,0,CTA Clicked,Not ready to apply,85863,5,20
2411,S002412,U002043,2025-06-21 16:31:34,2025-06-21,Social Media,Mobile,Central,18-24,50K-100K,Credit Card,0,12,259,Product Page Viewed,1,0,0,0,0,Product Page Viewed,Technical issue,28068,6,25
2412,S002413,U000433,2025-02-05 09:00:01,2025-02-05,Email,Desktop,West,45-54,25K-50K,Savings Account,0,7,719,Website Visit,0,0,0,0,0,Website Visit,Immediate bounce,9709,2,6
2413,S002414,U001253,2025-06-15 14:28:53,2025-06-15,Direct,Desktop,East,25-34,50K-100K,Savings Account,0,2,792,Product Page Viewed,1,0,0,0,0,Product Page Viewed,Unclear product value,11744,6,24
2414,S002415,U001550,2025-04-02 01:17:30,2025-04-02,Paid Ads,Mobile,East,35-44,Below 25K,Personal Loan,0,9,152,Website Visit,0,0,0,0,0,Website Visit,Slow page load,129623,4,14
2415,S002416,U001869,2025-04-09 16:03:10,2025-04-09,Direct,Desktop,Central,25-34,100K+,Personal Loan,0,4,420,Product Page Viewed,1,0,0,0,0,Product Page Viewed,Comparing alternatives,94480,4,15
2416,S002417,U001296,2025-03-16 03:53:12,2025-03-16,Direct,Mobile,South,35-44,Below 25K,Insurance Plan,0,10,247,Calculator Used,1,1,0,0,0,Calculator Used,Technical issue,6594,3,11
2417,S002418,U002127,2025-02-08 09:45:04,2025-02-08,Referral,Desktop,South,45-54,25K-50K,Personal Loan,0,8,388,CTA Clicked,1,1,1,0,0,CTA Clicked,Privacy concern,92118,2,6
2418,S002419,U000464,2025-02-21 16:47:05,2025-02-21,Direct,Mobile,Central,45-54,Below 25K,Credit Card,0,7,316,Product Page Viewed,1,0,0,0,0,Product Page Viewed,High interest-rate concern,25996,2,8
2419,S002420,U000154,2025-01-31 15:58:26,2025-01-31,Social Media,Mobile,West,35-44,25K-50K,Savings Account,1,12,244,Product Page Viewed,1,0,0,0,0,Product Page Viewed,Unclear product value,18944,1,5
2420,S002421,U000963,2025-04-24 22:21:44,2025-04-24,Direct,Mobile,East,35-44,50K-100K,Savings Account,1,8,314,CTA Clicked,1,1,1,0,0,CTA Clicked,Technical issue,20317,4,17
2421,S002422,U002084,2025-02-26 13:21:27,2025-02-26,Direct,Mobile,West,25-34,Below 25K,Credit Card,0,9,86,Product Page Viewed,1,0,0,0,0,Product Page Viewed,Comparing alternatives,33066,2,9
2422,S002423,U000748,2025-02-26 19:52:57,2025-02-26,Organic Search,Desktop,South,55+,50K-100K,Credit Card,1,5,861,Product Page Viewed,1,0,0,0,0,Product Page Viewed,Comparing alternatives,19397,2,9
2423,S002424,U000670,2025-03-30 00:48:45,2025-03-30,Paid Ads,Mobile,South,18-24,100K+,Personal Loan,0,2,843,Product Page Viewed,1,0,0,0,0,Product Page Viewed,Technical issue,150770,3,13
2424,S002425,U002248,2025-02-06 06:36:29,2025-02-06,Email,Mobile,East,45-54,100K+,Insurance Plan,1,4,1119,Product Page Viewed,1,0,0,0,0,Product Page Viewed,Technical issue,10318,2,6
2425,S002426,U001363,2025-03-22 14:49:02,2025-03-22,Organic Search,Mobile,East,35-44,Below 25K,Savings Account,0,7,365,Product Page Viewed,1,0,0,0,0,Product Page Viewed,Unclear product value,9482,3,12
2426,S002427,U002150,2025-04-18 07:07:57,2025-04-18,Organic Search,Mobile,South,25-34,100K+,Savings Account,0,7,486,Website Visit,0,0,0,0,0,Website Visit,Not ready to explore,19660,4,16
2427,S002428,U001602,2025-01-03 01:04:19,2025-01-03,Email,Desktop,East,18-24,50K-100K,Savings Account,1,11,1035,Lead Form Submitted,1,1,1,1,1,,,0,1,1
2428,S002429,U002375,2025-05-29 22:08:48,2025-05-29,Email,Mobile,North,25-34,100K+,Credit Card,0,11,651,Product Page Viewed,1,0,0,0,0,Product Page Viewed,Technical issue,26878,5,22
2429,S002430,U001781,2025-05-05 08:39:39,2025-05-05,Email,Desktop,West,35-44,25K-50K,Credit Card,0,8,832,Product Page Viewed,1,0,0,0,0,Product Page Viewed,High interest-rate concern,33714,5,19
2430,S002431,U000804,2025-06-29 18:28:03,2025-06-29,Social Media,Mobile,South,25-34,100K+,Savings Account,0,6,1122,Lead Form Started,1,1,1,1,0,Lead Form Started,Too many required fields,9213,6,26
2431,S002432,U000021,2025-06-13 21:06:44,2025-06-13,Social Media,Mobile,East,25-34,Below 25K,Savings Account,0,11,114,CTA Clicked,1,1,1,0,0,CTA Clicked,Form looked too long,14689,6,24
2432,S002433,U001196,2025-03-29 18:24:19,2025-03-29,Referral,Mobile,East,25-34,100K+,Personal Loan,0,6,91,Product Page Viewed,1,0,0,0,0,Product Page Viewed,Technical issue,100996,3,13
2433,S002434,U000621,2025-06-24 09:38:03,2025-06-24,Referral,Mobile,North,25-34,50K-100K,Insurance Plan,1,7,450,Product Page Viewed,1,0,0,0,0,Product Page Viewed,Technical issue,9955,6,26
2434,S002435,U001461,2025-02-08 02:43:54,2025-02-08,Paid Ads,Desktop,West,25-34,50K-100K,Credit Card,0,12,823,Lead Form Started,1,1,1,1,0,Lead Form Started,Session timeout,27703,2,6
2435,S002436,U000866,2025-06-04 16:27:17,2025-06-04,Referral,Desktop,North,55+,100K+,Insurance Plan,1,3,592,Product Page Viewed,1,0,0,0,0,Product Page Viewed,Technical issue,6918,6,23
2436,S002437,U002135,2025-04-24 06:14:30,2025-04-24,Paid Ads,Desktop,South,45-54,25K-50K,Personal Loan,1,9,469,Product Page Viewed,1,0,0,0,0,Product Page Viewed,Technical issue,63226,4,17
2437,S002438,U000633,2025-06-17 12:36:26,2025-06-17,Direct,Mobile,Central,18-24,50K-100K,Insurance Plan,0,3,610,Product Page Viewed,1,0,0,0,0,Product Page Viewed,Unclear product value,7849,6,25
2438,S002439,U000703,2025-02-18 19:35:11,2025-02-18,Referral,Mobile,Central,35-44,25K-50K,Personal Loan,1,9,149,Lead Form Submitted,1,1,1,1,1,,,0,2,8
2439,S002440,U001501,2025-01-26 23:50:03,2025-01-26,Paid Ads,Desktop,West,18-24,25K-50K,Personal Loan,0,2,847,Product Page Viewed,1,0,0,0,0,Product Page Viewed,Comparing alternatives,95405,1,4
2440,S002441,U000292,2025-05-11 22:03:30,2025-05-11,Organic Search,Mobile,East,35-44,50K-100K,Credit Card,1,11,868,CTA Clicked,1,1,1,0,0,CTA Clicked,Technical issue,23424,5,19
2441,S002442,U000909,2025-05-09 07:09:54,2025-05-09,Paid Ads,Mobile,East,35-44,50K-100K,Credit Card,0,10,1143,Product Page Viewed,1,0,0,0,0,Product Page Viewed,Unclear product value,31847,5,19
2442,S002443,U001188,2025-04-29 18:42:36,2025-04-29,Direct,Mobile,South,35-44,50K-100K,Credit Card,0,5,36,Calculator Used,1,1,0,0,0,Calculator Used,Calculator result not attractive,20009,4,18
2443,S002444,U001601,2025-06-12 02:37:40,2025-06-12,Direct,Mobile,East,18-24,25K-50K,Personal Loan,0,6,297,Product Page Viewed,1,0,0,0,0,Product Page Viewed,Comparing alternatives,77755,6,24
2444,S002445,U001199,2025-06-25 21:00:07,2025-06-25,Organic Search,Mobile,West,45-54,25K-50K,Credit Card,0,2,955,Product Page Viewed,1,0,0,0,0,Product Page Viewed,Technical issue,32013,6,26
2445,S002446,U002063,2025-03-19 16:09:38,2025-03-19,Referral,Mobile,West,35-44,25K-50K,Personal Loan,0,7,952,Product Page Viewed,1,0,0,0,0,Product Page Viewed,Unclear product value,75514,3,12
2446,S002447,U000936,2025-05-25 09:05:44,2025-05-25,Direct,Mobile,North,25-34,100K+,Credit Card,1,4,649,Product Page Viewed,1,0,0,0,0,Product Page Viewed,Comparing alternatives,29477,5,21
2447,S002448,U001930,2025-02-13 02:55:20,2025-02-13,Organic Search,Mobile,South,18-24,Below 25K,Personal Loan,1,3,54,Product Page Viewed,1,0,0,0,0,Product Page Viewed,Technical issue,154995,2,7
2448,S002449,U001584,2025-02-12 00:08:02,2025-02-12,Paid Ads,Mobile,North,25-34,Below 25K,Savings Account,0,1,220,Product Page Viewed,1,0,0,0,0,Product Page Viewed,Technical issue,11864,2,7
2449,S002450,U000095,2025-02-22 16:07:37,2025-02-22,Email,Mobile,South,25-34,50K-100K,Personal Loan,1,1,743,Product Page Viewed,1,0,0,0,0,Product Page Viewed,Unclear product value,117029,2,8
2450,S002451,U001166,2025-04-17 10:34:18,2025-04-17,Organic Search,Mobile,North,45-54,Below 25K,Insurance Plan,0,2,805,Website Visit,0,0,0,0,0,Website Visit,Immediate bounce,6099,4,16
2451,S002452,U001485,2025-02-12 18:57:24,2025-02-12,Organic Search,Tablet,East,18-24,50K-100K,Insurance Plan,0,5,20,Product Page Viewed,1,0,0,0,0,Product Page Viewed,Comparing alternatives,4567,2,7
2452,S002453,U002411,2025-02-16 21:09:21,2025-02-16,Direct,Desktop,Central,18-24,25K-50K,Credit Card,0,10,42,Website Visit,0,0,0,0,0,Website Visit,Landing page mismatch,32586,2,7
2453,S002454,U001435,2025-06-22 14:20:10,2025-06-22,Organic Search,Desktop,South,35-44,100K+,Credit Card,0,11,64,Website Visit,0,0,0,0,0,Website Visit,Slow page load,34430,6,25
2454,S002455,U000032,2025-05-20 04:19:02,2025-05-20,Email,Mobile,West,18-24,50K-100K,Savings Account,1,10,108,Product Page Viewed,1,0,0,0,0,Product Page Viewed,High interest-rate concern,20735,5,21
2455,S002456,U001686,2025-06-10 17:30:57,2025-06-10,Paid Ads,Desktop,North,25-34,25K-50K,Savings Account,1,5,806,Website Visit,0,0,0,0,0,Website Visit,Slow page load,20280,6,24
2456,S002457,U000053,2025-01-07 20:47:32,2025-01-07,Referral,Mobile,Central,25-34,25K-50K,Credit Card,0,4,528,Product Page Viewed,1,0,0,0,0,Product Page Viewed,Comparing alternatives,24516,1,2
2457,S002458,U001254,2025-05-27 13:39:30,2025-05-27,Paid Ads,Mobile,Central,35-44,25K-50K,Personal Loan,0,7,129,Calculator Used,1,1,0,0,0,Calculator Used,Comparing alternatives,154105,5,22
2458,S002459,U002228,2025-02-14 18:19:53,2025-02-14,Referral,Desktop,West,45-54,50K-100K,Personal Loan,0,6,600,Lead Form Submitted,1,1,1,1,1,,,0,2,7
2459,S002460,U002041,2025-05-13 20:40:53,2025-05-13,Social Media,Mobile,Central,18-24,Below 25K,Credit Card,1,1,237,Product Page Viewed,1,0,0,0,0,Product Page Viewed,Technical issue,35172,5,20
2460,S002461,U001925,2025-06-25 16:59:58,2025-06-25,Direct,Mobile,South,35-44,100K+,Credit Card,1,2,917,Product Page Viewed,1,0,0,0,0,Product Page Viewed,Technical issue,17339,6,26
2461,S002462,U002274,2025-03-15 07:03:05,2025-03-15,Social Media,Mobile,North,35-44,50K-100K,Personal Loan,0,10,88,Product Page Viewed,1,0,0,0,0,Product Page Viewed,Technical issue,125464,3,11
2462,S002463,U002412,2025-02-07 01:55:39,2025-02-07,Email,Desktop,West,55+,25K-50K,Credit Card,0,11,310,Calculator Used,1,1,0,0,0,Calculator Used,Technical issue,38161,2,6
2463,S002464,U000230,2025-06-02 09:59:30,2025-06-02,Organic Search,Desktop,North,45-54,50K-100K,Savings Account,0,10,83,Product Page Viewed,1,0,0,0,0,Product Page Viewed,Comparing alternatives,15483,6,23
2464,S002465,U002215,2025-04-15 15:07:52,2025-04-15,Email,Mobile,Central,25-34,25K-50K,Savings Account,0,2,1146,Product Page Viewed,1,0,0,0,0,Product Page Viewed,Technical issue,9806,4,16
2465,S002466,U002017,2025-05-26 17:47:35,2025-05-26,Direct,Mobile,West,35-44,25K-50K,Personal Loan,1,3,620,Lead Form Submitted,1,1,1,1,1,,,0,5,22
2466,S002467,U002231,2025-01-09 11:35:03,2025-01-09,Paid Ads,Desktop,North,55+,Below 25K,Savings Account,0,3,1051,Website Visit,0,0,0,0,0,Website Visit,Not ready to explore,17956,1,2
2467,S002468,U001815,2025-04-09 16:35:46,2025-04-09,Direct,Mobile,West,35-44,Below 25K,Personal Loan,0,12,385,Product Page Viewed,1,0,0,0,0,Product Page Viewed,Comparing alternatives,101395,4,15
2468,S002469,U000193,2025-05-15 02:25:00,2025-05-15,Email,Tablet,East,18-24,Below 25K,Personal Loan,0,3,539,Lead Form Submitted,1,1,1,1,1,,,0,5,20
2469,S002470,U000055,2025-01-15 01:24:42,2025-01-15,Direct,Tablet,Central,45-54,50K-100K,Personal Loan,0,10,66,Website Visit,0,0,0,0,0,Website Visit,Slow page load,147881,1,3
2470,S002471,U000857,2025-02-05 18:16:00,2025-02-05,Social Media,Mobile,Central,18-24,25K-50K,Insurance Plan,0,3,803,Product Page Viewed,1,0,0,0,0,Product Page Viewed,High interest-rate concern,4565,2,6
2471,S002472,U000865,2025-04-29 00:26:20,2025-04-29,Paid Ads,Mobile,East,35-44,25K-50K,Savings Account,0,9,738,Calculator Used,1,1,0,0,0,Calculator Used,Required information unavailable,20442,4,18
2472,S002473,U000490,2025-05-09 16:52:53,2025-05-09,Paid Ads,Desktop,South,25-34,50K-100K,Insurance Plan,1,11,639,Product Page Viewed,1,0,0,0,0,Product Page Viewed,High interest-rate concern,6284,5,19
2473,S002474,U000674,2025-02-23 13:04:14,2025-02-23,Paid Ads,Tablet,East,45-54,Below 25K,Personal Loan,0,9,495,Product Page Viewed,1,0,0,0,0,Product Page Viewed,Unclear product value,98874,2,8
2474,S002475,U002078,2025-03-08 02:44:24,2025-03-08,Organic Search,Mobile,South,25-34,25K-50K,Credit Card,0,10,890,Website Visit,0,0,0,0,0,Website Visit,Slow page load,24820,3,10
2475,S002476,U000972,2025-01-18 22:55:25,2025-01-18,Organic Search,Mobile,Central,35-44,Below 25K,Insurance Plan,0,8,884,Product Page Viewed,1,0,0,0,0,Product Page Viewed,High interest-rate concern,9004,1,3
2476,S002477,U000865,2025-04-15 16:55:53,2025-04-15,Referral,Mobile,Central,35-44,Below 25K,Savings Account,1,11,124,Calculator Used,1,1,0,0,0,Calculator Used,Required information unavailable,16694,4,16
2477,S002478,U000960,2025-06-25 23:36:10,2025-06-25,Direct,Mobile,South,45-54,50K-100K,Savings Account,1,9,1132,Product Page Viewed,1,0,0,0,0,Product Page Viewed,Comparing alternatives,10320,6,26
2478,S002479,U001841,2025-05-08 04:34:06,2025-05-08,Paid Ads,Mobile,South,35-44,50K-100K,Personal Loan,0,1,1103,Product Page Viewed,1,0,0,0,0,Product Page Viewed,Comparing alternatives,128109,5,19
2479,S002480,U000177,2025-04-27 20:35:22,2025-04-27,Referral,Mobile,South,25-34,100K+,Credit Card,1,5,196,Calculator Used,1,1,0,0,0,Calculator Used,Comparing alternatives,25137,4,17
2480,S002481,U000350,2025-03-05 04:35:07,2025-03-05,Paid Ads,Mobile,West,45-54,25K-50K,Personal Loan,1,4,830,Product Page Viewed,1,0,0,0,0,Product Page Viewed,Unclear product value,128491,3,10
2481,S002482,U001360,2025-01-08 10:49:12,2025-01-08,Social Media,Tablet,Central,35-44,50K-100K,Savings Account,1,5,558,Product Page Viewed,1,0,0,0,0,Product Page Viewed,Technical issue,22149,1,2
2482,S002483,U001052,2025-03-28 01:19:56,2025-03-28,Social Media,Desktop,West,35-44,50K-100K,Insurance Plan,0,4,588,Calculator Used,1,1,0,0,0,Calculator Used,Required information unavailable,8381,3,13
2483,S002484,U000107,2025-03-07 10:46:28,2025-03-07,Paid Ads,Desktop,North,45-54,50K-100K,Credit Card,0,5,920,Lead Form Submitted,1,1,1,1,1,,,0,3,10
2484,S002485,U001522,2025-06-17 09:17:20,2025-06-17,Email,Mobile,South,45-54,50K-100K,Personal Loan,0,3,869,Lead Form Submitted,1,1,1,1,1,,,0,6,25
2485,S002486,U002043,2025-04-15 01:04:16,2025-04-15,Paid Ads,Mobile,West,45-54,25K-50K,Personal Loan,1,2,131,Website Visit,0,0,0,0,0,Website Visit,Not ready to explore,79426,4,16
2486,S002487,U000796,2025-01-17 18:04:07,2025-01-17,Email,Mobile,South,55+,50K-100K,Credit Card,1,3,765,Calculator Used,1,1,0,0,0,Calculator Used,Comparing alternatives,30254,1,3
2487,S002488,U000011,2025-06-17 14:35:21,2025-06-17,Referral,Desktop,North,55+,50K-100K,Personal Loan,0,2,874,Product Page Viewed,1,0,0,0,0,Product Page Viewed,Comparing alternatives,95439,6,25
2488,S002489,U000748,2025-01-24 00:14:55,2025-01-24,Email,Desktop,East,35-44,50K-100K,Personal Loan,0,5,211,Lead Form Submitted,1,1,1,1,1,,,0,1,4
2489,S002490,U001918,2025-02-19 21:28:13,2025-02-19,Paid Ads,Desktop,West,25-34,Below 25K,Savings Account,0,7,386,Product Page Viewed,1,0,0,0,0,Product Page Viewed,Comparing alternatives,19711,2,8
2490,S002491,U000680,2025-02-17 22:53:55,2025-02-17,Paid Ads,Desktop,North,25-34,Below 25K,Credit Card,0,5,140,Product Page Viewed,1,0,0,0,0,Product Page Viewed,Technical issue,39952,2,8
2491,S002492,U002098,2025-03-19 20:07:25,2025-03-19,Direct,Desktop,North,45-54,Below 25K,Insurance Plan,1,12,893,Calculator Used,1,1,0,0,0,Calculator Used,Required information unavailable,6020,3,12
2492,S002493,U002329,2025-06-18 19:36:15,2025-06-18,Email,Desktop,East,45-54,50K-100K,Personal Loan,0,10,156,Calculator Used,1,1,0,0,0,Calculator Used,Comparing alternatives,126628,6,25
2493,S002494,U002075,2025-04-26 12:13:58,2025-04-26,Referral,Tablet,South,45-54,50K-100K,Insurance Plan,0,8,1083,Calculator Used,1,1,0,0,0,Calculator Used,Calculator result not attractive,10184,4,17
2494,S002495,U000416,2025-04-23 07:13:52,2025-04-23,Email,Tablet,North,45-54,Below 25K,Personal Loan,0,6,142,Calculator Used,1,1,0,0,0,Calculator Used,Comparing alternatives,110618,4,17
2495,S002496,U001652,2025-02-03 00:08:32,2025-02-03,Social Media,Mobile,South,35-44,50K-100K,Personal Loan,0,3,458,Calculator Used,1,1,0,0,0,Calculator Used,Calculator result not attractive,92574,2,6
2496,S002497,U000904,2025-05-09 07:01:06,2025-05-09,Direct,Mobile,North,35-44,25K-50K,Savings Account,0,7,131,Product Page Viewed,1,0,0,0,0,Product Page Viewed,Technical issue,15248,5,19
2497,S002498,U000580,2025-03-29 16:29:16,2025-03-29,Referral,Mobile,Central,25-34,25K-50K,Insurance Plan,1,6,1158,Product Page Viewed,1,0,0,0,0,Product Page Viewed,Unclear product value,5713,3,13
2498,S002499,U000558,2025-03-21 16:34:50,2025-03-21,Organic Search,Mobile,West,35-44,Below 25K,Personal Loan,1,11,662,Lead Form Submitted,1,1,1,1,1,,,0,3,12
2499,S002500,U000840,2025-06-13 09:23:34,2025-06-13,Organic Search,Desktop,East,35-44,100K+,Credit Card,0,11,39,Product Page Viewed,1,0,0,0,0,Product Page Viewed,Comparing alternatives,40317,6,24
2500,S002501,U002380,2025-04-21 17:43:58,2025-04-21,Direct,Mobile,Central,25-34,Below 25K,Credit Card,0,4,404,Product Page Viewed,1,0,0,0,0,Product Page Viewed,Comparing alternatives,18763,4,17
2501,S002502,U001099,2025-04-19 16:11:17,2025-04-19,Paid Ads,Tablet,North,25-34,25K-50K,Credit Card,0,3,575,Product Page Viewed,1,0,0,0,0,Product Page Viewed,High interest-rate concern,28288,4,16
2502,S002503,U002074,2025-03-31 14:54:06,2025-03-31,Social Media,Desktop,Central,18-24,25K-50K,Personal Loan,0,2,74,Product Page Viewed,1,0,0,0,0,Product Page Viewed,Comparing alternatives,154605,3,14
2503,S002504,U002340,2025-05-14 07:32:29,2025-05-14,Direct,Mobile,Central,45-54,25K-50K,Savings Account,1,2,728,Calculator Used,1,1,0,0,0,Calculator Used,Technical issue,18562,5,20
2504,S002505,U000677,2025-05-20 17:15:22,2025-05-20,Direct,Tablet,Central,35-44,25K-50K,Credit Card,0,5,563,Calculator Used,1,1,0,0,0,Calculator Used,Required information unavailable,30178,5,21
2505,S002506,U000584,2025-01-29 12:13:31,2025-01-29,Email,Mobile,East,18-24,50K-100K,Insurance Plan,0,1,425,Calculator Used,1,1,0,0,0,Calculator Used,Technical issue,5745,1,5
2506,S002507,U001174,2025-03-10 09:13:06,2025-03-10,Email,Mobile,West,35-44,Below 25K,Insurance Plan,0,5,495,Calculator Used,1,1,0,0,0,Calculator Used,Calculator result not attractive,6929,3,11
2507,S002508,U000208,2025-05-22 00:10:41,2025-05-22,Direct,Mobile,Central,25-34,25K-50K,Personal Loan,0,7,788,Lead Form Submitted,1,1,1,1,1,,,0,5,21
2508,S002509,U000294,2025-05-22 19:03:12,2025-05-22,Organic Search,Mobile,Central,45-54,50K-100K,Savings Account,1,7,778,Calculator Used,1,1,0,0,0,Calculator Used,Calculator result not attractive,12147,5,21
2509,S002510,U002119,2025-05-25 06:56:59,2025-05-25,Paid Ads,Desktop,Central,35-44,25K-50K,Savings Account,0,10,588,CTA Clicked,1,1,1,0,0,CTA Clicked,Technical issue,22054,5,21
2510,S002511,U000737,2025-02-24 14:04:24,2025-02-24,Organic Search,Mobile,East,25-34,25K-50K,Credit Card,0,12,228,Website Visit,0,0,0,0,0,Website Visit,Immediate bounce,38041,2,9
2511,S002512,U001841,2025-05-18 12:27:09,2025-05-18,Organic Search,Desktop,Central,25-34,25K-50K,Savings Account,0,11,242,Product Page Viewed,1,0,0,0,0,Product Page Viewed,High interest-rate concern,20508,5,20
2512,S002513,U002025,2025-01-02 22:20:57,2025-01-02,Direct,Mobile,North,18-24,25K-50K,Insurance Plan,0,11,695,Product Page Viewed,1,0,0,0,0,Product Page Viewed,Technical issue,4415,1,1
2513,S002514,U002244,2025-01-17 13:30:24,2025-01-17,Paid Ads,Mobile,East,35-44,25K-50K,Personal Loan,0,8,120,Product Page Viewed,1,0,0,0,0,Product Page Viewed,Comparing alternatives,107006,1,3
2514,S002515,U000109,2025-05-23 12:00:58,2025-05-23,Paid Ads,Tablet,North,35-44,Below 25K,Savings Account,0,11,1188,Product Page Viewed,1,0,0,0,0,Product Page Viewed,Unclear product value,20481,5,21
2515,S002516,U001800,2025-01-19 08:46:07,2025-01-19,Direct,Mobile,Central,25-34,25K-50K,Personal Loan,0,4,753,Product Page Viewed,1,0,0,0,0,Product Page Viewed,High interest-rate concern,152832,1,3
2516,S002517,U000102,2025-01-31 08:34:59,2025-01-31,Social Media,Mobile,South,18-24,Below 25K,Personal Loan,0,4,629,Product Page Viewed,1,0,0,0,0,Product Page Viewed,Comparing alternatives,73480,1,5
2517,S002518,U002480,2025-01-22 05:39:51,2025-01-22,Organic Search,Desktop,South,25-34,Below 25K,Personal Loan,1,2,821,Calculator Used,1,1,0,0,0,Calculator Used,Calculator result not attractive,65749,1,4
2518,S002519,U001388,2025-02-22 03:43:49,2025-02-22,Organic Search,Mobile,Central,18-24,25K-50K,Credit Card,0,12,348,Product Page Viewed,1,0,0,0,0,Product Page Viewed,Comparing alternatives,25514,2,8
2519,S002520,U001034,2025-05-27 11:47:26,2025-05-27,Referral,Mobile,West,35-44,50K-100K,Credit Card,1,8,172,Lead Form Submitted,1,1,1,1,1,,,0,5,22
2520,S002521,U001581,2025-06-24 01:12:37,2025-06-24,Email,Mobile,North,25-34,100K+,Personal Loan,0,6,292,Product Page Viewed,1,0,0,0,0,Product Page Viewed,High interest-rate concern,97898,6,26
2521,S002522,U000737,2025-04-03 20:14:08,2025-04-03,Social Media,Tablet,East,25-34,100K+,Insurance Plan,0,12,488,Product Page Viewed,1,0,0,0,0,Product Page Viewed,Comparing alternatives,6403,4,14
2522,S002523,U002037,2025-05-09 15:48:35,2025-05-09,Paid Ads,Mobile,West,25-34,Below 25K,Personal Loan,0,10,1087,Product Page Viewed,1,0,0,0,0,Product Page Viewed,Comparing alternatives,85994,5,19
2523,S002524,U001109,2025-01-21 14:24:48,2025-01-21,Email,Desktop,East,35-44,100K+,Personal Loan,0,10,1195,Product Page Viewed,1,0,0,0,0,Product Page Viewed,Unclear product value,101447,1,4
2524,S002525,U000128,2025-01-03 09:35:06,2025-01-03,Organic Search,Mobile,South,35-44,Below 25K,Credit Card,0,2,360,Product Page Viewed,1,0,0,0,0,Product Page Viewed,Unclear product value,20023,1,1
2525,S002526,U002368,2025-06-11 00:33:35,2025-06-11,Direct,Mobile,West,25-34,Below 25K,Savings Account,0,7,1174,Product Page Viewed,1,0,0,0,0,Product Page Viewed,Technical issue,10565,6,24
2526,S002527,U001324,2025-06-03 23:52:21,2025-06-03,Direct,Mobile,West,25-34,25K-50K,Personal Loan,0,4,278,Lead Form Submitted,1,1,1,1,1,,,0,6,23
2527,S002528,U000803,2025-01-19 17:06:49,2025-01-19,Referral,Desktop,East,35-44,25K-50K,Personal Loan,0,5,489,Product Page Viewed,1,0,0,0,0,Product Page Viewed,Technical issue,70754,1,3
2528,S002529,U000027,2025-06-09 22:16:13,2025-06-09,Direct,Tablet,Central,45-54,25K-50K,Savings Account,0,3,821,Product Page Viewed,1,0,0,0,0,Product Page Viewed,Comparing alternatives,12498,6,24
2529,S002530,U000501,2025-05-26 15:49:13,2025-05-26,Referral,Mobile,Central,35-44,25K-50K,Savings Account,0,2,344,Product Page Viewed,1,0,0,0,0,Product Page Viewed,Unclear product value,17402,5,22
2530,S002531,U002381,2025-01-01 17:41:40,2025-01-01,Social Media,Desktop,North,45-54,100K+,Personal Loan,0,10,386,Product Page Viewed,1,0,0,0,0,Product Page Viewed,Technical issue,82241,1,1
2531,S002532,U000434,2025-04-01 03:41:17,2025-04-01,Referral,Desktop,West,35-44,25K-50K,Insurance Plan,0,3,758,Calculator Used,1,1,0,0,0,Calculator Used,Comparing alternatives,7195,4,14
2532,S002533,U000665,2025-02-25 12:24:05,2025-02-25,Paid Ads,Mobile,North,25-34,25K-50K,Personal Loan,0,10,390,Calculator Used,1,1,0,0,0,Calculator Used,Calculator result not attractive,133345,2,9
2533,S002534,U001699,2025-01-25 23:46:33,2025-01-25,Social Media,Desktop,South,25-34,25K-50K,Personal Loan,0,7,861,Calculator Used,1,1,0,0,0,Calculator Used,Calculator result not attractive,102144,1,4
2534,S002535,U001812,2025-01-20 09:09:55,2025-01-20,Referral,Desktop,East,45-54,Below 25K,Credit Card,0,12,800,Calculator Used,1,1,0,0,0,Calculator Used,Comparing alternatives,19953,1,4
2535,S002536,U000554,2025-05-20 07:00:19,2025-05-20,Social Media,Desktop,North,18-24,100K+,Personal Loan,0,6,109,Product Page Viewed,1,0,0,0,0,Product Page Viewed,Technical issue,110777,5,21
2536,S002537,U002522,2025-03-24 07:45:10,2025-03-24,Direct,Mobile,North,55+,25K-50K,Credit Card,0,2,846,Product Page Viewed,1,0,0,0,0,Product Page Viewed,Technical issue,38747,3,13
2537,S002538,U000289,2025-04-23 10:49:44,2025-04-23,Social Media,Mobile,North,35-44,Below 25K,Credit Card,0,4,25,CTA Clicked,1,1,1,0,0,CTA Clicked,Technical issue,15990,4,17
2538,S002539,U001559,2025-03-08 10:17:41,2025-03-08,Direct,Desktop,East,35-44,Below 25K,Savings Account,0,11,376,Product Page Viewed,1,0,0,0,0,Product Page Viewed,Unclear product value,13179,3,10
2539,S002540,U002476,2025-06-25 00:33:04,2025-06-25,Direct,Desktop,West,25-34,50K-100K,Credit Card,0,5,495,Lead Form Started,1,1,1,1,0,Lead Form Started,Session timeout,20926,6,26
2540,S002541,U002452,2025-02-27 20:07:24,2025-02-27,Paid Ads,Mobile,Central,25-34,25K-50K,Personal Loan,0,8,225,Product Page Viewed,1,0,0,0,0,Product Page Viewed,High interest-rate concern,91420,2,9
2541,S002542,U001418,2025-06-16 02:55:39,2025-06-16,Direct,Mobile,East,55+,25K-50K,Insurance Plan,1,9,1096,Product Page Viewed,1,0,0,0,0,Product Page Viewed,High interest-rate concern,7444,6,25
2542,S002543,U000964,2025-05-13 23:36:29,2025-05-13,Paid Ads,Desktop,South,25-34,25K-50K,Insurance Plan,0,11,612,Product Page Viewed,1,0,0,0,0,Product Page Viewed,Technical issue,4444,5,20
2543,S002544,U000337,2025-02-19 06:30:56,2025-02-19,Social Media,Mobile,South,18-24,50K-100K,Personal Loan,1,6,1081,Product Page Viewed,1,0,0,0,0,Product Page Viewed,Unclear product value,97220,2,8
2544,S002545,U002351,2025-03-07 06:07:20,2025-03-07,Paid Ads,Desktop,West,25-34,50K-100K,Personal Loan,1,7,582,Lead Form Submitted,1,1,1,1,1,,,0,3,10
2545,S002546,U001641,2025-03-30 00:44:41,2025-03-30,Email,Desktop,Central,25-34,50K-100K,Personal Loan,0,1,134,Product Page Viewed,1,0,0,0,0,Product Page Viewed,Technical issue,90151,3,13
2546,S002547,U000608,2025-03-22 06:55:06,2025-03-22,Organic Search,Mobile,North,35-44,Below 25K,Savings Account,0,3,226,Product Page Viewed,1,0,0,0,0,Product Page Viewed,Technical issue,14621,3,12
2547,S002548,U001216,2025-02-25 09:36:58,2025-02-25,Social Media,Desktop,West,35-44,25K-50K,Savings Account,0,6,779,Lead Form Submitted,1,1,1,1,1,,,0,2,9
2548,S002549,U000022,2025-05-12 21:08:54,2025-05-12,Organic Search,Mobile,South,18-24,25K-50K,Personal Loan,1,1,771,Product Page Viewed,1,0,0,0,0,Product Page Viewed,Unclear product value,120269,5,20
2549,S002550,U001999,2025-04-12 15:46:43,2025-04-12,Email,Mobile,Central,18-24,25K-50K,Savings Account,0,10,280,Product Page Viewed,1,0,0,0,0,Product Page Viewed,Technical issue,13179,4,15
2550,S002551,U001908,2025-06-15 22:45:08,2025-06-15,Direct,Tablet,South,35-44,25K-50K,Savings Account,0,3,109,Calculator Used,1,1,0,0,0,Calculator Used,Calculator result not attractive,10134,6,24
2551,S002552,U000367,2025-01-22 16:40:46,2025-01-22,Social Media,Mobile,East,55+,Below 25K,Insurance Plan,0,8,402,Product Page Viewed,1,0,0,0,0,Product Page Viewed,Unclear product value,6999,1,4
2552,S002553,U001008,2025-05-15 23:06:31,2025-05-15,Direct,Desktop,North,35-44,Below 25K,Insurance Plan,0,7,392,Lead Form Started,1,1,1,1,0,Lead Form Started,Session timeout,5136,5,20
2553,S002554,U001049,2025-02-03 02:42:32,2025-02-03,Organic Search,Mobile,Central,18-24,50K-100K,Personal Loan,0,9,138,Product Page Viewed,1,0,0,0,0,Product Page Viewed,Technical issue,155383,2,6
2554,S002555,U000039,2025-01-21 22:25:20,2025-01-21,Organic Search,Desktop,West,25-34,50K-100K,Credit Card,0,6,1174,Calculator Used,1,1,0,0,0,Calculator Used,Calculator result not attractive,29782,1,4
2555,S002556,U000911,2025-02-23 19:22:41,2025-02-23,Email,Mobile,South,35-44,50K-100K,Personal Loan,0,7,333,Lead Form Started,1,1,1,1,0,Lead Form Started,Session timeout,108312,2,8
2556,S002557,U000801,2025-04-14 23:57:18,2025-04-14,Referral,Tablet,Central,45-54,50K-100K,Credit Card,0,9,552,Website Visit,0,0,0,0,0,Website Visit,Immediate bounce,17114,4,16
2557,S002558,U000235,2025-05-25 23:14:45,2025-05-25,Direct,Mobile,West,45-54,25K-50K,Savings Account,0,5,97,Product Page Viewed,1,0,0,0,0,Product Page Viewed,Unclear product value,19154,5,21
2558,S002559,U001848,2025-05-14 01:42:38,2025-05-14,Social Media,Mobile,West,18-24,Below 25K,Personal Loan,0,11,1135,Product Page Viewed,1,0,0,0,0,Product Page Viewed,Unclear product value,150744,5,20
2559,S002560,U000169,2025-04-08 03:08:14,2025-04-08,Referral,Desktop,East,25-34,50K-100K,Personal Loan,0,3,984,Lead Form Submitted,1,1,1,1,1,,,0,4,15
2560,S002561,U002156,2025-02-23 04:24:48,2025-02-23,Direct,Mobile,West,35-44,Below 25K,Credit Card,0,9,443,Calculator Used,1,1,0,0,0,Calculator Used,Calculator result not attractive,22113,2,8
2561,S002562,U000856,2025-02-19 08:59:12,2025-02-19,Organic Search,Mobile,South,25-34,25K-50K,Savings Account,1,11,1196,Calculator Used,1,1,0,0,0,Calculator Used,Technical issue,22213,2,8
2562,S002563,U000837,2025-06-01 18:20:44,2025-06-01,Direct,Mobile,North,25-34,100K+,Personal Loan,1,11,641,CTA Clicked,1,1,1,0,0,CTA Clicked,Privacy concern,72971,6,22
2563,S002564,U001339,2025-05-04 12:28:00,2025-05-04,Organic Search,Mobile,South,45-54,50K-100K,Personal Loan,0,7,696,Lead Form Submitted,1,1,1,1,1,,,0,5,18
2564,S002565,U000896,2025-01-31 11:13:17,2025-01-31,Referral,Mobile,West,25-34,25K-50K,Insurance Plan,0,3,727,Product Page Viewed,1,0,0,0,0,Product Page Viewed,Unclear product value,10036,1,5
2565,S002566,U002106,2025-05-09 08:21:33,2025-05-09,Organic Search,Desktop,North,35-44,50K-100K,Credit Card,0,1,1163,Product Page Viewed,1,0,0,0,0,Product Page Viewed,Unclear product value,24224,5,19
2566,S002567,U000952,2025-03-27 02:28:08,2025-03-27,Email,Mobile,East,18-24,25K-50K,Credit Card,1,6,290,Lead Form Submitted,1,1,1,1,1,,,0,3,13
2567,S002568,U000219,2025-03-31 04:01:02,2025-03-31,Direct,Desktop,North,18-24,25K-50K,Savings Account,0,6,143,Calculator Used,1,1,0,0,0,Calculator Used,Calculator result not attractive,13110,3,14
2568,S002569,U001813,2025-03-26 10:52:49,2025-03-26,Direct,Mobile,West,25-34,100K+,Credit Card,0,11,95,Product Page Viewed,1,0,0,0,0,Product Page Viewed,Comparing alternatives,16790,3,13
2569,S002570,U001236,2025-04-06 09:03:07,2025-04-06,Social Media,Desktop,Central,35-44,50K-100K,Savings Account,0,6,227,Calculator Used,1,1,0,0,0,Calculator Used,Comparing alternatives,11651,4,14
2570,S002571,U001243,2025-04-16 07:05:04,2025-04-16,Organic Search,Mobile,South,35-44,25K-50K,Insurance Plan,0,2,729,Website Visit,0,0,0,0,0,Website Visit,Landing page mismatch,6337,4,16
2571,S002572,U001105,2025-03-08 23:38:40,2025-03-08,Paid Ads,Mobile,Central,25-34,25K-50K,Personal Loan,0,3,618,Product Page Viewed,1,0,0,0,0,Product Page Viewed,Technical issue,107602,3,10
2572,S002573,U000630,2025-04-26 05:42:47,2025-04-26,Social Media,Desktop,East,45-54,100K+,Personal Loan,0,4,861,Lead Form Submitted,1,1,1,1,1,,,0,4,17
2573,S002574,U000788,2025-04-13 08:47:23,2025-04-13,Paid Ads,Mobile,West,45-54,25K-50K,Savings Account,0,2,1146,Lead Form Submitted,1,1,1,1,1,,,0,4,15
2574,S002575,U000487,2025-03-26 07:40:49,2025-03-26,Paid Ads,Desktop,North,35-44,25K-50K,Personal Loan,1,3,921,Product Page Viewed,1,0,0,0,0,Product Page Viewed,High interest-rate concern,80018,3,13
2575,S002576,U002441,2025-01-21 07:02:00,2025-01-21,Paid Ads,Desktop,East,25-34,25K-50K,Insurance Plan,0,4,943,Calculator Used,1,1,0,0,0,Calculator Used,Calculator result not attractive,9164,1,4
2576,S002577,U001809,2025-06-10 15:47:36,2025-06-10,Paid Ads,Mobile,Central,55+,Below 25K,Savings Account,0,10,470,Calculator Used,1,1,0,0,0,Calculator Used,Required information unavailable,10351,6,24
2577,S002578,U000280,2025-03-04 20:33:00,2025-03-04,Referral,Mobile,West,25-34,25K-50K,Credit Card,0,12,937,Lead Form Submitted,1,1,1,1,1,,,0,3,10
2578,S002579,U001994,2025-05-25 04:25:04,2025-05-25,Organic Search,Mobile,East,25-34,Below 25K,Personal Loan,1,12,349,Product Page Viewed,1,0,0,0,0,Product Page Viewed,Technical issue,144324,5,21
2579,S002580,U000528,2025-02-27 13:13:36,2025-02-27,Social Media,Mobile,North,55+,Below 25K,Personal Loan,1,11,1198,Calculator Used,1,1,0,0,0,Calculator Used,Comparing alternatives,118968,2,9
2580,S002581,U001613,2025-05-30 00:05:04,2025-05-30,Direct,Tablet,South,55+,25K-50K,Insurance Plan,0,11,999,Product Page Viewed,1,0,0,0,0,Product Page Viewed,Comparing alternatives,10039,5,22
2581,S002582,U002338,2025-03-06 23:04:25,2025-03-06,Referral,Desktop,East,25-34,Below 25K,Credit Card,1,7,264,Lead Form Started,1,1,1,1,0,Lead Form Started,Document requirement concern,18206,3,10
2582,S002583,U000373,2025-06-06 08:42:48,2025-06-06,Paid Ads,Mobile,North,25-34,25K-50K,Savings Account,1,9,874,Lead Form Submitted,1,1,1,1,1,,,0,6,23
2583,S002584,U002338,2025-04-09 00:43:25,2025-04-09,Direct,Mobile,South,55+,25K-50K,Personal Loan,0,2,1134,Calculator Used,1,1,0,0,0,Calculator Used,Calculator result not attractive,136819,4,15
2584,S002585,U000482,2025-01-07 21:55:40,2025-01-07,Social Media,Mobile,West,35-44,50K-100K,Credit Card,0,10,764,Product Page Viewed,1,0,0,0,0,Product Page Viewed,High interest-rate concern,24537,1,2
2585,S002586,U001926,2025-03-08 03:31:19,2025-03-08,Email,Mobile,West,25-34,100K+,Personal Loan,0,11,135,Website Visit,0,0,0,0,0,Website Visit,Slow page load,100901,3,10
2586,S002587,U002482,2025-01-17 03:28:23,2025-01-17,Direct,Mobile,East,25-34,100K+,Credit Card,0,7,443,Product Page Viewed,1,0,0,0,0,Product Page Viewed,Comparing alternatives,28581,1,3
2587,S002588,U002405,2025-01-25 12:56:19,2025-01-25,Direct,Mobile,North,18-24,25K-50K,Personal Loan,1,5,955,Calculator Used,1,1,0,0,0,Calculator Used,Technical issue,150012,1,4
2588,S002589,U002566,2025-05-14 07:07:34,2025-05-14,Direct,Tablet,East,18-24,50K-100K,Savings Account,0,8,1166,Product Page Viewed,1,0,0,0,0,Product Page Viewed,Unclear product value,10068,5,20
2589,S002590,U001749,2025-06-07 15:23:18,2025-06-07,Organic Search,Mobile,West,35-44,25K-50K,Savings Account,0,8,396,Product Page Viewed,1,0,0,0,0,Product Page Viewed,Comparing alternatives,21368,6,23
2590,S002591,U000818,2025-03-18 06:19:23,2025-03-18,Social Media,Mobile,West,25-34,100K+,Credit Card,1,7,1166,Product Page Viewed,1,0,0,0,0,Product Page Viewed,Unclear product value,27899,3,12
2591,S002592,U001356,2025-01-18 05:53:20,2025-01-18,Paid Ads,Mobile,North,35-44,Below 25K,Credit Card,0,8,563,Website Visit,0,0,0,0,0,Website Visit,Immediate bounce,29719,1,3
2592,S002593,U000250,2025-02-28 08:28:13,2025-02-28,Referral,Desktop,West,35-44,50K-100K,Personal Loan,1,10,216,CTA Clicked,1,1,1,0,0,CTA Clicked,Form looked too long,161294,2,9
2593,S002594,U002205,2025-04-11 17:20:29,2025-04-11,Social Media,Desktop,South,25-34,25K-50K,Personal Loan,1,9,783,Calculator Used,1,1,0,0,0,Calculator Used,Required information unavailable,119362,4,15
2594,S002595,U000642,2025-02-15 18:24:37,2025-02-15,Direct,Mobile,West,25-34,Below 25K,Personal Loan,0,3,92,Product Page Viewed,1,0,0,0,0,Product Page Viewed,High interest-rate concern,147122,2,7
2595,S002596,U001546,2025-06-15 11:18:28,2025-06-15,Direct,Tablet,North,45-54,25K-50K,Personal Loan,0,10,826,Product Page Viewed,1,0,0,0,0,Product Page Viewed,Technical issue,83779,6,24
2596,S002597,U000928,2025-03-05 05:23:40,2025-03-05,Organic Search,Mobile,Central,25-34,Below 25K,Credit Card,0,4,791,Product Page Viewed,1,0,0,0,0,Product Page Viewed,Comparing alternatives,39552,3,10
2597,S002598,U002186,2025-06-21 15:17:41,2025-06-21,Direct,Mobile,South,45-54,50K-100K,Personal Loan,0,7,1193,CTA Clicked,1,1,1,0,0,CTA Clicked,Not ready to apply,96803,6,25
2598,S002599,U000834,2025-03-03 20:52:29,2025-03-03,Email,Desktop,North,25-34,50K-100K,Personal Loan,0,9,75,Lead Form Started,1,1,1,1,0,Lead Form Started,Too many required fields,101482,3,10
2599,S002600,U001874,2025-06-13 02:21:40,2025-06-13,Email,Mobile,East,45-54,50K-100K,Credit Card,0,5,40,Lead Form Started,1,1,1,1,0,Lead Form Started,Technical issue,29456,6,24
2600,S002601,U002383,2025-06-24 08:47:19,2025-06-24,Organic Search,Desktop,Central,35-44,50K-100K,Personal Loan,1,4,1112,Lead Form Submitted,1,1,1,1,1,,,0,6,26
2601,S002602,U000147,2025-04-03 18:18:57,2025-04-03,Direct,Mobile,West,25-34,50K-100K,Credit Card,0,4,995,Lead Form Started,1,1,1,1,0,Lead Form Started,Technical issue,36129,4,14
2602,S002603,U002198,2025-06-14 09:30:15,2025-06-14,Direct,Mobile,Central,45-54,50K-100K,Insurance Plan,0,5,795,Product Page Viewed,1,0,0,0,0,Product Page Viewed,Unclear product value,5654,6,24
2603,S002604,U002402,2025-03-10 17:37:08,2025-03-10,Direct,Mobile,North,25-34,Below 25K,Credit Card,1,4,363,Product Page Viewed,1,0,0,0,0,Product Page Viewed,Comparing alternatives,37273,3,11
2604,S002605,U002038,2025-02-04 15:37:50,2025-02-04,Paid Ads,Tablet,Central,45-54,25K-50K,Credit Card,0,4,989,Calculator Used,1,1,0,0,0,Calculator Used,Calculator result not attractive,19739,2,6
2605,S002606,U002074,2025-02-26 20:29:04,2025-02-26,Direct,Mobile,East,35-44,25K-50K,Personal Loan,1,2,808,Product Page Viewed,1,0,0,0,0,Product Page Viewed,High interest-rate concern,96643,2,9
2606,S002607,U000670,2025-01-31 05:30:39,2025-01-31,Social Media,Mobile,North,25-34,Below 25K,Credit Card,0,1,542,Product Page Viewed,1,0,0,0,0,Product Page Viewed,High interest-rate concern,25204,1,5
2607,S002608,U001764,2025-03-30 20:32:49,2025-03-30,Organic Search,Mobile,North,55+,100K+,Savings Account,0,1,859,Calculator Used,1,1,0,0,0,Calculator Used,Required information unavailable,19189,3,13
2608,S002609,U000155,2025-05-16 20:38:46,2025-05-16,Email,Tablet,South,25-34,50K-100K,Credit Card,0,5,1071,Lead Form Submitted,1,1,1,1,1,,,0,5,20
2609,S002610,U002019,2025-04-07 18:10:07,2025-04-07,Paid Ads,Mobile,North,35-44,25K-50K,Savings Account,0,7,642,Product Page Viewed,1,0,0,0,0,Product Page Viewed,Technical issue,10748,4,15
2610,S002611,U002453,2025-01-06 13:23:57,2025-01-06,Paid Ads,Desktop,South,25-34,50K-100K,Personal Loan,0,8,576,Product Page Viewed,1,0,0,0,0,Product Page Viewed,High interest-rate concern,143195,1,2
2611,S002612,U001898,2025-03-13 08:40:43,2025-03-13,Direct,Mobile,East,25-34,Below 25K,Credit Card,0,4,1121,Calculator Used,1,1,0,0,0,Calculator Used,Calculator result not attractive,29342,3,11
2612,S002613,U001462,2025-01-05 09:25:22,2025-01-05,Paid Ads,Mobile,West,35-44,50K-100K,Insurance Plan,0,4,827,Product Page Viewed,1,0,0,0,0,Product Page Viewed,High interest-rate concern,10287,1,1
2613,S002614,U000389,2025-05-18 19:17:04,2025-05-18,Organic Search,Mobile,North,25-34,Below 25K,Credit Card,0,6,593,Product Page Viewed,1,0,0,0,0,Product Page Viewed,Technical issue,37098,5,20
2614,S002615,U000840,2025-03-09 19:55:02,2025-03-09,Organic Search,Desktop,Central,35-44,25K-50K,Personal Loan,0,2,553,Product Page Viewed,1,0,0,0,0,Product Page Viewed,Technical issue,132064,3,10
2615,S002616,U002523,2025-02-09 05:53:35,2025-02-09,Organic Search,Mobile,Central,45-54,25K-50K,Personal Loan,0,5,899,CTA Clicked,1,1,1,0,0,CTA Clicked,Technical issue,149566,2,6
2616,S002617,U000919,2025-01-02 10:06:55,2025-01-02,Referral,Mobile,Central,18-24,25K-50K,Savings Account,0,11,596,Lead Form Submitted,1,1,1,1,1,,,0,1,1
2617,S002618,U002418,2025-01-22 10:59:41,2025-01-22,Email,Mobile,South,35-44,100K+,Credit Card,0,1,225,Lead Form Started,1,1,1,1,0,Lead Form Started,Too many required fields,38974,1,4
2618,S002619,U002451,2025-01-05 16:41:47,2025-01-05,Direct,Mobile,East,25-34,100K+,Personal Loan,0,4,808,CTA Clicked,1,1,1,0,0,CTA Clicked,Technical issue,93050,1,1
2619,S002620,U001207,2025-05-11 02:22:07,2025-05-11,Paid Ads,Desktop,West,35-44,Below 25K,Savings Account,1,5,923,Product Page Viewed,1,0,0,0,0,Product Page Viewed,Comparing alternatives,20972,5,19
2620,S002621,U000893,2025-05-10 13:06:49,2025-05-10,Email,Desktop,South,18-24,50K-100K,Credit Card,0,11,106,Lead Form Started,1,1,1,1,0,Lead Form Started,Session timeout,17451,5,19
2621,S002622,U001578,2025-03-21 17:52:24,2025-03-21,Organic Search,Mobile,East,25-34,Below 25K,Credit Card,1,2,1036,Calculator Used,1,1,0,0,0,Calculator Used,Comparing alternatives,28437,3,12
2622,S002623,U000152,2025-01-15 03:21:28,2025-01-15,Referral,Mobile,North,25-34,50K-100K,Savings Account,1,9,1120,Lead Form Started,1,1,1,1,0,Lead Form Started,Too many required fields,13514,1,3
2623,S002624,U000801,2025-03-09 23:44:25,2025-03-09,Paid Ads,Mobile,Central,45-54,50K-100K,Savings Account,1,2,1057,Product Page Viewed,1,0,0,0,0,Product Page Viewed,Comparing alternatives,12938,3,10
2624,S002625,U002347,2025-02-10 06:05:47,2025-02-10,Paid Ads,Desktop,North,35-44,50K-100K,Credit Card,1,12,61,Calculator Used,1,1,0,0,0,Calculator Used,Comparing alternatives,38060,2,7
2625,S002626,U000509,2025-01-26 22:44:13,2025-01-26,Social Media,Tablet,South,35-44,25K-50K,Personal Loan,0,5,674,Lead Form Submitted,1,1,1,1,1,,,0,1,4
2626,S002627,U002312,2025-01-16 18:05:31,2025-01-16,Direct,Desktop,East,18-24,50K-100K,Savings Account,1,2,47,Lead Form Submitted,1,1,1,1,1,,,0,1,3
2627,S002628,U001263,2025-03-19 23:39:19,2025-03-19,Organic Search,Mobile,South,18-24,25K-50K,Savings Account,0,7,973,Lead Form Started,1,1,1,1,0,Lead Form Started,Too many required fields,18686,3,12
2628,S002629,U000475,2025-06-11 08:06:04,2025-06-11,Email,Desktop,East,25-34,25K-50K,Savings Account,0,8,78,Product Page Viewed,1,0,0,0,0,Product Page Viewed,Comparing alternatives,16876,6,24
2629,S002630,U001593,2025-02-16 03:20:09,2025-02-16,Referral,Mobile,North,55+,50K-100K,Credit Card,0,8,675,Product Page Viewed,1,0,0,0,0,Product Page Viewed,Technical issue,35967,2,7
2630,S002631,U000749,2025-06-29 16:53:24,2025-06-29,Email,Mobile,North,35-44,25K-50K,Personal Loan,1,1,422,Product Page Viewed,1,0,0,0,0,Product Page Viewed,Unclear product value,149568,6,26
2631,S002632,U002102,2025-01-15 03:00:27,2025-01-15,Organic Search,Mobile,West,35-44,100K+,Savings Account,0,7,828,Product Page Viewed,1,0,0,0,0,Product Page Viewed,Unclear product value,15126,1,3
2632,S002633,U002079,2025-04-12 11:33:05,2025-04-12,Email,Mobile,North,35-44,Below 25K,Credit Card,0,3,1027,CTA Clicked,1,1,1,0,0,CTA Clicked,Form looked too long,17279,4,15
2633,S002634,U002100,2025-03-25 18:44:27,2025-03-25,Organic Search,Desktop,North,35-44,50K-100K,Personal Loan,0,10,963,Product Page Viewed,1,0,0,0,0,Product Page Viewed,High interest-rate concern,120590,3,13
2634,S002635,U000268,2025-06-29 11:41:30,2025-06-29,Email,Desktop,Central,45-54,50K-100K,Credit Card,0,9,1190,Product Page Viewed,1,0,0,0,0,Product Page Viewed,Unclear product value,26175,6,26
2635,S002636,U000542,2025-02-02 02:59:46,2025-02-02,Organic Search,Tablet,East,25-34,25K-50K,Insurance Plan,0,6,713,Product Page Viewed,1,0,0,0,0,Product Page Viewed,Comparing alternatives,8890,2,5
2636,S002637,U001742,2025-01-31 00:07:47,2025-01-31,Organic Search,Mobile,South,35-44,100K+,Personal Loan,0,8,961,Calculator Used,1,1,0,0,0,Calculator Used,Calculator result not attractive,123347,1,5
2637,S002638,U002511,2025-01-12 11:34:55,2025-01-12,Direct,Desktop,Central,35-44,100K+,Personal Loan,0,10,468,Product Page Viewed,1,0,0,0,0,Product Page Viewed,Unclear product value,127038,1,2
2638,S002639,U000527,2025-02-24 17:42:18,2025-02-24,Email,Mobile,Central,25-34,100K+,Credit Card,1,3,355,Product Page Viewed,1,0,0,0,0,Product Page Viewed,Unclear product value,16761,2,9
2639,S002640,U000437,2025-02-18 13:17:13,2025-02-18,Social Media,Mobile,South,55+,Below 25K,Personal Loan,0,5,42,Product Page Viewed,1,0,0,0,0,Product Page Viewed,Unclear product value,145683,2,8
2640,S002641,U002555,2025-05-11 18:46:32,2025-05-11,Paid Ads,Mobile,North,25-34,50K-100K,Savings Account,0,2,613,Lead Form Submitted,1,1,1,1,1,,,0,5,19
2641,S002642,U000547,2025-02-06 19:21:53,2025-02-06,Paid Ads,Mobile,North,25-34,100K+,Personal Loan,0,9,1094,Product Page Viewed,1,0,0,0,0,Product Page Viewed,Unclear product value,117934,2,6
2642,S002643,U000600,2025-05-24 15:56:49,2025-05-24,Paid Ads,Desktop,North,35-44,Below 25K,Insurance Plan,0,1,444,Website Visit,0,0,0,0,0,Website Visit,Landing page mismatch,9290,5,21
2643,S002644,U000828,2025-01-06 17:05:45,2025-01-06,Paid Ads,Mobile,East,35-44,50K-100K,Insurance Plan,0,11,375,Product Page Viewed,1,0,0,0,0,Product Page Viewed,Unclear product value,8425,1,2
2644,S002645,U001478,2025-06-04 00:35:45,2025-06-04,Email,Mobile,West,25-34,100K+,Credit Card,0,2,257,Calculator Used,1,1,0,0,0,Calculator Used,Calculator result not attractive,24399,6,23
2645,S002646,U001385,2025-04-09 13:05:08,2025-04-09,Paid Ads,Mobile,Central,25-34,100K+,Personal Loan,1,11,65,Calculator Used,1,1,0,0,0,Calculator Used,Comparing alternatives,104367,4,15
2646,S002647,U000367,2025-02-14 11:30:41,2025-02-14,Paid Ads,Mobile,South,25-34,100K+,Credit Card,1,10,888,Calculator Used,1,1,0,0,0,Calculator Used,Calculator result not attractive,36886,2,7
2647,S002648,U000071,2025-01-29 11:23:11,2025-01-29,Direct,Tablet,West,18-24,50K-100K,Credit Card,0,1,505,Lead Form Submitted,1,1,1,1,1,,,0,1,5
2648,S002649,U002504,2025-05-17 00:29:12,2025-05-17,Organic Search,Mobile,West,35-44,25K-50K,Credit Card,0,1,527,Product Page Viewed,1,0,0,0,0,Product Page Viewed,Unclear product value,20096,5,20
2649,S002650,U001294,2025-05-07 22:08:52,2025-05-07,Organic Search,Desktop,North,25-34,50K-100K,Credit Card,0,6,373,Product Page Viewed,1,0,0,0,0,Product Page Viewed,Technical issue,33753,5,19
2650,S002651,U000515,2025-06-02 16:25:56,2025-06-02,Organic Search,Desktop,South,45-54,50K-100K,Credit Card,0,4,886,Calculator Used,1,1,0,0,0,Calculator Used,Required information unavailable,24286,6,23
2651,S002652,U002498,2025-05-19 01:32:53,2025-05-19,Direct,Mobile,East,25-34,Below 25K,Savings Account,1,8,1081,Product Page Viewed,1,0,0,0,0,Product Page Viewed,High interest-rate concern,16747,5,21
2652,S002653,U002341,2025-02-09 00:21:04,2025-02-09,Direct,Mobile,Central,18-24,50K-100K,Personal Loan,0,1,393,Product Page Viewed,1,0,0,0,0,Product Page Viewed,Comparing alternatives,101528,2,6
2653,S002654,U001799,2025-04-27 13:17:38,2025-04-27,Organic Search,Desktop,South,55+,100K+,Personal Loan,0,6,351,Lead Form Started,1,1,1,1,0,Lead Form Started,Session timeout,112019,4,17
2654,S002655,U001500,2025-03-09 13:35:55,2025-03-09,Referral,Mobile,South,35-44,25K-50K,Savings Account,0,6,743,Product Page Viewed,1,0,0,0,0,Product Page Viewed,Technical issue,22400,3,10
2655,S002656,U000581,2025-05-09 22:44:16,2025-05-09,Paid Ads,Mobile,East,25-34,25K-50K,Personal Loan,0,3,846,Website Visit,0,0,0,0,0,Website Visit,Slow page load,155673,5,19
2656,S002657,U000522,2025-05-10 12:10:21,2025-05-10,Direct,Mobile,East,35-44,50K-100K,Personal Loan,1,10,136,Lead Form Submitted,1,1,1,1,1,,,0,5,19
2657,S002658,U001804,2025-04-29 06:47:19,2025-04-29,Paid Ads,Desktop,South,35-44,50K-100K,Insurance Plan,0,3,598,Calculator Used,1,1,0,0,0,Calculator Used,Required information unavailable,10446,4,18
2658,S002659,U001868,2025-01-14 10:07:51,2025-01-14,Social Media,Tablet,East,45-54,50K-100K,Savings Account,0,6,174,Website Visit,0,0,0,0,0,Website Visit,Immediate bounce,9823,1,3
2659,S002660,U000711,2025-02-17 21:35:09,2025-02-17,Direct,Tablet,Central,25-34,25K-50K,Credit Card,0,10,732,Product Page Viewed,1,0,0,0,0,Product Page Viewed,Comparing alternatives,39232,2,8
2660,S002661,U000557,2025-04-17 13:12:51,2025-04-17,Organic Search,Desktop,West,25-34,Below 25K,Personal Loan,0,5,828,Lead Form Started,1,1,1,1,0,Lead Form Started,Session timeout,113775,4,16
2661,S002662,U002136,2025-01-18 23:28:09,2025-01-18,Direct,Desktop,South,35-44,25K-50K,Credit Card,0,9,209,Product Page Viewed,1,0,0,0,0,Product Page Viewed,Unclear product value,35868,1,3
2662,S002663,U002012,2025-06-10 04:22:05,2025-06-10,Email,Mobile,East,45-54,Below 25K,Credit Card,1,7,1125,Website Visit,0,0,0,0,0,Website Visit,Landing page mismatch,17619,6,24
2663,S002664,U000216,2025-02-26 20:33:50,2025-02-26,Organic Search,Mobile,North,45-54,25K-50K,Credit Card,0,2,222,CTA Clicked,1,1,1,0,0,CTA Clicked,Privacy concern,39669,2,9
2664,S002665,U002289,2025-03-23 01:55:09,2025-03-23,Referral,Desktop,North,45-54,50K-100K,Personal Loan,0,11,725,Lead Form Submitted,1,1,1,1,1,,,0,3,12
2665,S002666,U000374,2025-01-21 21:12:18,2025-01-21,Paid Ads,Mobile,East,35-44,25K-50K,Personal Loan,0,8,969,Product Page Viewed,1,0,0,0,0,Product Page Viewed,High interest-rate concern,146844,1,4
2666,S002667,U001891,2025-05-01 07:29:51,2025-05-01,Direct,Desktop,North,45-54,Below 25K,Savings Account,0,4,1152,Product Page Viewed,1,0,0,0,0,Product Page Viewed,Comparing alternatives,10137,5,18
2667,S002668,U001023,2025-03-08 12:39:46,2025-03-08,Email,Mobile,West,35-44,50K-100K,Credit Card,1,9,410,Product Page Viewed,1,0,0,0,0,Product Page Viewed,Unclear product value,31422,3,10
2668,S002669,U001147,2025-04-27 06:55:16,2025-04-27,Organic Search,Mobile,Central,35-44,50K-100K,Savings Account,0,11,806,Lead Form Submitted,1,1,1,1,1,,,0,4,17
2669,S002670,U002237,2025-05-14 07:45:34,2025-05-14,Organic Search,Tablet,Central,45-54,100K+,Personal Loan,0,9,445,Product Page Viewed,1,0,0,0,0,Product Page Viewed,Unclear product value,112380,5,20
2670,S002671,U000882,2025-06-11 00:32:39,2025-06-11,Organic Search,Desktop,West,25-34,50K-100K,Personal Loan,1,2,318,Product Page Viewed,1,0,0,0,0,Product Page Viewed,Unclear product value,90171,6,24
2671,S002672,U002637,2025-01-29 13:05:43,2025-01-29,Direct,Mobile,East,25-34,50K-100K,Personal Loan,0,5,966,Product Page Viewed,1,0,0,0,0,Product Page Viewed,Comparing alternatives,95742,1,5
2672,S002673,U001526,2025-05-14 21:28:48,2025-05-14,Organic Search,Mobile,South,25-34,50K-100K,Credit Card,1,2,913,Lead Form Submitted,1,1,1,1,1,,,0,5,20
2673,S002674,U002416,2025-05-18 23:03:51,2025-05-18,Referral,Mobile,Central,55+,25K-50K,Personal Loan,0,3,544,Lead Form Submitted,1,1,1,1,1,,,0,5,20
2674,S002675,U000048,2025-01-18 18:30:19,2025-01-18,Email,Mobile,West,25-34,50K-100K,Personal Loan,0,9,35,Product Page Viewed,1,0,0,0,0,Product Page Viewed,Comparing alternatives,74526,1,3
2675,S002676,U001104,2025-01-31 14:05:43,2025-01-31,Referral,Mobile,West,18-24,Below 25K,Credit Card,0,2,911,Lead Form Submitted,1,1,1,1,1,,,0,1,5
2676,S002677,U000667,2025-04-06 19:25:46,2025-04-06,Social Media,Mobile,Central,45-54,25K-50K,Savings Account,0,10,580,Product Page Viewed,1,0,0,0,0,Product Page Viewed,Comparing alternatives,16291,4,14
2677,S002678,U000713,2025-03-31 06:09:13,2025-03-31,Paid Ads,Mobile,West,35-44,Below 25K,Credit Card,0,3,513,Product Page Viewed,1,0,0,0,0,Product Page Viewed,Unclear product value,17710,3,14
2678,S002679,U000178,2025-05-18 19:44:33,2025-05-18,Organic Search,Mobile,Central,45-54,50K-100K,Personal Loan,0,12,559,Product Page Viewed,1,0,0,0,0,Product Page Viewed,High interest-rate concern,137073,5,20
2679,S002680,U001787,2025-01-10 14:47:19,2025-01-10,Paid Ads,Desktop,North,55+,Below 25K,Credit Card,0,5,491,Calculator Used,1,1,0,0,0,Calculator Used,Calculator result not attractive,15852,1,2
2680,S002681,U000285,2025-02-17 22:53:35,2025-02-17,Email,Mobile,East,25-34,Below 25K,Savings Account,0,3,1054,Product Page Viewed,1,0,0,0,0,Product Page Viewed,Comparing alternatives,20886,2,8
2681,S002682,U002229,2025-05-16 17:26:53,2025-05-16,Email,Mobile,South,35-44,25K-50K,Personal Loan,1,3,697,Lead Form Submitted,1,1,1,1,1,,,0,5,20
2682,S002683,U001026,2025-05-19 22:34:12,2025-05-19,Organic Search,Mobile,West,35-44,50K-100K,Personal Loan,1,3,1149,Product Page Viewed,1,0,0,0,0,Product Page Viewed,Unclear product value,103654,5,21
2683,S002684,U001951,2025-04-06 19:20:58,2025-04-06,Paid Ads,Mobile,West,35-44,Below 25K,Personal Loan,0,10,260,Calculator Used,1,1,0,0,0,Calculator Used,Calculator result not attractive,126900,4,14
2684,S002685,U000883,2025-01-22 02:13:43,2025-01-22,Paid Ads,Desktop,Central,25-34,25K-50K,Savings Account,0,9,1075,Product Page Viewed,1,0,0,0,0,Product Page Viewed,Unclear product value,13785,1,4
2685,S002686,U000568,2025-06-05 12:35:03,2025-06-05,Direct,Mobile,Central,25-34,25K-50K,Personal Loan,1,12,417,Product Page Viewed,1,0,0,0,0,Product Page Viewed,Comparing alternatives,121452,6,23
2686,S002687,U001746,2025-05-27 11:36:28,2025-05-27,Organic Search,Mobile,East,25-34,Below 25K,Savings Account,0,10,917,Website Visit,0,0,0,0,0,Website Visit,Immediate bounce,11117,5,22
2687,S002688,U001734,2025-03-14 16:18:14,2025-03-14,Organic Search,Desktop,North,35-44,25K-50K,Credit Card,0,1,337,CTA Clicked,1,1,1,0,0,CTA Clicked,Form looked too long,17018,3,11
2688,S002689,U002293,2025-05-10 20:25:21,2025-05-10,Direct,Mobile,South,18-24,50K-100K,Insurance Plan,0,8,898,CTA Clicked,1,1,1,0,0,CTA Clicked,Privacy concern,10784,5,19
2689,S002690,U000066,2025-06-03 00:43:40,2025-06-03,Organic Search,Mobile,Central,18-24,100K+,Savings Account,0,2,810,Lead Form Submitted,1,1,1,1,1,,,0,6,23
2690,S002691,U001028,2025-04-18 00:08:45,2025-04-18,Paid Ads,Mobile,North,18-24,Below 25K,Personal Loan,0,10,897,Website Visit,0,0,0,0,0,Website Visit,Landing page mismatch,127443,4,16
2691,S002692,U000868,2025-05-15 17:18:14,2025-05-15,Paid Ads,Mobile,Central,35-44,25K-50K,Insurance Plan,0,8,770,Product Page Viewed,1,0,0,0,0,Product Page Viewed,Comparing alternatives,6602,5,20
2692,S002693,U001214,2025-05-30 10:34:39,2025-05-30,Referral,Mobile,North,25-34,25K-50K,Personal Loan,0,5,129,Calculator Used,1,1,0,0,0,Calculator Used,Technical issue,137326,5,22
2693,S002694,U000448,2025-01-04 08:19:02,2025-01-04,Direct,Desktop,North,35-44,25K-50K,Personal Loan,1,2,327,Product Page Viewed,1,0,0,0,0,Product Page Viewed,Comparing alternatives,158258,1,1
2694,S002695,U001905,2025-01-15 21:05:58,2025-01-15,Paid Ads,Desktop,Central,45-54,50K-100K,Savings Account,0,10,1104,Lead Form Started,1,1,1,1,0,Lead Form Started,Document requirement concern,18865,1,3
2695,S002696,U002380,2025-05-17 14:34:22,2025-05-17,Paid Ads,Desktop,South,45-54,Below 25K,Savings Account,0,11,871,Calculator Used,1,1,0,0,0,Calculator Used,Calculator result not attractive,18960,5,20
2696,S002697,U002557,2025-02-26 01:09:29,2025-02-26,Direct,Mobile,North,25-34,Below 25K,Savings Account,0,10,658,Product Page Viewed,1,0,0,0,0,Product Page Viewed,Technical issue,22216,2,9
2697,S002698,U001538,2025-05-05 14:32:58,2025-05-05,Social Media,Tablet,North,35-44,Below 25K,Personal Loan,0,6,247,Product Page Viewed,1,0,0,0,0,Product Page Viewed,Comparing alternatives,69445,5,19
2698,S002699,U001784,2025-06-01 16:04:05,2025-06-01,Direct,Desktop,North,25-34,50K-100K,Credit Card,0,12,581,Product Page Viewed,1,0,0,0,0,Product Page Viewed,Unclear product value,30537,6,22
2699,S002700,U000186,2025-05-14 13:07:23,2025-05-14,Direct,Mobile,East,35-44,50K-100K,Credit Card,0,6,941,Lead Form Started,1,1,1,1,0,Lead Form Started,Session timeout,16795,5,20
2700,S002701,U000337,2025-02-06 17:30:15,2025-02-06,Social Media,Desktop,South,25-34,25K-50K,Personal Loan,0,3,623,Website Visit,0,0,0,0,0,Website Visit,Not ready to explore,64724,2,6
2701,S002702,U000659,2025-06-13 12:45:19,2025-06-13,Organic Search,Tablet,West,25-34,Below 25K,Savings Account,0,9,41,Calculator Used,1,1,0,0,0,Calculator Used,Comparing alternatives,11887,6,24
2702,S002703,U000655,2025-06-07 09:59:16,2025-06-07,Referral,Mobile,Central,25-34,50K-100K,Personal Loan,0,10,499,Lead Form Submitted,1,1,1,1,1,,,0,6,23
2703,S002704,U000975,2025-02-07 23:22:53,2025-02-07,Organic Search,Desktop,Central,18-24,100K+,Credit Card,0,5,218,Lead Form Started,1,1,1,1,0,Lead Form Started,Document requirement concern,37733,2,6
2704,S002705,U001669,2025-03-17 12:36:43,2025-03-17,Paid Ads,Mobile,North,35-44,25K-50K,Personal Loan,0,7,1052,Product Page Viewed,1,0,0,0,0,Product Page Viewed,Unclear product value,134611,3,12
2705,S002706,U001664,2025-05-01 03:45:50,2025-05-01,Paid Ads,Mobile,Central,25-34,25K-50K,Insurance Plan,0,10,375,Product Page Viewed,1,0,0,0,0,Product Page Viewed,Comparing alternatives,7900,5,18
2706,S002707,U001587,2025-06-19 16:41:09,2025-06-19,Direct,Mobile,South,25-34,25K-50K,Personal Loan,0,1,155,Lead Form Submitted,1,1,1,1,1,,,0,6,25
2707,S002708,U000826,2025-03-06 11:14:26,2025-03-06,Social Media,Mobile,West,25-34,Below 25K,Savings Account,0,12,357,Product Page Viewed,1,0,0,0,0,Product Page Viewed,Technical issue,11261,3,10
2708,S002709,U002198,2025-06-25 11:55:08,2025-06-25,Direct,Desktop,West,35-44,50K-100K,Credit Card,1,8,889,Lead Form Submitted,1,1,1,1,1,,,0,6,26
2709,S002710,U001365,2025-02-16 17:56:57,2025-02-16,Paid Ads,Desktop,North,25-34,Below 25K,Savings Account,0,10,1043,Product Page Viewed,1,0,0,0,0,Product Page Viewed,Unclear product value,8983,2,7
2710,S002711,U000996,2025-04-06 09:26:38,2025-04-06,Direct,Mobile,North,18-24,25K-50K,Credit Card,0,1,755,Lead Form Started,1,1,1,1,0,Lead Form Started,Document requirement concern,16761,4,14
2711,S002712,U002383,2025-01-02 21:56:01,2025-01-02,Organic Search,Desktop,North,25-34,25K-50K,Personal Loan,0,10,215,Product Page Viewed,1,0,0,0,0,Product Page Viewed,Unclear product value,127718,1,1
2712,S002713,U001638,2025-01-10 17:24:09,2025-01-10,Direct,Desktop,East,35-44,50K-100K,Savings Account,1,12,403,Product Page Viewed,1,0,0,0,0,Product Page Viewed,Unclear product value,15369,1,2
2713,S002714,U002458,2025-03-06 16:10:49,2025-03-06,Organic Search,Desktop,Central,35-44,50K-100K,Savings Account,0,10,1034,Lead Form Submitted,1,1,1,1,1,,,0,3,10
2714,S002715,U000261,2025-06-02 10:33:52,2025-06-02,Referral,Mobile,East,25-34,50K-100K,Savings Account,0,8,845,Lead Form Submitted,1,1,1,1,1,,,0,6,23
2715,S002716,U002265,2025-03-21 19:14:47,2025-03-21,Paid Ads,Mobile,North,35-44,25K-50K,Savings Account,0,3,340,Product Page Viewed,1,0,0,0,0,Product Page Viewed,Technical issue,18254,3,12
2716,S002717,U000341,2025-01-17 04:21:40,2025-01-17,Direct,Mobile,West,25-34,25K-50K,Credit Card,0,6,276,CTA Clicked,1,1,1,0,0,CTA Clicked,Form looked too long,27120,1,3
2717,S002718,U000253,2025-03-04 14:36:19,2025-03-04,Referral,Mobile,West,45-54,50K-100K,Personal Loan,0,2,979,Product Page Viewed,1,0,0,0,0,Product Page Viewed,High interest-rate concern,125637,3,10
2718,S002719,U001472,2025-06-23 08:10:20,2025-06-23,Paid Ads,Mobile,South,35-44,25K-50K,Credit Card,1,9,88,Lead Form Submitted,1,1,1,1,1,,,0,6,26
2719,S002720,U000080,2025-01-30 18:58:17,2025-01-30,Referral,Mobile,South,25-34,25K-50K,Personal Loan,0,11,393,Lead Form Started,1,1,1,1,0,Lead Form Started,Too many required fields,157805,1,5
2720,S002721,U001664,2025-02-02 01:53:48,2025-02-02,Organic Search,Desktop,North,45-54,25K-50K,Savings Account,0,2,1087,Lead Form Submitted,1,1,1,1,1,,,0,2,5
2721,S002722,U000603,2025-05-10 07:05:41,2025-05-10,Paid Ads,Mobile,North,25-34,50K-100K,Credit Card,1,8,249,Calculator Used,1,1,0,0,0,Calculator Used,Technical issue,17771,5,19
2722,S002723,U001277,2025-05-18 22:24:42,2025-05-18,Organic Search,Mobile,West,25-34,100K+,Credit Card,0,4,266,Lead Form Submitted,1,1,1,1,1,,,0,5,20
2723,S002724,U002629,2025-03-10 20:40:33,2025-03-10,Direct,Desktop,North,55+,50K-100K,Personal Loan,0,11,766,Product Page Viewed,1,0,0,0,0,Product Page Viewed,Comparing alternatives,122705,3,11
2724,S002725,U001133,2025-05-16 23:03:25,2025-05-16,Email,Tablet,East,55+,Below 25K,Personal Loan,0,4,128,Product Page Viewed,1,0,0,0,0,Product Page Viewed,High interest-rate concern,96312,5,20
2725,S002726,U002303,2025-06-26 23:09:43,2025-06-26,Organic Search,Mobile,Central,55+,Below 25K,Insurance Plan,0,6,972,Product Page Viewed,1,0,0,0,0,Product Page Viewed,High interest-rate concern,7209,6,26
2726,S002727,U000793,2025-05-04 08:09:04,2025-05-04,Paid Ads,Mobile,East,55+,25K-50K,Credit Card,0,6,1160,Product Page Viewed,1,0,0,0,0,Product Page Viewed,Unclear product value,23048,5,18
2727,S002728,U000011,2025-05-04 14:34:09,2025-05-04,Organic Search,Mobile,East,25-34,25K-50K,Savings Account,0,9,968,CTA Clicked,1,1,1,0,0,CTA Clicked,Form looked too long,11636,5,18
2728,S002729,U002023,2025-02-24 06:18:16,2025-02-24,Referral,Mobile,West,18-24,50K-100K,Savings Account,0,11,627,Product Page Viewed,1,0,0,0,0,Product Page Viewed,Technical issue,19572,2,9
2729,S002730,U000611,2025-02-12 16:51:53,2025-02-12,Referral,Desktop,North,25-34,100K+,Credit Card,1,12,751,Product Page Viewed,1,0,0,0,0,Product Page Viewed,Comparing alternatives,36397,2,7
2730,S002731,U001439,2025-05-25 15:40:45,2025-05-25,Paid Ads,Desktop,East,25-34,50K-100K,Savings Account,1,3,124,Website Visit,0,0,0,0,0,Website Visit,Not ready to explore,14916,5,21
2731,S002732,U001636,2025-05-13 20:02:45,2025-05-13,Organic Search,Desktop,East,25-34,Below 25K,Credit Card,0,4,1039,Product Page Viewed,1,0,0,0,0,Product Page Viewed,Unclear product value,21918,5,20
2732,S002733,U001051,2025-02-02 01:55:27,2025-02-02,Organic Search,Desktop,Central,18-24,25K-50K,Credit Card,0,2,1199,Calculator Used,1,1,0,0,0,Calculator Used,Required information unavailable,38816,2,5
2733,S002734,U001311,2025-02-09 01:20:36,2025-02-09,Paid Ads,Desktop,South,45-54,50K-100K,Insurance Plan,1,7,97,Product Page Viewed,1,0,0,0,0,Product Page Viewed,Unclear product value,10780,2,6
2734,S002735,U001958,2025-01-05 08:38:26,2025-01-05,Email,Mobile,East,55+,100K+,Personal Loan,0,6,490,Lead Form Submitted,1,1,1,1,1,,,0,1,1
2735,S002736,U002120,2025-04-18 09:12:18,2025-04-18,Referral,Desktop,North,35-44,25K-50K,Savings Account,1,8,470,Lead Form Started,1,1,1,1,0,Lead Form Started,Session timeout,10062,4,16
2736,S002737,U000694,2025-05-20 19:06:56,2025-05-20,Organic Search,Mobile,South,45-54,25K-50K,Insurance Plan,0,4,975,Product Page Viewed,1,0,0,0,0,Product Page Viewed,Technical issue,9805,5,21
2737,S002738,U002549,2025-05-27 19:01:05,2025-05-27,Email,Tablet,West,45-54,25K-50K,Savings Account,0,10,15,Product Page Viewed,1,0,0,0,0,Product Page Viewed,Comparing alternatives,12970,5,22
2738,S002739,U002113,2025-02-21 15:17:51,2025-02-21,Paid Ads,Mobile,South,45-54,50K-100K,Credit Card,1,2,568,Website Visit,0,0,0,0,0,Website Visit,Immediate bounce,25017,2,8
2739,S002740,U001251,2025-05-19 16:13:13,2025-05-19,Organic Search,Desktop,West,45-54,25K-50K,Insurance Plan,0,2,1017,Lead Form Started,1,1,1,1,0,Lead Form Started,Document requirement concern,7117,5,21
2740,S002741,U002260,2025-03-01 05:26:47,2025-03-01,Email,Tablet,South,18-24,50K-100K,Credit Card,0,5,38,Calculator Used,1,1,0,0,0,Calculator Used,Required information unavailable,30905,3,9
2741,S002742,U000106,2025-05-30 18:23:02,2025-05-30,Organic Search,Desktop,North,35-44,50K-100K,Credit Card,0,2,535,Calculator Used,1,1,0,0,0,Calculator Used,Comparing alternatives,35436,5,22
2742,S002743,U000815,2025-03-27 20:23:34,2025-03-27,Referral,Tablet,North,35-44,100K+,Savings Account,0,1,346,Calculator Used,1,1,0,0,0,Calculator Used,Calculator result not attractive,13147,3,13
2743,S002744,U002257,2025-06-12 01:29:57,2025-06-12,Organic Search,Desktop,South,35-44,25K-50K,Personal Loan,0,6,988,Product Page Viewed,1,0,0,0,0,Product Page Viewed,Unclear product value,130909,6,24
2744,S002745,U000188,2025-06-29 23:14:53,2025-06-29,Organic Search,Mobile,South,55+,50K-100K,Insurance Plan,1,11,319,Product Page Viewed,1,0,0,0,0,Product Page Viewed,High interest-rate concern,9684,6,26
2745,S002746,U002280,2025-01-05 03:35:19,2025-01-05,Organic Search,Mobile,South,35-44,50K-100K,Personal Loan,1,11,773,Lead Form Submitted,1,1,1,1,1,,,0,1,1
2746,S002747,U000350,2025-04-02 06:27:40,2025-04-02,Organic Search,Desktop,West,35-44,25K-50K,Savings Account,1,6,725,Product Page Viewed,1,0,0,0,0,Product Page Viewed,Comparing alternatives,21742,4,14
2747,S002748,U001949,2025-01-02 18:57:28,2025-01-02,Direct,Mobile,South,35-44,25K-50K,Savings Account,1,2,954,Lead Form Started,1,1,1,1,0,Lead Form Started,Document requirement concern,10350,1,1
2748,S002749,U002713,2025-02-28 23:01:49,2025-02-28,Paid Ads,Mobile,Central,35-44,100K+,Personal Loan,0,9,1035,Product Page Viewed,1,0,0,0,0,Product Page Viewed,Unclear product value,79486,2,9
2749,S002750,U000637,2025-03-17 22:05:45,2025-03-17,Paid Ads,Mobile,East,45-54,50K-100K,Insurance Plan,0,6,939,Website Visit,0,0,0,0,0,Website Visit,Landing page mismatch,9870,3,12
2750,S002751,U001356,2025-04-21 23:29:42,2025-04-21,Paid Ads,Desktop,West,25-34,Below 25K,Credit Card,1,4,408,Product Page Viewed,1,0,0,0,0,Product Page Viewed,Unclear product value,38788,4,17
2751,S002752,U001291,2025-02-16 19:57:15,2025-02-16,Paid Ads,Tablet,East,35-44,50K-100K,Insurance Plan,1,11,400,Product Page Viewed,1,0,0,0,0,Product Page Viewed,High interest-rate concern,4971,2,7
2752,S002753,U001874,2025-04-26 10:36:52,2025-04-26,Paid Ads,Tablet,North,18-24,50K-100K,Credit Card,0,8,877,Lead Form Started,1,1,1,1,0,Lead Form Started,Document requirement concern,28518,4,17
2753,S002754,U001613,2025-01-06 08:25:57,2025-01-06,Social Media,Tablet,South,45-54,25K-50K,Insurance Plan,0,7,462,Product Page Viewed,1,0,0,0,0,Product Page Viewed,Comparing alternatives,7306,1,2
2754,S002755,U002177,2025-04-12 06:27:24,2025-04-12,Direct,Mobile,North,35-44,25K-50K,Credit Card,0,10,208,Calculator Used,1,1,0,0,0,Calculator Used,Technical issue,22544,4,15
2755,S002756,U001908,2025-04-26 07:58:44,2025-04-26,Referral,Mobile,North,25-34,25K-50K,Insurance Plan,0,6,800,Calculator Used,1,1,0,0,0,Calculator Used,Calculator result not attractive,7753,4,17
2756,S002757,U000023,2025-01-01 20:10:25,2025-01-01,Organic Search,Desktop,Central,35-44,50K-100K,Credit Card,1,3,1194,Website Visit,0,0,0,0,0,Website Visit,Landing page mismatch,37245,1,1
2757,S002758,U000290,2025-03-05 05:18:15,2025-03-05,Paid Ads,Desktop,East,25-34,Below 25K,Personal Loan,0,5,184,Product Page Viewed,1,0,0,0,0,Product Page Viewed,High interest-rate concern,158088,3,10
2758,S002759,U000044,2025-04-17 07:47:00,2025-04-17,Paid Ads,Desktop,South,35-44,50K-100K,Personal Loan,1,8,183,Calculator Used,1,1,0,0,0,Calculator Used,Comparing alternatives,96180,4,16
2759,S002760,U000494,2025-06-19 05:04:21,2025-06-19,Direct,Desktop,West,25-34,50K-100K,Credit Card,1,1,847,CTA Clicked,1,1,1,0,0,CTA Clicked,Form looked too long,26624,6,25
2760,S002761,U002446,2025-02-25 20:27:22,2025-02-25,Organic Search,Desktop,South,25-34,25K-50K,Credit Card,0,3,567,Product Page Viewed,1,0,0,0,0,Product Page Viewed,Comparing alternatives,22424,2,9
2761,S002762,U001192,2025-03-24 04:59:56,2025-03-24,Direct,Mobile,East,55+,100K+,Credit Card,0,12,796,Website Visit,0,0,0,0,0,Website Visit,Landing page mismatch,31932,3,13
2762,S002763,U000591,2025-05-22 23:18:32,2025-05-22,Direct,Mobile,North,45-54,25K-50K,Personal Loan,1,4,1035,Product Page Viewed,1,0,0,0,0,Product Page Viewed,Unclear product value,75418,5,21
2763,S002764,U002142,2025-03-03 23:34:46,2025-03-03,Referral,Mobile,Central,25-34,25K-50K,Credit Card,0,12,1104,Product Page Viewed,1,0,0,0,0,Product Page Viewed,Technical issue,22132,3,10
2764,S002765,U002198,2025-05-26 02:59:28,2025-05-26,Direct,Desktop,West,18-24,25K-50K,Personal Loan,0,9,1028,Lead Form Started,1,1,1,1,0,Lead Form Started,Session timeout,104482,5,22
2765,S002766,U001626,2025-02-26 08:36:24,2025-02-26,Paid Ads,Desktop,North,18-24,25K-50K,Personal Loan,0,4,239,Product Page Viewed,1,0,0,0,0,Product Page Viewed,Unclear product value,113715,2,9
2766,S002767,U002256,2025-04-13 02:48:07,2025-04-13,Organic Search,Mobile,South,25-34,50K-100K,Personal Loan,0,2,232,Product Page Viewed,1,0,0,0,0,Product Page Viewed,Technical issue,93005,4,15
2767,S002768,U000908,2025-02-22 02:49:00,2025-02-22,Direct,Desktop,South,45-54,25K-50K,Insurance Plan,0,11,152,Product Page Viewed,1,0,0,0,0,Product Page Viewed,High interest-rate concern,7980,2,8
2768,S002769,U002195,2025-06-09 06:21:46,2025-06-09,Organic Search,Mobile,West,18-24,50K-100K,Credit Card,1,6,1060,Product Page Viewed,1,0,0,0,0,Product Page Viewed,High interest-rate concern,21165,6,24
2769,S002770,U001985,2025-06-28 17:58:58,2025-06-28,Email,Desktop,North,45-54,Below 25K,Personal Loan,1,8,1173,Website Visit,0,0,0,0,0,Website Visit,Not ready to explore,85187,6,26
2770,S002771,U000398,2025-06-16 20:08:28,2025-06-16,Paid Ads,Mobile,West,45-54,25K-50K,Personal Loan,1,1,485,Calculator Used,1,1,0,0,0,Calculator Used,Technical issue,64288,6,25
2771,S002772,U002698,2025-06-15 17:00:37,2025-06-15,Paid Ads,Desktop,East,45-54,100K+,Savings Account,0,2,1077,Calculator Used,1,1,0,0,0,Calculator Used,Calculator result not attractive,14489,6,24
2772,S002773,U001025,2025-06-29 17:23:13,2025-06-29,Email,Mobile,West,35-44,50K-100K,Personal Loan,0,7,380,Product Page Viewed,1,0,0,0,0,Product Page Viewed,Technical issue,124950,6,26
2773,S002774,U000664,2025-03-16 17:34:16,2025-03-16,Paid Ads,Mobile,South,35-44,25K-50K,Insurance Plan,0,7,211,Product Page Viewed,1,0,0,0,0,Product Page Viewed,Unclear product value,10150,3,11
2774,S002775,U000792,2025-02-18 09:10:58,2025-02-18,Referral,Desktop,South,55+,Below 25K,Savings Account,1,9,876,Calculator Used,1,1,0,0,0,Calculator Used,Comparing alternatives,15651,2,8
2775,S002776,U002129,2025-03-14 20:46:01,2025-03-14,Email,Mobile,West,25-34,25K-50K,Savings Account,0,6,599,Lead Form Submitted,1,1,1,1,1,,,0,3,11
2776,S002777,U002019,2025-02-22 09:45:21,2025-02-22,Email,Desktop,West,25-34,50K-100K,Savings Account,0,2,132,CTA Clicked,1,1,1,0,0,CTA Clicked,Technical issue,15147,2,8
2777,S002778,U000142,2025-05-01 21:11:59,2025-05-01,Organic Search,Desktop,South,18-24,50K-100K,Personal Loan,0,7,104,Product Page Viewed,1,0,0,0,0,Product Page Viewed,High interest-rate concern,81045,5,18
2778,S002779,U002530,2025-02-06 04:07:14,2025-02-06,Organic Search,Mobile,North,45-54,Below 25K,Credit Card,1,4,533,Product Page Viewed,1,0,0,0,0,Product Page Viewed,Technical issue,16504,2,6
2779,S002780,U001548,2025-05-02 20:42:03,2025-05-02,Referral,Mobile,South,25-34,Below 25K,Credit Card,0,9,1134,Lead Form Started,1,1,1,1,0,Lead Form Started,Too many required fields,35205,5,18
2780,S002781,U002367,2025-01-16 10:50:19,2025-01-16,Email,Tablet,South,25-34,50K-100K,Savings Account,0,3,472,Product Page Viewed,1,0,0,0,0,Product Page Viewed,Comparing alternatives,20130,1,3
2781,S002782,U001374,2025-04-06 12:01:10,2025-04-06,Social Media,Desktop,South,25-34,25K-50K,Personal Loan,1,6,812,Lead Form Started,1,1,1,1,0,Lead Form Started,Document requirement concern,155486,4,14
2782,S002783,U002130,2025-01-16 08:02:28,2025-01-16,Referral,Desktop,Central,45-54,100K+,Savings Account,0,1,694,Calculator Used,1,1,0,0,0,Calculator Used,Required information unavailable,19809,1,3
2783,S002784,U001361,2025-03-11 16:36:05,2025-03-11,Paid Ads,Mobile,East,25-34,50K-100K,Personal Loan,1,9,817,Lead Form Started,1,1,1,1,0,Lead Form Started,Technical issue,128972,3,11
2784,S002785,U001847,2025-04-23 19:50:05,2025-04-23,Direct,Mobile,Central,55+,100K+,Credit Card,0,8,1121,Product Page Viewed,1,0,0,0,0,Product Page Viewed,High interest-rate concern,16843,4,17
2785,S002786,U000072,2025-03-26 16:32:26,2025-03-26,Paid Ads,Desktop,East,18-24,100K+,Personal Loan,0,6,224,CTA Clicked,1,1,1,0,0,CTA Clicked,Privacy concern,73325,3,13
2786,S002787,U002342,2025-05-05 09:05:56,2025-05-05,Direct,Desktop,Central,25-34,50K-100K,Credit Card,0,4,822,Website Visit,0,0,0,0,0,Website Visit,Landing page mismatch,31045,5,19
2787,S002788,U000095,2025-04-26 09:04:13,2025-04-26,Paid Ads,Mobile,South,25-34,50K-100K,Insurance Plan,1,10,409,Calculator Used,1,1,0,0,0,Calculator Used,Required information unavailable,8657,4,17
2788,S002789,U002665,2025-03-10 19:12:38,2025-03-10,Direct,Mobile,Central,35-44,25K-50K,Credit Card,0,11,1017,Calculator Used,1,1,0,0,0,Calculator Used,Calculator result not attractive,24372,3,11
2789,S002790,U001425,2025-02-07 04:28:13,2025-02-07,Organic Search,Desktop,Central,25-34,100K+,Personal Loan,0,7,403,Lead Form Submitted,1,1,1,1,1,,,0,2,6
2790,S002791,U000892,2025-04-08 06:01:45,2025-04-08,Direct,Mobile,North,25-34,50K-100K,Insurance Plan,0,5,28,Calculator Used,1,1,0,0,0,Calculator Used,Technical issue,4434,4,15
2791,S002792,U001613,2025-06-07 16:52:29,2025-06-07,Paid Ads,Mobile,West,25-34,50K-100K,Insurance Plan,0,3,466,Lead Form Started,1,1,1,1,0,Lead Form Started,Technical issue,8472,6,23
2792,S002793,U002613,2025-01-31 16:28:28,2025-01-31,Social Media,Desktop,South,55+,25K-50K,Insurance Plan,0,10,276,Product Page Viewed,1,0,0,0,0,Product Page Viewed,High interest-rate concern,8718,1,5
2793,S002794,U002194,2025-06-19 15:05:06,2025-06-19,Paid Ads,Mobile,North,25-34,50K-100K,Credit Card,1,1,904,Product Page Viewed,1,0,0,0,0,Product Page Viewed,Technical issue,28940,6,25
2794,S002795,U002547,2025-03-19 12:22:05,2025-03-19,Direct,Desktop,South,25-34,50K-100K,Savings Account,0,3,245,Product Page Viewed,1,0,0,0,0,Product Page Viewed,Comparing alternatives,18642,3,12
2795,S002796,U000387,2025-01-30 17:57:56,2025-01-30,Paid Ads,Mobile,West,35-44,100K+,Credit Card,0,7,766,Product Page Viewed,1,0,0,0,0,Product Page Viewed,Technical issue,17313,1,5
2796,S002797,U000842,2025-05-09 05:00:11,2025-05-09,Organic Search,Mobile,South,35-44,100K+,Personal Loan,0,7,1117,Product Page Viewed,1,0,0,0,0,Product Page Viewed,Comparing alternatives,68922,5,19
2797,S002798,U002334,2025-03-11 09:14:33,2025-03-11,Direct,Mobile,North,25-34,25K-50K,Personal Loan,1,10,620,CTA Clicked,1,1,1,0,0,CTA Clicked,Technical issue,160470,3,11
2798,S002799,U002601,2025-03-27 03:33:50,2025-03-27,Organic Search,Mobile,East,35-44,Below 25K,Personal Loan,0,3,1069,Lead Form Submitted,1,1,1,1,1,,,0,3,13
2799,S002800,U002619,2025-05-08 04:13:45,2025-05-08,Organic Search,Mobile,West,45-54,25K-50K,Personal Loan,0,9,881,Product Page Viewed,1,0,0,0,0,Product Page Viewed,Unclear product value,117931,5,19
2800,S002801,U000601,2025-04-26 20:08:50,2025-04-26,Direct,Mobile,West,25-34,50K-100K,Credit Card,0,2,718,Calculator Used,1,1,0,0,0,Calculator Used,Calculator result not attractive,24879,4,17
2801,S002802,U000314,2025-03-23 20:53:06,2025-03-23,Paid Ads,Mobile,West,35-44,25K-50K,Savings Account,0,6,88,Product Page Viewed,1,0,0,0,0,Product Page Viewed,Unclear product value,16526,3,12
2802,S002803,U002707,2025-01-15 17:27:52,2025-01-15,Social Media,Desktop,East,45-54,Below 25K,Insurance Plan,0,2,192,Website Visit,0,0,0,0,0,Website Visit,Landing page mismatch,6833,1,3
2803,S002804,U001246,2025-06-27 03:09:53,2025-06-27,Organic Search,Desktop,North,25-34,25K-50K,Insurance Plan,1,2,431,Product Page Viewed,1,0,0,0,0,Product Page Viewed,Comparing alternatives,4971,6,26
2804,S002805,U001232,2025-01-16 00:32:02,2025-01-16,Email,Mobile,East,18-24,50K-100K,Savings Account,0,9,499,Product Page Viewed,1,0,0,0,0,Product Page Viewed,High interest-rate concern,16192,1,3
2805,S002806,U002546,2025-01-14 10:30:49,2025-01-14,Direct,Desktop,Central,35-44,50K-100K,Credit Card,0,10,1081,Product Page Viewed,1,0,0,0,0,Product Page Viewed,High interest-rate concern,32893,1,3
2806,S002807,U002002,2025-02-22 08:10:50,2025-02-22,Paid Ads,Mobile,East,35-44,50K-100K,Savings Account,0,10,703,Lead Form Submitted,1,1,1,1,1,,,0,2,8
2807,S002808,U000597,2025-04-19 03:19:43,2025-04-19,Referral,Mobile,South,25-34,50K-100K,Personal Loan,0,12,1055,CTA Clicked,1,1,1,0,0,CTA Clicked,Privacy concern,112286,4,16
2808,S002809,U001605,2025-02-15 05:02:30,2025-02-15,Organic Search,Desktop,North,25-34,Below 25K,Personal Loan,0,1,331,Product Page Viewed,1,0,0,0,0,Product Page Viewed,Technical issue,134364,2,7
2809,S002810,U002451,2025-04-02 17:55:32,2025-04-02,Direct,Desktop,East,45-54,25K-50K,Insurance Plan,0,10,358,Lead Form Started,1,1,1,1,0,Lead Form Started,Too many required fields,10456,4,14
2810,S002811,U002234,2025-05-05 23:43:40,2025-05-05,Social Media,Mobile,East,55+,50K-100K,Personal Loan,0,4,202,Calculator Used,1,1,0,0,0,Calculator Used,Required information unavailable,129333,5,19
2811,S002812,U001725,2025-05-22 22:32:05,2025-05-22,Direct,Desktop,North,45-54,Below 25K,Credit Card,0,10,237,CTA Clicked,1,1,1,0,0,CTA Clicked,Privacy concern,30130,5,21
2812,S002813,U000830,2025-03-02 09:06:46,2025-03-02,Referral,Desktop,North,25-34,50K-100K,Savings Account,0,9,341,Product Page Viewed,1,0,0,0,0,Product Page Viewed,High interest-rate concern,13031,3,9
2813,S002814,U001044,2025-01-02 08:34:31,2025-01-02,Direct,Desktop,East,55+,25K-50K,Personal Loan,1,3,622,Calculator Used,1,1,0,0,0,Calculator Used,Technical issue,148762,1,1
2814,S002815,U001033,2025-06-10 22:47:09,2025-06-10,Email,Mobile,East,25-34,Below 25K,Credit Card,0,3,558,Product Page Viewed,1,0,0,0,0,Product Page Viewed,Technical issue,34148,6,24
2815,S002816,U001527,2025-04-07 02:14:31,2025-04-07,Paid Ads,Mobile,East,25-34,Below 25K,Personal Loan,0,1,622,Website Visit,0,0,0,0,0,Website Visit,Immediate bounce,97209,4,15
2816,S002817,U001712,2025-04-20 00:54:09,2025-04-20,Social Media,Mobile,West,45-54,50K-100K,Credit Card,1,12,75,Product Page Viewed,1,0,0,0,0,Product Page Viewed,High interest-rate concern,26302,4,16
2817,S002818,U000468,2025-03-22 06:30:18,2025-03-22,Organic Search,Mobile,Central,45-54,25K-50K,Insurance Plan,1,4,1161,Product Page Viewed,1,0,0,0,0,Product Page Viewed,Comparing alternatives,6898,3,12
2818,S002819,U000886,2025-02-10 20:01:16,2025-02-10,Direct,Desktop,South,35-44,25K-50K,Credit Card,0,5,113,Lead Form Submitted,1,1,1,1,1,,,0,2,7
2819,S002820,U001943,2025-03-23 09:36:35,2025-03-23,Email,Mobile,South,25-34,25K-50K,Savings Account,0,12,857,Product Page Viewed,1,0,0,0,0,Product Page Viewed,Technical issue,9982,3,12
2820,S002821,U001765,2025-02-22 00:21:04,2025-02-22,Paid Ads,Mobile,South,25-34,Below 25K,Personal Loan,0,12,619,Calculator Used,1,1,0,0,0,Calculator Used,Calculator result not attractive,138441,2,8
2821,S002822,U002427,2025-04-12 12:33:48,2025-04-12,Email,Desktop,South,18-24,Below 25K,Credit Card,1,5,332,Product Page Viewed,1,0,0,0,0,Product Page Viewed,Unclear product value,25067,4,15
2822,S002823,U002264,2025-03-05 23:20:56,2025-03-05,Direct,Mobile,Central,25-34,50K-100K,Credit Card,0,1,293,Lead Form Submitted,1,1,1,1,1,,,0,3,10
2823,S002824,U002679,2025-03-03 03:34:25,2025-03-03,Social Media,Mobile,South,45-54,25K-50K,Personal Loan,0,9,919,Product Page Viewed,1,0,0,0,0,Product Page Viewed,Comparing alternatives,66930,3,10
2824,S002825,U000279,2025-05-26 21:06:13,2025-05-26,Referral,Mobile,South,35-44,25K-50K,Credit Card,0,4,580,Calculator Used,1,1,0,0,0,Calculator Used,Required information unavailable,21984,5,22
2825,S002826,U001905,2025-03-04 00:45:08,2025-03-04,Social Media,Tablet,North,45-54,100K+,Savings Account,0,4,761,Product Page Viewed,1,0,0,0,0,Product Page Viewed,Technical issue,10300,3,10
2826,S002827,U000630,2025-01-01 14:03:28,2025-01-01,Paid Ads,Mobile,West,45-54,Below 25K,Savings Account,1,2,1048,Product Page Viewed,1,0,0,0,0,Product Page Viewed,Comparing alternatives,9584,1,1
2827,S002828,U001595,2025-01-15 08:02:33,2025-01-15,Organic Search,Tablet,East,18-24,25K-50K,Credit Card,1,5,882,Website Visit,0,0,0,0,0,Website Visit,Slow page load,34211,1,3
2828,S002829,U001855,2025-06-06 12:49:28,2025-06-06,Direct,Desktop,North,25-34,Below 25K,Personal Loan,0,5,814,Product Page Viewed,1,0,0,0,0,Product Page Viewed,Technical issue,79742,6,23
2829,S002830,U002585,2025-02-14 20:34:15,2025-02-14,Direct,Mobile,Central,18-24,50K-100K,Personal Loan,0,9,1178,Product Page Viewed,1,0,0,0,0,Product Page Viewed,Unclear product value,120423,2,7
2830,S002831,U000492,2025-06-12 05:49:09,2025-06-12,Direct,Mobile,West,25-34,50K-100K,Credit Card,0,2,553,Calculator Used,1,1,0,0,0,Calculator Used,Calculator result not attractive,22105,6,24
2831,S002832,U000314,2025-05-19 22:18:30,2025-05-19,Direct,Mobile,West,35-44,25K-50K,Credit Card,0,1,470,Lead Form Submitted,1,1,1,1,1,,,0,5,21
2832,S002833,U001078,2025-02-19 00:30:43,2025-02-19,Referral,Mobile,East,25-34,Below 25K,Credit Card,1,7,674,Lead Form Started,1,1,1,1,0,Lead Form Started,Document requirement concern,17164,2,8
2833,S002834,U000253,2025-01-25 23:34:57,2025-01-25,Referral,Mobile,North,18-24,25K-50K,Credit Card,0,12,518,Calculator Used,1,1,0,0,0,Calculator Used,Comparing alternatives,17926,1,4
2834,S002835,U001855,2025-04-03 13:05:02,2025-04-03,Email,Mobile,East,55+,Below 25K,Personal Loan,0,7,262,Product Page Viewed,1,0,0,0,0,Product Page Viewed,Technical issue,154469,4,14
2835,S002836,U001132,2025-04-20 05:49:29,2025-04-20,Direct,Mobile,North,18-24,25K-50K,Personal Loan,0,8,866,Product Page Viewed,1,0,0,0,0,Product Page Viewed,Technical issue,118692,4,16
2836,S002837,U002132,2025-01-08 04:59:05,2025-01-08,Direct,Desktop,West,35-44,25K-50K,Personal Loan,1,1,94,Product Page Viewed,1,0,0,0,0,Product Page Viewed,Technical issue,115259,1,2
2837,S002838,U001652,2025-01-18 17:51:41,2025-01-18,Referral,Desktop,North,35-44,25K-50K,Credit Card,0,7,1134,Product Page Viewed,1,0,0,0,0,Product Page Viewed,Comparing alternatives,17926,1,3
2838,S002839,U001444,2025-06-17 19:36:10,2025-06-17,Paid Ads,Desktop,North,35-44,25K-50K,Credit Card,1,4,776,Lead Form Submitted,1,1,1,1,1,,,0,6,25
2839,S002840,U001794,2025-03-13 14:50:39,2025-03-13,Organic Search,Desktop,North,45-54,100K+,Personal Loan,0,6,76,Product Page Viewed,1,0,0,0,0,Product Page Viewed,Comparing alternatives,115090,3,11
2840,S002841,U000125,2025-03-28 04:39:56,2025-03-28,Referral,Tablet,East,25-34,Below 25K,Personal Loan,0,12,182,Lead Form Submitted,1,1,1,1,1,,,0,3,13
2841,S002842,U000135,2025-02-16 00:49:11,2025-02-16,Direct,Mobile,East,18-24,Below 25K,Personal Loan,0,7,728,Calculator Used,1,1,0,0,0,Calculator Used,Calculator result not attractive,86354,2,7
2842,S002843,U000451,2025-04-22 23:21:36,2025-04-22,Referral,Desktop,Central,45-54,100K+,Personal Loan,0,1,1086,Lead Form Submitted,1,1,1,1,1,,,0,4,17
2843,S002844,U000066,2025-03-25 02:21:06,2025-03-25,Paid Ads,Mobile,North,25-34,100K+,Insurance Plan,1,2,440,Product Page Viewed,1,0,0,0,0,Product Page Viewed,Comparing alternatives,10026,3,13
2844,S002845,U001554,2025-04-05 04:00:27,2025-04-05,Organic Search,Desktop,North,25-34,25K-50K,Credit Card,0,3,1188,Calculator Used,1,1,0,0,0,Calculator Used,Calculator result not attractive,30952,4,14
2845,S002846,U002091,2025-01-15 02:23:27,2025-01-15,Direct,Mobile,West,25-34,Below 25K,Credit Card,1,4,994,Lead Form Started,1,1,1,1,0,Lead Form Started,Too many required fields,29728,1,3
2846,S002847,U002716,2025-02-06 20:14:53,2025-02-06,Paid Ads,Desktop,Central,18-24,50K-100K,Personal Loan,1,6,190,Product Page Viewed,1,0,0,0,0,Product Page Viewed,Technical issue,95402,2,6
2847,S002848,U002409,2025-03-09 11:00:00,2025-03-09,Paid Ads,Mobile,East,25-34,25K-50K,Personal Loan,0,12,1008,Calculator Used,1,1,0,0,0,Calculator Used,Required information unavailable,136934,3,10
2848,S002849,U001591,2025-03-29 09:20:05,2025-03-29,Organic Search,Desktop,South,35-44,25K-50K,Credit Card,1,2,268,Product Page Viewed,1,0,0,0,0,Product Page Viewed,High interest-rate concern,25394,3,13
2849,S002850,U000714,2025-06-08 13:43:07,2025-06-08,Direct,Mobile,East,25-34,50K-100K,Personal Loan,0,6,197,Product Page Viewed,1,0,0,0,0,Product Page Viewed,Technical issue,78964,6,23
2850,S002851,U002296,2025-03-06 05:05:36,2025-03-06,Email,Desktop,East,25-34,Below 25K,Personal Loan,0,1,752,Lead Form Submitted,1,1,1,1,1,,,0,3,10
2851,S002852,U000692,2025-04-30 07:46:18,2025-04-30,Direct,Desktop,North,35-44,25K-50K,Credit Card,0,1,527,Product Page Viewed,1,0,0,0,0,Product Page Viewed,High interest-rate concern,25214,4,18
2852,S002853,U000168,2025-02-11 06:36:57,2025-02-11,Organic Search,Mobile,North,35-44,100K+,Personal Loan,0,8,103,Product Page Viewed,1,0,0,0,0,Product Page Viewed,Unclear product value,122788,2,7
2853,S002854,U000563,2025-04-09 08:59:01,2025-04-09,Social Media,Desktop,South,25-34,Below 25K,Savings Account,0,10,990,Product Page Viewed,1,0,0,0,0,Product Page Viewed,Comparing alternatives,16663,4,15
2854,S002855,U001017,2025-03-07 02:26:37,2025-03-07,Social Media,Mobile,North,35-44,25K-50K,Credit Card,0,9,553,Website Visit,0,0,0,0,0,Website Visit,Landing page mismatch,20681,3,10
2855,S002856,U000474,2025-06-10 17:22:00,2025-06-10,Direct,Mobile,South,35-44,100K+,Credit Card,0,5,76,Lead Form Submitted,1,1,1,1,1,,,0,6,24
2856,S002857,U002208,2025-02-02 02:38:28,2025-02-02,Paid Ads,Desktop,Central,25-34,25K-50K,Insurance Plan,0,10,89,Calculator Used,1,1,0,0,0,Calculator Used,Required information unavailable,6160,2,5
2857,S002858,U001956,2025-04-30 08:29:32,2025-04-30,Email,Desktop,South,18-24,25K-50K,Personal Loan,0,9,1005,Lead Form Submitted,1,1,1,1,1,,,0,4,18
2858,S002859,U000792,2025-02-26 05:54:24,2025-02-26,Organic Search,Mobile,West,18-24,25K-50K,Personal Loan,1,2,1043,Product Page Viewed,1,0,0,0,0,Product Page Viewed,Technical issue,127463,2,9
2859,S002860,U001201,2025-03-15 10:18:57,2025-03-15,Email,Desktop,South,35-44,25K-50K,Insurance Plan,0,1,939,Website Visit,0,0,0,0,0,Website Visit,Slow page load,10794,3,11
2860,S002861,U001871,2025-04-10 20:45:30,2025-04-10,Direct,Mobile,East,55+,25K-50K,Personal Loan,0,6,506,Product Page Viewed,1,0,0,0,0,Product Page Viewed,Technical issue,116511,4,15
2861,S002862,U000694,2025-03-08 03:23:47,2025-03-08,Paid Ads,Mobile,West,55+,25K-50K,Savings Account,0,8,156,Website Visit,0,0,0,0,0,Website Visit,Landing page mismatch,14632,3,10
2862,S002863,U002435,2025-03-16 14:35:50,2025-03-16,Social Media,Mobile,West,35-44,25K-50K,Personal Loan,0,6,998,Product Page Viewed,1,0,0,0,0,Product Page Viewed,Comparing alternatives,94084,3,11
2863,S002864,U000847,2025-01-18 05:04:55,2025-01-18,Organic Search,Desktop,Central,45-54,25K-50K,Personal Loan,0,3,248,Calculator Used,1,1,0,0,0,Calculator Used,Required information unavailable,119613,1,3
2864,S002865,U000306,2025-02-27 02:49:38,2025-02-27,Paid Ads,Mobile,West,35-44,Below 25K,Credit Card,1,3,635,CTA Clicked,1,1,1,0,0,CTA Clicked,Privacy concern,27147,2,9
2865,S002866,U001786,2025-02-04 21:12:13,2025-02-04,Social Media,Desktop,East,25-34,100K+,Personal Loan,0,3,449,Calculator Used,1,1,0,0,0,Calculator Used,Required information unavailable,121603,2,6
2866,S002867,U000846,2025-04-26 15:15:14,2025-04-26,Social Media,Mobile,East,35-44,50K-100K,Personal Loan,1,3,666,Lead Form Started,1,1,1,1,0,Lead Form Started,Session timeout,81660,4,17
2867,S002868,U001843,2025-05-17 17:16:57,2025-05-17,Referral,Desktop,East,35-44,50K-100K,Insurance Plan,0,7,671,Product Page Viewed,1,0,0,0,0,Product Page Viewed,High interest-rate concern,8165,5,20
2868,S002869,U000833,2025-01-08 20:17:25,2025-01-08,Referral,Desktop,West,18-24,50K-100K,Savings Account,0,6,617,Calculator Used,1,1,0,0,0,Calculator Used,Comparing alternatives,9778,1,2
2869,S002870,U000842,2025-02-15 08:04:16,2025-02-15,Organic Search,Desktop,West,35-44,25K-50K,Savings Account,0,1,888,Lead Form Submitted,1,1,1,1,1,,,0,2,7
2870,S002871,U002034,2025-02-16 12:11:23,2025-02-16,Paid Ads,Desktop,North,25-34,50K-100K,Insurance Plan,1,5,569,Lead Form Started,1,1,1,1,0,Lead Form Started,Session timeout,4784,2,7
2871,S002872,U002832,2025-02-07 02:09:24,2025-02-07,Direct,Mobile,East,55+,50K-100K,Credit Card,1,9,730,Product Page Viewed,1,0,0,0,0,Product Page Viewed,Comparing alternatives,39566,2,6
2872,S002873,U002828,2025-06-28 01:45:34,2025-06-28,Direct,Desktop,North,25-34,50K-100K,Insurance Plan,0,10,98,Product Page Viewed,1,0,0,0,0,Product Page Viewed,Technical issue,10619,6,26
2873,S002874,U001291,2025-02-21 19:07:22,2025-02-21,Paid Ads,Mobile,East,25-34,25K-50K,Insurance Plan,1,2,601,Calculator Used,1,1,0,0,0,Calculator Used,Required information unavailable,5129,2,8
2874,S002875,U001787,2025-05-22 16:45:38,2025-05-22,Referral,Desktop,West,45-54,50K-100K,Savings Account,1,5,982,Product Page Viewed,1,0,0,0,0,Product Page Viewed,Comparing alternatives,14282,5,21
2875,S002876,U001469,2025-04-02 15:12:49,2025-04-02,Direct,Mobile,South,35-44,100K+,Insurance Plan,0,1,68,Lead Form Started,1,1,1,1,0,Lead Form Started,Technical issue,7530,4,14
2876,S002877,U000162,2025-02-14 17:32:32,2025-02-14,Referral,Mobile,East,35-44,25K-50K,Personal Loan,0,12,1168,Calculator Used,1,1,0,0,0,Calculator Used,Technical issue,119508,2,7
2877,S002878,U002138,2025-04-21 06:31:38,2025-04-21,Direct,Mobile,North,35-44,50K-100K,Insurance Plan,1,12,1142,Product Page Viewed,1,0,0,0,0,Product Page Viewed,Technical issue,6700,4,17
2878,S002879,U002812,2025-06-25 09:57:16,2025-06-25,Email,Desktop,South,45-54,50K-100K,Credit Card,1,4,1038,Product Page Viewed,1,0,0,0,0,Product Page Viewed,Comparing alternatives,40019,6,26
2879,S002880,U002790,2025-03-15 06:16:45,2025-03-15,Organic Search,Mobile,South,25-34,25K-50K,Credit Card,0,2,120,Calculator Used,1,1,0,0,0,Calculator Used,Calculator result not attractive,35951,3,11
2880,S002881,U001165,2025-03-06 19:31:44,2025-03-06,Paid Ads,Mobile,West,45-54,25K-50K,Personal Loan,1,1,768,Product Page Viewed,1,0,0,0,0,Product Page Viewed,High interest-rate concern,92355,3,10
2881,S002882,U002881,2025-02-23 09:14:39,2025-02-23,Paid Ads,Mobile,East,18-24,25K-50K,Credit Card,0,10,801,Website Visit,0,0,0,0,0,Website Visit,Immediate bounce,34194,2,8
2882,S002883,U002409,2025-01-29 17:17:32,2025-01-29,Paid Ads,Desktop,West,35-44,25K-50K,Personal Loan,1,5,784,Product Page Viewed,1,0,0,0,0,Product Page Viewed,Comparing alternatives,159451,1,5
2883,S002884,U000745,2025-03-13 00:49:10,2025-03-13,Direct,Mobile,West,35-44,25K-50K,Insurance Plan,1,5,130,Lead Form Submitted,1,1,1,1,1,,,0,3,11
2884,S002885,U000830,2025-03-23 04:26:37,2025-03-23,Organic Search,Mobile,West,55+,50K-100K,Savings Account,0,9,704,Product Page Viewed,1,0,0,0,0,Product Page Viewed,Technical issue,21839,3,12
2885,S002886,U000501,2025-02-27 05:30:04,2025-02-27,Organic Search,Desktop,East,35-44,25K-50K,Savings Account,0,10,527,Product Page Viewed,1,0,0,0,0,Product Page Viewed,High interest-rate concern,19606,2,9
2886,S002887,U000754,2025-01-10 03:02:28,2025-01-10,Referral,Desktop,South,25-34,Below 25K,Credit Card,0,1,389,Lead Form Started,1,1,1,1,0,Lead Form Started,Session timeout,31050,1,2
2887,S002888,U001207,2025-01-13 00:23:00,2025-01-13,Paid Ads,Mobile,East,35-44,50K-100K,Savings Account,0,11,899,Product Page Viewed,1,0,0,0,0,Product Page Viewed,Technical issue,12117,1,3
2888,S002889,U000749,2025-06-12 21:42:07,2025-06-12,Email,Tablet,East,18-24,50K-100K,Personal Loan,0,7,522,Product Page Viewed,1,0,0,0,0,Product Page Viewed,Comparing alternatives,139465,6,24
2889,S002890,U002273,2025-06-21 13:01:00,2025-06-21,Direct,Desktop,West,25-34,50K-100K,Insurance Plan,0,10,107,Lead Form Submitted,1,1,1,1,1,,,0,6,25
2890,S002891,U000090,2025-03-09 07:59:14,2025-03-09,Organic Search,Desktop,South,45-54,50K-100K,Savings Account,0,1,1197,CTA Clicked,1,1,1,0,0,CTA Clicked,Not ready to apply,17988,3,10
2891,S002892,U001669,2025-04-11 02:15:57,2025-04-11,Paid Ads,Mobile,West,25-34,25K-50K,Credit Card,0,12,946,Lead Form Submitted,1,1,1,1,1,,,0,4,15
2892,S002893,U001940,2025-04-10 10:47:16,2025-04-10,Organic Search,Mobile,East,45-54,25K-50K,Savings Account,0,6,510,Product Page Viewed,1,0,0,0,0,Product Page Viewed,Unclear product value,19591,4,15
2893,S002894,U002243,2025-01-25 14:02:51,2025-01-25,Direct,Tablet,South,35-44,25K-50K,Credit Card,0,9,43,Product Page Viewed,1,0,0,0,0,Product Page Viewed,Comparing alternatives,37880,1,4
2894,S002895,U000886,2025-04-05 13:40:54,2025-04-05,Social Media,Mobile,North,18-24,Below 25K,Insurance Plan,0,7,890,Product Page Viewed,1,0,0,0,0,Product Page Viewed,High interest-rate concern,9868,4,14
2895,S002896,U001020,2025-02-15 09:38:29,2025-02-15,Paid Ads,Desktop,Central,25-34,Below 25K,Personal Loan,0,12,621,Lead Form Started,1,1,1,1,0,Lead Form Started,Session timeout,94922,2,7
2896,S002897,U002746,2025-02-25 18:48:48,2025-02-25,Organic Search,Mobile,South,35-44,100K+,Credit Card,0,2,1008,Product Page Viewed,1,0,0,0,0,Product Page Viewed,Unclear product value,20617,2,9
2897,S002898,U000998,2025-02-13 17:36:28,2025-02-13,Social Media,Desktop,Central,25-34,Below 25K,Credit Card,0,2,940,Calculator Used,1,1,0,0,0,Calculator Used,Technical issue,24283,2,7
2898,S002899,U002409,2025-01-05 06:53:25,2025-01-05,Paid Ads,Mobile,North,35-44,25K-50K,Credit Card,0,1,257,CTA Clicked,1,1,1,0,0,CTA Clicked,Form looked too long,21655,1,1
2899,S002900,U000861,2025-03-18 10:43:56,2025-03-18,Paid Ads,Mobile,East,25-34,50K-100K,Personal Loan,0,11,780,Calculator Used,1,1,0,0,0,Calculator Used,Required information unavailable,73147,3,12
2900,S002901,U002296,2025-01-11 08:51:36,2025-01-11,Paid Ads,Desktop,Central,35-44,25K-50K,Personal Loan,0,8,882,Product Page Viewed,1,0,0,0,0,Product Page Viewed,Unclear product value,129298,1,2
2901,S002902,U002820,2025-05-16 20:29:55,2025-05-16,Referral,Desktop,West,35-44,100K+,Credit Card,1,8,626,Calculator Used,1,1,0,0,0,Calculator Used,Technical issue,19280,5,20
2902,S002903,U002738,2025-06-04 01:10:20,2025-06-04,Organic Search,Mobile,West,35-44,50K-100K,Savings Account,0,4,1023,Product Page Viewed,1,0,0,0,0,Product Page Viewed,High interest-rate concern,10695,6,23
2903,S002904,U001126,2025-01-15 21:35:20,2025-01-15,Social Media,Tablet,East,35-44,Below 25K,Savings Account,0,5,553,CTA Clicked,1,1,1,0,0,CTA Clicked,Form looked too long,20165,1,3
2904,S002905,U000857,2025-04-21 18:39:02,2025-04-21,Organic Search,Desktop,South,35-44,100K+,Personal Loan,1,3,1200,Lead Form Submitted,1,1,1,1,1,,,0,4,17
2905,S002906,U002355,2025-05-25 18:21:55,2025-05-25,Referral,Mobile,East,25-34,50K-100K,Savings Account,1,12,1020,Product Page Viewed,1,0,0,0,0,Product Page Viewed,Technical issue,9349,5,21
2906,S002907,U002844,2025-04-20 17:47:16,2025-04-20,Email,Desktop,West,25-34,25K-50K,Personal Loan,0,5,272,Lead Form Started,1,1,1,1,0,Lead Form Started,Session timeout,79916,4,16
2907,S002908,U000845,2025-02-25 20:42:04,2025-02-25,Email,Desktop,Central,25-34,Below 25K,Personal Loan,0,8,541,Calculator Used,1,1,0,0,0,Calculator Used,Required information unavailable,112489,2,9
2908,S002909,U000035,2025-05-04 20:26:51,2025-05-04,Email,Desktop,South,35-44,100K+,Insurance Plan,0,8,134,Product Page Viewed,1,0,0,0,0,Product Page Viewed,Unclear product value,9960,5,18
2909,S002910,U001213,2025-03-15 12:26:09,2025-03-15,Social Media,Mobile,North,35-44,25K-50K,Personal Loan,0,8,954,Product Page Viewed,1,0,0,0,0,Product Page Viewed,High interest-rate concern,94327,3,11
2910,S002911,U002219,2025-03-24 13:06:30,2025-03-24,Referral,Mobile,Central,25-34,25K-50K,Personal Loan,1,12,216,Lead Form Submitted,1,1,1,1,1,,,0,3,13
2911,S002912,U000379,2025-02-14 16:06:36,2025-02-14,Social Media,Mobile,West,35-44,25K-50K,Savings Account,1,10,687,Product Page Viewed,1,0,0,0,0,Product Page Viewed,Comparing alternatives,15272,2,7
2912,S002913,U001864,2025-02-13 02:44:13,2025-02-13,Direct,Desktop,Central,35-44,100K+,Insurance Plan,0,4,102,Website Visit,0,0,0,0,0,Website Visit,Immediate bounce,8410,2,7
2913,S002914,U001654,2025-02-12 03:22:07,2025-02-12,Organic Search,Mobile,North,25-34,100K+,Personal Loan,0,3,444,Product Page Viewed,1,0,0,0,0,Product Page Viewed,High interest-rate concern,64594,2,7
2914,S002915,U002324,2025-02-18 18:27:24,2025-02-18,Social Media,Mobile,Central,35-44,50K-100K,Savings Account,0,8,732,Product Page Viewed,1,0,0,0,0,Product Page Viewed,Comparing alternatives,20786,2,8
2915,S002916,U000016,2025-05-11 01:09:56,2025-05-11,Paid Ads,Desktop,East,35-44,25K-50K,Personal Loan,0,9,523,Lead Form Submitted,1,1,1,1,1,,,0,5,19
2916,S002917,U001791,2025-02-21 18:32:17,2025-02-21,Email,Mobile,North,18-24,50K-100K,Insurance Plan,1,4,590,Lead Form Submitted,1,1,1,1,1,,,0,2,8
2917,S002918,U001601,2025-03-25 11:59:15,2025-03-25,Social Media,Mobile,South,45-54,Below 25K,Personal Loan,1,2,82,Product Page Viewed,1,0,0,0,0,Product Page Viewed,Unclear product value,68458,3,13
2918,S002919,U002602,2025-02-26 15:40:34,2025-02-26,Direct,Mobile,North,45-54,100K+,Personal Loan,0,8,1037,Product Page Viewed,1,0,0,0,0,Product Page Viewed,Technical issue,110024,2,9
2919,S002920,U002501,2025-03-24 03:15:37,2025-03-24,Organic Search,Mobile,North,18-24,25K-50K,Personal Loan,0,11,675,Lead Form Submitted,1,1,1,1,1,,,0,3,13
2920,S002921,U000940,2025-05-25 22:13:41,2025-05-25,Direct,Tablet,West,35-44,100K+,Personal Loan,0,11,672,Product Page Viewed,1,0,0,0,0,Product Page Viewed,Comparing alternatives,107094,5,21
2921,S002922,U001268,2025-06-19 04:26:13,2025-06-19,Referral,Desktop,South,35-44,25K-50K,Credit Card,0,8,1111,Lead Form Started,1,1,1,1,0,Lead Form Started,Session timeout,35239,6,25
2922,S002923,U000434,2025-06-22 02:05:23,2025-06-22,Referral,Mobile,East,25-34,25K-50K,Credit Card,0,5,1032,Calculator Used,1,1,0,0,0,Calculator Used,Comparing alternatives,37288,6,25
2923,S002924,U001030,2025-04-17 00:49:48,2025-04-17,Social Media,Mobile,North,35-44,50K-100K,Personal Loan,0,2,1105,Product Page Viewed,1,0,0,0,0,Product Page Viewed,Comparing alternatives,158592,4,16
2924,S002925,U001837,2025-03-17 13:35:11,2025-03-17,Social Media,Desktop,North,35-44,50K-100K,Insurance Plan,0,8,25,Lead Form Submitted,1,1,1,1,1,,,0,3,12
2925,S002926,U002249,2025-05-01 18:54:00,2025-05-01,Paid Ads,Mobile,South,45-54,50K-100K,Savings Account,0,1,909,Lead Form Submitted,1,1,1,1,1,,,0,5,18
2926,S002927,U000576,2025-05-16 20:02:42,2025-05-16,Direct,Mobile,South,55+,25K-50K,Credit Card,0,8,1128,Product Page Viewed,1,0,0,0,0,Product Page Viewed,Unclear product value,32807,5,20
2927,S002928,U000144,2025-01-07 12:08:23,2025-01-07,Paid Ads,Tablet,North,35-44,Below 25K,Personal Loan,1,2,627,Lead Form Started,1,1,1,1,0,Lead Form Started,Too many required fields,129215,1,2
2928,S002929,U002384,2025-05-21 07:59:20,2025-05-21,Organic Search,Desktop,South,18-24,100K+,Personal Loan,0,1,924,Lead Form Submitted,1,1,1,1,1,,,0,5,21
2929,S002930,U001260,2025-01-09 05:42:18,2025-01-09,Referral,Mobile,North,35-44,Below 25K,Personal Loan,1,4,185,Product Page Viewed,1,0,0,0,0,Product Page Viewed,Comparing alternatives,150265,1,2
2930,S002931,U000369,2025-03-03 07:34:21,2025-03-03,Paid Ads,Tablet,Central,25-34,Below 25K,Savings Account,1,3,87,Website Visit,0,0,0,0,0,Website Visit,Immediate bounce,11441,3,10
2931,S002932,U001532,2025-03-05 10:46:01,2025-03-05,Organic Search,Mobile,Central,35-44,50K-100K,Insurance Plan,1,10,485,CTA Clicked,1,1,1,0,0,CTA Clicked,Form looked too long,7145,3,10
2932,S002933,U000609,2025-06-17 15:50:37,2025-06-17,Paid Ads,Desktop,East,35-44,100K+,Savings Account,0,2,50,Product Page Viewed,1,0,0,0,0,Product Page Viewed,High interest-rate concern,14937,6,25
2933,S002934,U002526,2025-04-26 00:45:03,2025-04-26,Paid Ads,Desktop,West,25-34,25K-50K,Personal Loan,0,12,326,Product Page Viewed,1,0,0,0,0,Product Page Viewed,Technical issue,156945,4,17
2934,S002935,U002366,2025-01-14 13:56:22,2025-01-14,Organic Search,Mobile,North,25-34,25K-50K,Credit Card,1,11,772,Product Page Viewed,1,0,0,0,0,Product Page Viewed,High interest-rate concern,18303,1,3
2935,S002936,U000628,2025-05-17 17:41:57,2025-05-17,Direct,Desktop,North,25-34,50K-100K,Credit Card,0,1,696,Product Page Viewed,1,0,0,0,0,Product Page Viewed,Technical issue,38319,5,20
2936,S002937,U001053,2025-04-18 18:29:45,2025-04-18,Referral,Mobile,West,45-54,50K-100K,Credit Card,1,6,19,Product Page Viewed,1,0,0,0,0,Product Page Viewed,Technical issue,32982,4,16
2937,S002938,U002759,2025-04-12 19:08:51,2025-04-12,Paid Ads,Desktop,Central,45-54,50K-100K,Insurance Plan,0,4,783,Product Page Viewed,1,0,0,0,0,Product Page Viewed,Unclear product value,9472,4,15
2938,S002939,U000011,2025-03-26 06:27:49,2025-03-26,Direct,Desktop,North,25-34,100K+,Credit Card,1,7,303,Calculator Used,1,1,0,0,0,Calculator Used,Technical issue,30312,3,13
2939,S002940,U000859,2025-01-12 01:32:07,2025-01-12,Paid Ads,Mobile,South,25-34,25K-50K,Insurance Plan,1,1,428,Calculator Used,1,1,0,0,0,Calculator Used,Technical issue,8920,1,2
2940,S002941,U001730,2025-02-27 09:23:05,2025-02-27,Social Media,Tablet,West,35-44,100K+,Personal Loan,0,7,808,Website Visit,0,0,0,0,0,Website Visit,Immediate bounce,84831,2,9
2941,S002942,U000696,2025-06-16 12:37:29,2025-06-16,Paid Ads,Tablet,Central,45-54,50K-100K,Personal Loan,0,3,183,Website Visit,0,0,0,0,0,Website Visit,Landing page mismatch,83350,6,25
2942,S002943,U001504,2025-01-11 02:51:40,2025-01-11,Direct,Mobile,South,25-34,50K-100K,Savings Account,1,11,998,Calculator Used,1,1,0,0,0,Calculator Used,Calculator result not attractive,19687,1,2
2943,S002944,U001098,2025-05-13 04:18:34,2025-05-13,Paid Ads,Mobile,South,18-24,25K-50K,Personal Loan,1,9,518,Lead Form Submitted,1,1,1,1,1,,,0,5,20
2944,S002945,U000712,2025-01-06 04:26:52,2025-01-06,Direct,Mobile,Central,25-34,25K-50K,Personal Loan,0,6,948,Calculator Used,1,1,0,0,0,Calculator Used,Calculator result not attractive,121070,1,2
2945,S002946,U000643,2025-01-06 07:29:14,2025-01-06,Organic Search,Mobile,East,35-44,25K-50K,Insurance Plan,0,3,386,Product Page Viewed,1,0,0,0,0,Product Page Viewed,High interest-rate concern,9230,1,2
2946,S002947,U002520,2025-06-19 05:53:00,2025-06-19,Referral,Mobile,East,25-34,50K-100K,Personal Loan,0,4,211,Lead Form Started,1,1,1,1,0,Lead Form Started,Document requirement concern,160742,6,25
2947,S002948,U001369,2025-01-06 22:05:46,2025-01-06,Email,Desktop,North,25-34,50K-100K,Savings Account,1,2,944,Lead Form Submitted,1,1,1,1,1,,,0,1,2
2948,S002949,U002269,2025-05-18 19:32:10,2025-05-18,Direct,Mobile,South,45-54,100K+,Personal Loan,0,12,625,Product Page Viewed,1,0,0,0,0,Product Page Viewed,Unclear product value,64709,5,20
2949,S002950,U001156,2025-04-22 02:50:47,2025-04-22,Email,Tablet,East,55+,25K-50K,Credit Card,0,6,916,Product Page Viewed,1,0,0,0,0,Product Page Viewed,High interest-rate concern,32254,4,17
2950,S002951,U000322,2025-03-24 09:36:55,2025-03-24,Social Media,Mobile,North,35-44,50K-100K,Savings Account,0,1,397,Product Page Viewed,1,0,0,0,0,Product Page Viewed,Technical issue,18448,3,13
2951,S002952,U000354,2025-04-01 20:31:03,2025-04-01,Direct,Mobile,East,35-44,50K-100K,Personal Loan,0,11,940,Lead Form Submitted,1,1,1,1,1,,,0,4,14
2952,S002953,U000195,2025-05-06 01:45:48,2025-05-06,Referral,Tablet,East,35-44,50K-100K,Personal Loan,0,9,196,CTA Clicked,1,1,1,0,0,CTA Clicked,Technical issue,121073,5,19
2953,S002954,U000342,2025-04-20 18:27:57,2025-04-20,Organic Search,Tablet,East,45-54,50K-100K,Personal Loan,1,4,63,Product Page Viewed,1,0,0,0,0,Product Page Viewed,Comparing alternatives,143767,4,16
2954,S002955,U001587,2025-01-24 15:49:33,2025-01-24,Direct,Mobile,North,45-54,25K-50K,Savings Account,1,9,22,Website Visit,0,0,0,0,0,Website Visit,Slow page load,15759,1,4
2955,S002956,U002414,2025-01-11 08:18:11,2025-01-11,Direct,Desktop,West,35-44,50K-100K,Insurance Plan,0,1,103,Product Page Viewed,1,0,0,0,0,Product Page Viewed,High interest-rate concern,4884,1,2
2956,S002957,U000361,2025-05-27 17:41:26,2025-05-27,Direct,Desktop,South,35-44,50K-100K,Insurance Plan,0,3,930,Product Page Viewed,1,0,0,0,0,Product Page Viewed,Unclear product value,9964,5,22
2957,S002958,U001795,2025-06-08 08:03:58,2025-06-08,Referral,Desktop,East,35-44,25K-50K,Personal Loan,0,8,967,Product Page Viewed,1,0,0,0,0,Product Page Viewed,Technical issue,68374,6,23
2958,S002959,U001838,2025-02-26 12:38:40,2025-02-26,Referral,Desktop,East,25-34,25K-50K,Insurance Plan,0,7,432,Product Page Viewed,1,0,0,0,0,Product Page Viewed,Comparing alternatives,6352,2,9
2959,S002960,U000207,2025-01-04 09:23:28,2025-01-04,Email,Mobile,West,25-34,Below 25K,Credit Card,0,10,620,Product Page Viewed,1,0,0,0,0,Product Page Viewed,Unclear product value,31265,1,1
2960,S002961,U000612,2025-06-08 12:28:27,2025-06-08,Paid Ads,Mobile,West,25-34,100K+,Personal Loan,1,6,258,Product Page Viewed,1,0,0,0,0,Product Page Viewed,Comparing alternatives,151055,6,23
2961,S002962,U002698,2025-05-19 22:50:45,2025-05-19,Organic Search,Desktop,North,45-54,50K-100K,Credit Card,0,11,471,Product Page Viewed,1,0,0,0,0,Product Page Viewed,High interest-rate concern,34739,5,21
2962,S002963,U001552,2025-02-17 01:02:56,2025-02-17,Referral,Desktop,West,25-34,25K-50K,Personal Loan,0,1,135,Product Page Viewed,1,0,0,0,0,Product Page Viewed,Comparing alternatives,120452,2,8
2963,S002964,U001173,2025-03-23 19:50:44,2025-03-23,Organic Search,Desktop,East,25-34,25K-50K,Personal Loan,0,6,195,Product Page Viewed,1,0,0,0,0,Product Page Viewed,Unclear product value,146421,3,12
2964,S002965,U001235,2025-02-10 10:23:35,2025-02-10,Email,Desktop,East,25-34,Below 25K,Savings Account,0,9,781,Calculator Used,1,1,0,0,0,Calculator Used,Comparing alternatives,16385,2,7
2965,S002966,U000064,2025-03-24 10:58:22,2025-03-24,Social Media,Desktop,Central,18-24,100K+,Credit Card,0,12,682,Product Page Viewed,1,0,0,0,0,Product Page Viewed,Unclear product value,19822,3,13
2966,S002967,U002782,2025-01-11 11:21:57,2025-01-11,Organic Search,Mobile,South,35-44,25K-50K,Credit Card,1,10,1111,Website Visit,0,0,0,0,0,Website Visit,Landing page mismatch,34688,1,2
2967,S002968,U001957,2025-02-27 17:13:24,2025-02-27,Direct,Desktop,South,18-24,50K-100K,Personal Loan,0,12,1144,Website Visit,0,0,0,0,0,Website Visit,Immediate bounce,119235,2,9
2968,S002969,U001739,2025-04-05 07:39:21,2025-04-05,Organic Search,Mobile,West,25-34,25K-50K,Personal Loan,0,9,653,Website Visit,0,0,0,0,0,Website Visit,Immediate bounce,75196,4,14
2969,S002970,U000158,2025-03-18 18:45:34,2025-03-18,Direct,Mobile,South,45-54,Below 25K,Insurance Plan,0,4,370,Product Page Viewed,1,0,0,0,0,Product Page Viewed,Unclear product value,4872,3,12
2970,S002971,U002103,2025-03-05 02:52:42,2025-03-05,Organic Search,Desktop,South,18-24,100K+,Personal Loan,1,3,498,Product Page Viewed,1,0,0,0,0,Product Page Viewed,Technical issue,151933,3,10
2971,S002972,U000983,2025-01-01 05:43:30,2025-01-01,Paid Ads,Mobile,Central,45-54,Below 25K,Personal Loan,1,1,756,Calculator Used,1,1,0,0,0,Calculator Used,Comparing alternatives,82198,1,1
2972,S002973,U002029,2025-06-03 18:44:58,2025-06-03,Direct,Desktop,North,35-44,25K-50K,Savings Account,1,3,520,Calculator Used,1,1,0,0,0,Calculator Used,Required information unavailable,19918,6,23
2973,S002974,U001973,2025-06-27 00:25:07,2025-06-27,Social Media,Desktop,South,25-34,25K-50K,Credit Card,0,7,190,Product Page Viewed,1,0,0,0,0,Product Page Viewed,High interest-rate concern,18381,6,26
2974,S002975,U001291,2025-03-12 14:02:19,2025-03-12,Social Media,Desktop,South,25-34,25K-50K,Insurance Plan,0,1,939,Product Page Viewed,1,0,0,0,0,Product Page Viewed,Unclear product value,7252,3,11
2975,S002976,U002803,2025-05-12 02:16:17,2025-05-12,Organic Search,Mobile,Central,18-24,50K-100K,Personal Loan,0,6,799,Product Page Viewed,1,0,0,0,0,Product Page Viewed,High interest-rate concern,108867,5,20
2976,S002977,U000446,2025-05-18 13:56:08,2025-05-18,Direct,Desktop,South,25-34,50K-100K,Personal Loan,0,7,487,Calculator Used,1,1,0,0,0,Calculator Used,Calculator result not attractive,66308,5,20
2977,S002978,U000082,2025-06-29 11:55:33,2025-06-29,Organic Search,Desktop,East,18-24,Below 25K,Personal Loan,0,10,710,Calculator Used,1,1,0,0,0,Calculator Used,Comparing alternatives,68887,6,26
2978,S002979,U002117,2025-04-10 15:57:19,2025-04-10,Organic Search,Mobile,East,55+,25K-50K,Credit Card,0,5,257,Calculator Used,1,1,0,0,0,Calculator Used,Required information unavailable,27820,4,15
2979,S002980,U001727,2025-05-25 06:58:10,2025-05-25,Referral,Mobile,East,35-44,Below 25K,Credit Card,0,6,1077,Product Page Viewed,1,0,0,0,0,Product Page Viewed,Unclear product value,39474,5,21
2980,S002981,U001522,2025-02-16 21:19:51,2025-02-16,Organic Search,Mobile,Central,45-54,Below 25K,Personal Loan,0,11,898,Product Page Viewed,1,0,0,0,0,Product Page Viewed,Technical issue,156431,2,7
2981,S002982,U000339,2025-03-23 14:26:23,2025-03-23,Paid Ads,Desktop,West,45-54,25K-50K,Personal Loan,0,10,522,Product Page Viewed,1,0,0,0,0,Product Page Viewed,Technical issue,138811,3,12
2982,S002983,U002160,2025-06-15 07:07:27,2025-06-15,Direct,Mobile,East,35-44,50K-100K,Insurance Plan,0,2,181,Website Visit,0,0,0,0,0,Website Visit,Immediate bounce,7241,6,24
2983,S002984,U002615,2025-04-06 22:45:56,2025-04-06,Organic Search,Mobile,North,25-34,25K-50K,Credit Card,0,5,1109,Lead Form Started,1,1,1,1,0,Lead Form Started,Session timeout,38457,4,14
2984,S002985,U000814,2025-01-20 00:28:30,2025-01-20,Organic Search,Mobile,North,25-34,25K-50K,Personal Loan,0,2,157,Calculator Used,1,1,0,0,0,Calculator Used,Technical issue,124279,1,4
2985,S002986,U000585,2025-04-04 23:04:26,2025-04-04,Direct,Desktop,South,25-34,25K-50K,Personal Loan,0,10,953,Product Page Viewed,1,0,0,0,0,Product Page Viewed,Comparing alternatives,129700,4,14
2986,S002987,U001853,2025-05-14 14:02:17,2025-05-14,Email,Desktop,West,25-34,25K-50K,Insurance Plan,0,6,380,Lead Form Submitted,1,1,1,1,1,,,0,5,20
2987,S002988,U000639,2025-05-21 22:27:48,2025-05-21,Referral,Mobile,South,35-44,25K-50K,Insurance Plan,0,7,476,Product Page Viewed,1,0,0,0,0,Product Page Viewed,Comparing alternatives,9951,5,21
2988,S002989,U002299,2025-03-17 19:38:46,2025-03-17,Social Media,Desktop,South,35-44,50K-100K,Credit Card,1,4,223,Product Page Viewed,1,0,0,0,0,Product Page Viewed,Comparing alternatives,35030,3,12
2989,S002990,U000949,2025-05-04 22:35:20,2025-05-04,Email,Desktop,South,25-34,25K-50K,Savings Account,0,10,869,Lead Form Submitted,1,1,1,1,1,,,0,5,18
2990,S002991,U000019,2025-04-07 11:15:24,2025-04-07,Paid Ads,Mobile,West,25-34,25K-50K,Personal Loan,0,12,241,Product Page Viewed,1,0,0,0,0,Product Page Viewed,Unclear product value,145588,4,15
2991,S002992,U002103,2025-01-15 03:04:38,2025-01-15,Organic Search,Mobile,South,25-34,25K-50K,Credit Card,0,2,376,Product Page Viewed,1,0,0,0,0,Product Page Viewed,Unclear product value,21717,1,3
2992,S002993,U001697,2025-03-24 08:38:55,2025-03-24,Email,Tablet,South,35-44,50K-100K,Credit Card,0,6,133,Product Page Viewed,1,0,0,0,0,Product Page Viewed,Technical issue,18503,3,13
2993,S002994,U002065,2025-05-22 12:13:09,2025-05-22,Organic Search,Mobile,Central,45-54,100K+,Credit Card,1,5,275,Product Page Viewed,1,0,0,0,0,Product Page Viewed,Technical issue,19041,5,21
2994,S002995,U001292,2025-03-18 04:57:29,2025-03-18,Organic Search,Desktop,West,18-24,100K+,Personal Loan,0,4,788,Product Page Viewed,1,0,0,0,0,Product Page Viewed,Unclear product value,77545,3,12
2995,S002996,U001325,2025-04-21 11:27:28,2025-04-21,Direct,Mobile,East,25-34,25K-50K,Credit Card,1,8,51,Lead Form Started,1,1,1,1,0,Lead Form Started,Technical issue,33611,4,17
2996,S002997,U001818,2025-05-28 00:40:27,2025-05-28,Social Media,Desktop,South,35-44,50K-100K,Personal Loan,1,11,741,Website Visit,0,0,0,0,0,Website Visit,Slow page load,141018,5,22
2997,S002998,U001541,2025-05-08 06:22:14,2025-05-08,Email,Mobile,East,45-54,25K-50K,Savings Account,0,3,72,Product Page Viewed,1,0,0,0,0,Product Page Viewed,Comparing alternatives,12962,5,19
2998,S002999,U001492,2025-01-28 19:27:34,2025-01-28,Direct,Mobile,West,18-24,50K-100K,Personal Loan,0,5,392,Product Page Viewed,1,0,0,0,0,Product Page Viewed,High interest-rate concern,137065,1,5
2999,S003000,U001120,2025-02-21 16:35:53,2025-02-21,Organic Search,Tablet,Central,35-44,50K-100K,Savings Account,0,4,846,Lead Form Submitted,1,1,1,1,1,,,0,2,8
3000,S003001,U000437,2025-01-26 16:22:18,2025-01-26,Direct,Mobile,Central,25-34,25K-50K,Credit Card,0,9,980,Product Page Viewed,1,0,0,0,0,Product Page Viewed,High interest-rate concern,33474,1,4
3001,S003002,U002640,2025-02-10 09:52:00,2025-02-10,Email,Mobile,West,35-44,50K-100K,Personal Loan,0,6,938,Calculator Used,1,1,0,0,0,Calculator Used,Technical issue,109627,2,7
3002,S003003,U001603,2025-04-21 15:49:57,2025-04-21,Organic Search,Mobile,North,45-54,50K-100K,Personal Loan,0,11,1069,Product Page Viewed,1,0,0,0,0,Product Page Viewed,High interest-rate concern,100139,4,17
3003,S003004,U002858,2025-06-18 23:20:45,2025-06-18,Organic Search,Desktop,West,35-44,Below 25K,Insurance Plan,0,9,234,Product Page Viewed,1,0,0,0,0,Product Page Viewed,Comparing alternatives,5687,6,25
3004,S003005,U001324,2025-04-13 04:45:52,2025-04-13,Paid Ads,Mobile,East,45-54,Below 25K,Personal Loan,0,11,222,Calculator Used,1,1,0,0,0,Calculator Used,Comparing alternatives,80086,4,15
3005,S003006,U002513,2025-01-20 11:07:53,2025-01-20,Organic Search,Mobile,Central,25-34,100K+,Personal Loan,0,4,928,Product Page Viewed,1,0,0,0,0,Product Page Viewed,Unclear product value,97178,1,4
3006,S003007,U001179,2025-03-30 19:15:34,2025-03-30,Referral,Desktop,East,25-34,25K-50K,Personal Loan,0,5,319,Lead Form Submitted,1,1,1,1,1,,,0,3,13
3007,S003008,U002093,2025-05-14 07:14:38,2025-05-14,Organic Search,Desktop,North,18-24,50K-100K,Personal Loan,1,4,235,Lead Form Started,1,1,1,1,0,Lead Form Started,Technical issue,83447,5,20
3008,S003009,U000415,2025-06-27 18:14:29,2025-06-27,Paid Ads,Desktop,North,35-44,Below 25K,Savings Account,1,7,178,Product Page Viewed,1,0,0,0,0,Product Page Viewed,Unclear product value,19942,6,26
3009,S003010,U000687,2025-01-22 19:52:10,2025-01-22,Organic Search,Desktop,West,25-34,25K-50K,Personal Loan,1,1,462,Product Page Viewed,1,0,0,0,0,Product Page Viewed,Unclear product value,82268,1,4
3010,S003011,U002452,2025-03-03 21:49:05,2025-03-03,Organic Search,Mobile,Central,55+,Below 25K,Credit Card,0,1,315,Lead Form Started,1,1,1,1,0,Lead Form Started,Too many required fields,34434,3,10
3011,S003012,U002837,2025-01-30 21:19:26,2025-01-30,Organic Search,Mobile,North,25-34,50K-100K,Personal Loan,0,1,654,Lead Form Submitted,1,1,1,1,1,,,0,1,5
3012,S003013,U002673,2025-03-01 16:12:39,2025-03-01,Organic Search,Mobile,North,18-24,25K-50K,Credit Card,1,12,970,CTA Clicked,1,1,1,0,0,CTA Clicked,Privacy concern,40424,3,9
3013,S003014,U001490,2025-01-06 18:49:18,2025-01-06,Social Media,Mobile,Central,45-54,25K-50K,Credit Card,0,4,144,Product Page Viewed,1,0,0,0,0,Product Page Viewed,Unclear product value,19247,1,2
3014,S003015,U000386,2025-02-17 10:12:44,2025-02-17,Paid Ads,Desktop,Central,25-34,50K-100K,Credit Card,1,6,509,Website Visit,0,0,0,0,0,Website Visit,Landing page mismatch,34785,2,8
3015,S003016,U002648,2025-01-29 14:20:04,2025-01-29,Paid Ads,Desktop,South,45-54,50K-100K,Personal Loan,0,10,29,Product Page Viewed,1,0,0,0,0,Product Page Viewed,Technical issue,124543,1,5
3016,S003017,U002825,2025-06-29 06:28:41,2025-06-29,Email,Desktop,North,45-54,25K-50K,Savings Account,1,9,108,Lead Form Submitted,1,1,1,1,1,,,0,6,26
3017,S003018,U002666,2025-02-18 19:50:08,2025-02-18,Referral,Mobile,Central,55+,50K-100K,Insurance Plan,0,7,551,CTA Clicked,1,1,1,0,0,CTA Clicked,Technical issue,8419,2,8
3018,S003019,U000517,2025-01-02 09:13:40,2025-01-02,Paid Ads,Mobile,East,25-34,25K-50K,Personal Loan,0,9,696,Product Page Viewed,1,0,0,0,0,Product Page Viewed,Unclear product value,148556,1,1
3019,S003020,U000855,2025-02-18 20:03:21,2025-02-18,Paid Ads,Desktop,West,35-44,50K-100K,Credit Card,1,9,605,Lead Form Started,1,1,1,1,0,Lead Form Started,Too many required fields,30113,2,8
3020,S003021,U000091,2025-04-10 05:16:39,2025-04-10,Social Media,Desktop,South,35-44,50K-100K,Personal Loan,0,11,1015,Product Page Viewed,1,0,0,0,0,Product Page Viewed,Technical issue,123347,4,15
3021,S003022,U000715,2025-02-26 09:15:23,2025-02-26,Organic Search,Mobile,Central,25-34,25K-50K,Personal Loan,0,5,396,Website Visit,0,0,0,0,0,Website Visit,Immediate bounce,143134,2,9
3022,S003023,U002154,2025-04-02 20:25:41,2025-04-02,Referral,Desktop,South,25-34,50K-100K,Savings Account,0,9,917,Lead Form Submitted,1,1,1,1,1,,,0,4,14
3023,S003024,U001557,2025-01-03 04:18:32,2025-01-03,Paid Ads,Desktop,Central,35-44,25K-50K,Insurance Plan,0,8,759,Calculator Used,1,1,0,0,0,Calculator Used,Required information unavailable,5298,1,1
3024,S003025,U001163,2025-02-01 20:56:34,2025-02-01,Direct,Desktop,West,35-44,25K-50K,Savings Account,0,6,1024,Lead Form Submitted,1,1,1,1,1,,,0,2,5
3025,S003026,U000220,2025-06-05 16:41:47,2025-06-05,Email,Desktop,West,25-34,100K+,Savings Account,0,10,699,Product Page Viewed,1,0,0,0,0,Product Page Viewed,High interest-rate concern,19133,6,23
3026,S003027,U002101,2025-04-03 04:32:59,2025-04-03,Referral,Desktop,South,25-34,50K-100K,Personal Loan,0,12,1194,Lead Form Submitted,1,1,1,1,1,,,0,4,14
3027,S003028,U000506,2025-06-03 08:53:41,2025-06-03,Direct,Mobile,North,18-24,25K-50K,Credit Card,0,6,582,Product Page Viewed,1,0,0,0,0,Product Page Viewed,Unclear product value,23717,6,23
3028,S003029,U000634,2025-04-27 16:34:35,2025-04-27,Email,Mobile,West,25-34,Below 25K,Personal Loan,0,6,946,Lead Form Started,1,1,1,1,0,Lead Form Started,Session timeout,145356,4,17
3029,S003030,U001447,2025-04-21 16:31:37,2025-04-21,Direct,Mobile,North,18-24,50K-100K,Credit Card,1,6,1011,Lead Form Submitted,1,1,1,1,1,,,0,4,17
3030,S003031,U001155,2025-04-02 11:27:36,2025-04-02,Email,Mobile,West,25-34,100K+,Insurance Plan,0,10,1012,Product Page Viewed,1,0,0,0,0,Product Page Viewed,Unclear product value,4232,4,14
3031,S003032,U000386,2025-02-10 10:13:49,2025-02-10,Referral,Mobile,Central,35-44,100K+,Insurance Plan,0,5,86,Calculator Used,1,1,0,0,0,Calculator Used,Calculator result not attractive,10688,2,7
3032,S003033,U002754,2025-03-11 02:32:42,2025-03-11,Organic Search,Mobile,South,35-44,100K+,Insurance Plan,0,11,501,Calculator Used,1,1,0,0,0,Calculator Used,Comparing alternatives,4228,3,11
3033,S003034,U000720,2025-05-10 15:42:07,2025-05-10,Paid Ads,Mobile,North,45-54,25K-50K,Insurance Plan,0,1,189,CTA Clicked,1,1,1,0,0,CTA Clicked,Not ready to apply,9837,5,19
3034,S003035,U001134,2025-04-10 15:53:19,2025-04-10,Organic Search,Mobile,West,18-24,25K-50K,Credit Card,0,5,586,Website Visit,0,0,0,0,0,Website Visit,Slow page load,26759,4,15
3035,S003036,U001731,2025-04-09 01:43:33,2025-04-09,Paid Ads,Tablet,East,25-34,50K-100K,Savings Account,0,9,505,Product Page Viewed,1,0,0,0,0,Product Page Viewed,Unclear product value,17620,4,15
3036,S003037,U001892,2025-05-09 01:02:50,2025-05-09,Direct,Mobile,South,45-54,Below 25K,Personal Loan,0,3,846,Calculator Used,1,1,0,0,0,Calculator Used,Calculator result not attractive,63703,5,19
3037,S003038,U002278,2025-05-12 08:34:47,2025-05-12,Organic Search,Desktop,West,35-44,100K+,Savings Account,0,9,200,Calculator Used,1,1,0,0,0,Calculator Used,Comparing alternatives,18327,5,20
3038,S003039,U001170,2025-03-28 18:35:08,2025-03-28,Social Media,Desktop,North,35-44,50K-100K,Credit Card,1,2,867,Lead Form Started,1,1,1,1,0,Lead Form Started,Session timeout,25089,3,13
3039,S003040,U001003,2025-06-14 15:53:55,2025-06-14,Paid Ads,Mobile,North,35-44,100K+,Credit Card,1,7,416,CTA Clicked,1,1,1,0,0,CTA Clicked,Privacy concern,39461,6,24
3040,S003041,U000771,2025-03-08 12:33:48,2025-03-08,Direct,Desktop,North,35-44,100K+,Credit Card,0,9,1123,Website Visit,0,0,0,0,0,Website Visit,Immediate bounce,28850,3,10
3041,S003042,U000764,2025-06-25 16:42:16,2025-06-25,Organic Search,Desktop,North,55+,100K+,Personal Loan,0,7,1091,Lead Form Submitted,1,1,1,1,1,,,0,6,26
3042,S003043,U001288,2025-01-07 12:41:33,2025-01-07,Email,Mobile,Central,45-54,100K+,Savings Account,0,11,1162,Product Page Viewed,1,0,0,0,0,Product Page Viewed,Technical issue,9188,1,2
3043,S003044,U000497,2025-03-19 03:24:35,2025-03-19,Paid Ads,Mobile,Central,35-44,50K-100K,Savings Account,0,11,1106,Product Page Viewed,1,0,0,0,0,Product Page Viewed,High interest-rate concern,9546,3,12
3044,S003045,U002441,2025-06-08 00:02:57,2025-06-08,Direct,Mobile,East,45-54,Below 25K,Personal Loan,0,12,224,Product Page Viewed,1,0,0,0,0,Product Page Viewed,Comparing alternatives,128196,6,23
3045,S003046,U000393,2025-03-14 15:47:50,2025-03-14,Direct,Mobile,South,35-44,25K-50K,Insurance Plan,0,8,442,Product Page Viewed,1,0,0,0,0,Product Page Viewed,Comparing alternatives,5293,3,11
3046,S003047,U000468,2025-01-23 22:25:50,2025-01-23,Direct,Tablet,North,25-34,25K-50K,Credit Card,0,5,702,Website Visit,0,0,0,0,0,Website Visit,Immediate bounce,36636,1,4
3047,S003048,U002174,2025-04-20 16:05:20,2025-04-20,Direct,Desktop,North,45-54,50K-100K,Credit Card,0,10,513,Product Page Viewed,1,0,0,0,0,Product Page Viewed,Technical issue,21928,4,16
3048,S003049,U002684,2025-04-29 23:27:12,2025-04-29,Social Media,Mobile,West,55+,100K+,Personal Loan,0,4,184,Website Visit,0,0,0,0,0,Website Visit,Slow page load,112213,4,18
3049,S003050,U001151,2025-06-25 21:53:41,2025-06-25,Organic Search,Desktop,Central,35-44,50K-100K,Personal Loan,0,9,640,Calculator Used,1,1,0,0,0,Calculator Used,Comparing alternatives,71661,6,26
3050,S003051,U002244,2025-03-13 09:23:21,2025-03-13,Direct,Desktop,East,45-54,25K-50K,Credit Card,0,12,635,Calculator Used,1,1,0,0,0,Calculator Used,Required information unavailable,37204,3,11
3051,S003052,U000878,2025-04-09 17:31:55,2025-04-09,Paid Ads,Mobile,East,18-24,25K-50K,Personal Loan,0,8,1075,Website Visit,0,0,0,0,0,Website Visit,Immediate bounce,103231,4,15
3052,S003053,U002987,2025-02-14 14:00:21,2025-02-14,Organic Search,Desktop,Central,35-44,25K-50K,Savings Account,0,10,453,Product Page Viewed,1,0,0,0,0,Product Page Viewed,Unclear product value,10623,2,7
3053,S003054,U002313,2025-06-06 19:06:15,2025-06-06,Social Media,Mobile,South,25-34,100K+,Savings Account,0,4,1071,Website Visit,0,0,0,0,0,Website Visit,Immediate bounce,18686,6,23
3054,S003055,U002065,2025-01-07 21:15:52,2025-01-07,Paid Ads,Mobile,Central,45-54,25K-50K,Savings Account,0,12,257,Lead Form Started,1,1,1,1,0,Lead Form Started,Document requirement concern,11746,1,2
3055,S003056,U000700,2025-01-07 03:58:03,2025-01-07,Paid Ads,Mobile,West,25-34,Below 25K,Credit Card,0,5,738,Product Page Viewed,1,0,0,0,0,Product Page Viewed,High interest-rate concern,34029,1,2
3056,S003057,U000633,2025-01-13 03:41:14,2025-01-13,Social Media,Mobile,West,25-34,25K-50K,Savings Account,0,4,252,Product Page Viewed,1,0,0,0,0,Product Page Viewed,Unclear product value,15037,1,3
3057,S003058,U001329,2025-04-16 19:42:34,2025-04-16,Direct,Desktop,Central,25-34,50K-100K,Personal Loan,1,7,409,Lead Form Started,1,1,1,1,0,Lead Form Started,Technical issue,102317,4,16
3058,S003059,U002425,2025-05-07 17:42:40,2025-05-07,Paid Ads,Desktop,South,25-34,25K-50K,Credit Card,1,9,795,Website Visit,0,0,0,0,0,Website Visit,Landing page mismatch,37990,5,19
3059,S003060,U001084,2025-04-07 17:31:14,2025-04-07,Paid Ads,Desktop,East,25-34,100K+,Personal Loan,0,11,651,Website Visit,0,0,0,0,0,Website Visit,Immediate bounce,148660,4,15
3060,S003061,U001926,2025-01-11 22:48:56,2025-01-11,Organic Search,Desktop,South,45-54,100K+,Insurance Plan,0,3,1055,Product Page Viewed,1,0,0,0,0,Product Page Viewed,High interest-rate concern,8590,1,2
3061,S003062,U000579,2025-02-03 10:54:26,2025-02-03,Paid Ads,Mobile,North,25-34,Below 25K,Credit Card,0,1,60,Product Page Viewed,1,0,0,0,0,Product Page Viewed,Technical issue,16547,2,6
3062,S003063,U000428,2025-01-21 14:56:40,2025-01-21,Organic Search,Mobile,North,45-54,50K-100K,Personal Loan,1,10,1064,Product Page Viewed,1,0,0,0,0,Product Page Viewed,Unclear product value,145679,1,4
3063,S003064,U001997,2025-05-26 21:47:27,2025-05-26,Paid Ads,Mobile,South,25-34,100K+,Personal Loan,0,11,666,Lead Form Started,1,1,1,1,0,Lead Form Started,Technical issue,122822,5,22
3064,S003065,U000642,2025-02-01 06:19:37,2025-02-01,Organic Search,Tablet,East,55+,25K-50K,Credit Card,0,1,262,Product Page Viewed,1,0,0,0,0,Product Page Viewed,Technical issue,35571,2,5
3065,S003066,U002951,2025-02-20 23:01:34,2025-02-20,Paid Ads,Desktop,South,25-34,100K+,Personal Loan,0,1,566,Lead Form Submitted,1,1,1,1,1,,,0,2,8
3066,S003067,U002893,2025-03-07 09:23:17,2025-03-07,Direct,Mobile,Central,35-44,25K-50K,Credit Card,0,8,539,Calculator Used,1,1,0,0,0,Calculator Used,Calculator result not attractive,18715,3,10
3067,S003068,U000409,2025-03-14 19:38:31,2025-03-14,Email,Mobile,East,18-24,25K-50K,Personal Loan,0,2,1185,Calculator Used,1,1,0,0,0,Calculator Used,Calculator result not attractive,80001,3,11
3068,S003069,U001375,2025-04-28 10:38:29,2025-04-28,Organic Search,Desktop,West,35-44,Below 25K,Credit Card,0,4,104,Lead Form Started,1,1,1,1,0,Lead Form Started,Session timeout,23077,4,18
3069,S003070,U001656,2025-04-05 22:27:57,2025-04-05,Organic Search,Mobile,South,55+,25K-50K,Savings Account,1,11,205,Product Page Viewed,1,0,0,0,0,Product Page Viewed,Unclear product value,16174,4,14
3070,S003071,U000443,2025-06-18 15:29:08,2025-06-18,Referral,Mobile,East,55+,50K-100K,Personal Loan,0,5,43,Lead Form Submitted,1,1,1,1,1,,,0,6,25
3071,S003072,U000124,2025-01-01 16:37:33,2025-01-01,Email,Mobile,Central,35-44,50K-100K,Insurance Plan,0,2,324,CTA Clicked,1,1,1,0,0,CTA Clicked,Not ready to apply,7917,1,1
3072,S003073,U000186,2025-05-15 14:49:37,2025-05-15,Social Media,Mobile,North,45-54,Below 25K,Personal Loan,0,2,646,Lead Form Started,1,1,1,1,0,Lead Form Started,Technical issue,160045,5,20
3073,S003074,U000167,2025-06-06 23:14:12,2025-06-06,Social Media,Mobile,North,25-34,25K-50K,Credit Card,0,12,242,Product Page Viewed,1,0,0,0,0,Product Page Viewed,Technical issue,17317,6,23
3074,S003075,U002400,2025-02-20 14:21:46,2025-02-20,Email,Mobile,North,35-44,50K-100K,Personal Loan,0,1,175,CTA Clicked,1,1,1,0,0,CTA Clicked,Technical issue,142058,2,8
3075,S003076,U002636,2025-04-22 12:07:11,2025-04-22,Direct,Mobile,North,45-54,25K-50K,Savings Account,0,4,923,Calculator Used,1,1,0,0,0,Calculator Used,Comparing alternatives,10261,4,17
3076,S003077,U001080,2025-06-12 14:13:36,2025-06-12,Organic Search,Desktop,West,35-44,50K-100K,Insurance Plan,0,2,207,Lead Form Submitted,1,1,1,1,1,,,0,6,24
3077,S003078,U000684,2025-05-27 17:35:46,2025-05-27,Direct,Mobile,North,25-34,50K-100K,Credit Card,1,1,1198,Lead Form Submitted,1,1,1,1,1,,,0,5,22
3078,S003079,U000785,2025-03-04 15:09:02,2025-03-04,Organic Search,Desktop,Central,45-54,100K+,Personal Loan,1,12,363,Product Page Viewed,1,0,0,0,0,Product Page Viewed,Comparing alternatives,129965,3,10
3079,S003080,U001046,2025-02-21 15:30:19,2025-02-21,Direct,Mobile,Central,35-44,100K+,Credit Card,1,1,831,Product Page Viewed,1,0,0,0,0,Product Page Viewed,High interest-rate concern,24042,2,8
3080,S003081,U002833,2025-04-29 05:39:21,2025-04-29,Referral,Desktop,West,45-54,50K-100K,Personal Loan,0,11,208,Calculator Used,1,1,0,0,0,Calculator Used,Technical issue,154893,4,18
3081,S003082,U000438,2025-04-24 14:12:27,2025-04-24,Direct,Mobile,West,45-54,25K-50K,Savings Account,1,12,154,Product Page Viewed,1,0,0,0,0,Product Page Viewed,Unclear product value,13540,4,17
3082,S003083,U001481,2025-01-22 20:08:47,2025-01-22,Social Media,Desktop,South,35-44,50K-100K,Personal Loan,0,9,399,Product Page Viewed,1,0,0,0,0,Product Page Viewed,Unclear product value,149163,1,4
3083,S003084,U002674,2025-01-17 23:56:32,2025-01-17,Direct,Mobile,East,25-34,Below 25K,Insurance Plan,1,3,1111,Product Page Viewed,1,0,0,0,0,Product Page Viewed,Unclear product value,10385,1,3
3084,S003085,U001233,2025-05-10 16:32:45,2025-05-10,Paid Ads,Desktop,Central,35-44,50K-100K,Credit Card,0,12,535,Product Page Viewed,1,0,0,0,0,Product Page Viewed,Unclear product value,17784,5,19
3085,S003086,U000588,2025-03-30 09:36:49,2025-03-30,Direct,Mobile,South,18-24,25K-50K,Insurance Plan,0,2,934,Website Visit,0,0,0,0,0,Website Visit,Slow page load,10054,3,13
3086,S003087,U000429,2025-01-01 16:23:24,2025-01-01,Direct,Tablet,East,35-44,25K-50K,Insurance Plan,1,6,1104,Lead Form Submitted,1,1,1,1,1,,,0,1,1
3087,S003088,U000164,2025-06-29 04:25:36,2025-06-29,Email,Desktop,North,45-54,50K-100K,Savings Account,0,9,771,Website Visit,0,0,0,0,0,Website Visit,Immediate bounce,17067,6,26
3088,S003089,U000979,2025-03-30 08:50:34,2025-03-30,Organic Search,Desktop,East,35-44,50K-100K,Personal Loan,1,12,761,Product Page Viewed,1,0,0,0,0,Product Page Viewed,Technical issue,80873,3,13
3089,S003090,U002354,2025-01-27 11:49:17,2025-01-27,Referral,Desktop,South,45-54,Below 25K,Insurance Plan,0,3,504,Lead Form Submitted,1,1,1,1,1,,,0,1,5
3090,S003091,U000469,2025-01-11 03:12:15,2025-01-11,Direct,Mobile,East,25-34,50K-100K,Credit Card,0,9,603,Product Page Viewed,1,0,0,0,0,Product Page Viewed,Technical issue,39173,1,2
3091,S003092,U001309,2025-03-02 22:36:08,2025-03-02,Paid Ads,Tablet,Central,25-34,50K-100K,Credit Card,0,11,684,Product Page Viewed,1,0,0,0,0,Product Page Viewed,Comparing alternatives,32660,3,9
3092,S003093,U002540,2025-04-28 19:06:34,2025-04-28,Direct,Mobile,South,25-34,50K-100K,Credit Card,1,2,412,Product Page Viewed,1,0,0,0,0,Product Page Viewed,High interest-rate concern,38418,4,18
3093,S003094,U002917,2025-04-07 01:38:35,2025-04-07,Email,Desktop,West,25-34,25K-50K,Credit Card,0,6,419,Lead Form Started,1,1,1,1,0,Lead Form Started,Session timeout,40288,4,15
3094,S003095,U002837,2025-05-27 19:16:13,2025-05-27,Organic Search,Desktop,East,45-54,50K-100K,Credit Card,1,12,1034,Product Page Viewed,1,0,0,0,0,Product Page Viewed,Unclear product value,21148,5,22
3095,S003096,U000712,2025-02-12 20:03:25,2025-02-12,Paid Ads,Mobile,South,25-34,25K-50K,Personal Loan,0,8,254,CTA Clicked,1,1,1,0,0,CTA Clicked,Form looked too long,140361,2,7
3096,S003097,U002710,2025-04-12 13:57:50,2025-04-12,Paid Ads,Mobile,North,25-34,100K+,Insurance Plan,0,12,957,CTA Clicked,1,1,1,0,0,CTA Clicked,Not ready to apply,7706,4,15
3097,S003098,U001970,2025-05-08 11:47:37,2025-05-08,Email,Mobile,Central,35-44,25K-50K,Credit Card,0,5,276,Lead Form Started,1,1,1,1,0,Lead Form Started,Too many required fields,27756,5,19
3098,S003099,U001396,2025-01-04 22:12:55,2025-01-04,Email,Desktop,West,25-34,25K-50K,Savings Account,0,9,225,Product Page Viewed,1,0,0,0,0,Product Page Viewed,High interest-rate concern,10792,1,1
3099,S003100,U000515,2025-02-16 15:59:58,2025-02-16,Paid Ads,Desktop,North,25-34,50K-100K,Personal Loan,0,9,1132,Lead Form Submitted,1,1,1,1,1,,,0,2,7
3100,S003101,U001681,2025-06-11 14:17:49,2025-06-11,Referral,Mobile,North,18-24,Below 25K,Personal Loan,1,11,1183,Product Page Viewed,1,0,0,0,0,Product Page Viewed,Comparing alternatives,116687,6,24
3101,S003102,U002680,2025-06-21 17:59:34,2025-06-21,Social Media,Mobile,Central,55+,25K-50K,Savings Account,0,1,617,Product Page Viewed,1,0,0,0,0,Product Page Viewed,Unclear product value,11400,6,25
3102,S003103,U002887,2025-03-17 12:14:14,2025-03-17,Referral,Mobile,West,25-34,Below 25K,Credit Card,1,5,1129,Product Page Viewed,1,0,0,0,0,Product Page Viewed,Technical issue,25239,3,12
3103,S003104,U002008,2025-04-24 03:13:43,2025-04-24,Email,Desktop,East,25-34,50K-100K,Credit Card,0,5,975,Lead Form Submitted,1,1,1,1,1,,,0,4,17
3104,S003105,U002042,2025-03-01 06:48:19,2025-03-01,Paid Ads,Mobile,Central,25-34,100K+,Savings Account,1,9,752,Product Page Viewed,1,0,0,0,0,Product Page Viewed,High interest-rate concern,18661,3,9
3105,S003106,U002049,2025-03-08 03:56:46,2025-03-08,Email,Mobile,South,25-34,50K-100K,Personal Loan,0,11,492,Calculator Used,1,1,0,0,0,Calculator Used,Calculator result not attractive,87976,3,10
3106,S003107,U001672,2025-02-23 17:28:35,2025-02-23,Organic Search,Mobile,West,45-54,100K+,Credit Card,0,10,716,Product Page Viewed,1,0,0,0,0,Product Page Viewed,High interest-rate concern,23358,2,8
3107,S003108,U002360,2025-04-11 21:17:14,2025-04-11,Email,Desktop,West,18-24,25K-50K,Personal Loan,0,5,1060,Lead Form Submitted,1,1,1,1,1,,,0,4,15
3108,S003109,U000687,2025-05-19 18:51:42,2025-05-19,Referral,Mobile,North,35-44,50K-100K,Personal Loan,0,4,932,Lead Form Submitted,1,1,1,1,1,,,0,5,21
3109,S003110,U000859,2025-03-16 16:00:32,2025-03-16,Direct,Desktop,North,35-44,50K-100K,Personal Loan,1,2,525,CTA Clicked,1,1,1,0,0,CTA Clicked,Form looked too long,69686,3,11
3110,S003111,U002653,2025-05-04 09:07:55,2025-05-04,Organic Search,Mobile,North,25-34,25K-50K,Credit Card,0,1,243,Product Page Viewed,1,0,0,0,0,Product Page Viewed,High interest-rate concern,22484,5,18
3111,S003112,U000348,2025-02-23 07:09:44,2025-02-23,Direct,Mobile,North,35-44,50K-100K,Insurance Plan,0,4,694,Calculator Used,1,1,0,0,0,Calculator Used,Required information unavailable,5413,2,8
3112,S003113,U001565,2025-01-15 19:28:18,2025-01-15,Direct,Mobile,South,35-44,50K-100K,Savings Account,0,10,890,Product Page Viewed,1,0,0,0,0,Product Page Viewed,Comparing alternatives,21096,1,3
3113,S003114,U002840,2025-06-12 07:19:59,2025-06-12,Email,Tablet,North,25-34,50K-100K,Credit Card,0,5,658,Product Page Viewed,1,0,0,0,0,Product Page Viewed,High interest-rate concern,22730,6,24
3114,S003115,U000428,2025-06-10 08:01:02,2025-06-10,Organic Search,Desktop,Central,35-44,Below 25K,Personal Loan,0,1,220,Product Page Viewed,1,0,0,0,0,Product Page Viewed,Comparing alternatives,103605,6,24
3115,S003116,U000269,2025-06-18 11:07:31,2025-06-18,Direct,Mobile,West,25-34,25K-50K,Savings Account,0,7,906,Lead Form Started,1,1,1,1,0,Lead Form Started,Technical issue,15263,6,25
3116,S003117,U002070,2025-01-18 15:55:04,2025-01-18,Direct,Desktop,East,45-54,100K+,Personal Loan,0,8,527,Lead Form Submitted,1,1,1,1,1,,,0,1,3
3117,S003118,U002486,2025-01-04 03:18:21,2025-01-04,Organic Search,Mobile,North,45-54,25K-50K,Credit Card,0,9,236,Calculator Used,1,1,0,0,0,Calculator Used,Required information unavailable,20414,1,1
3118,S003119,U001323,2025-03-05 13:48:38,2025-03-05,Paid Ads,Mobile,Central,25-34,50K-100K,Personal Loan,0,12,613,Product Page Viewed,1,0,0,0,0,Product Page Viewed,High interest-rate concern,133385,3,10
3119,S003120,U000871,2025-03-19 18:24:24,2025-03-19,Email,Mobile,West,25-34,50K-100K,Credit Card,0,7,425,Product Page Viewed,1,0,0,0,0,Product Page Viewed,Technical issue,19647,3,12
3120,S003121,U002100,2025-01-28 07:03:51,2025-01-28,Direct,Desktop,West,35-44,25K-50K,Personal Loan,0,10,81,Calculator Used,1,1,0,0,0,Calculator Used,Comparing alternatives,74824,1,5
3121,S003122,U002409,2025-03-24 13:36:02,2025-03-24,Direct,Mobile,South,55+,25K-50K,Personal Loan,1,4,935,Website Visit,0,0,0,0,0,Website Visit,Landing page mismatch,112168,3,13
3122,S003123,U001856,2025-05-07 01:25:52,2025-05-07,Organic Search,Tablet,East,45-54,25K-50K,Credit Card,0,11,128,Calculator Used,1,1,0,0,0,Calculator Used,Comparing alternatives,32436,5,19
3123,S003124,U001545,2025-02-07 04:03:56,2025-02-07,Direct,Mobile,West,35-44,50K-100K,Personal Loan,0,8,62,Product Page Viewed,1,0,0,0,0,Product Page Viewed,High interest-rate concern,75523,2,6
3124,S003125,U001304,2025-01-23 09:52:54,2025-01-23,Social Media,Desktop,West,25-34,25K-50K,Savings Account,1,1,657,Product Page Viewed,1,0,0,0,0,Product Page Viewed,Unclear product value,11039,1,4
3125,S003126,U001614,2025-06-27 05:14:11,2025-06-27,Referral,Desktop,South,35-44,100K+,Personal Loan,0,4,723,Lead Form Submitted,1,1,1,1,1,,,0,6,26
3126,S003127,U000688,2025-04-30 01:54:54,2025-04-30,Paid Ads,Mobile,East,45-54,100K+,Savings Account,0,12,478,Product Page Viewed,1,0,0,0,0,Product Page Viewed,High interest-rate concern,14885,4,18
3127,S003128,U000233,2025-04-20 12:29:21,2025-04-20,Organic Search,Desktop,West,18-24,25K-50K,Savings Account,1,10,66,Calculator Used,1,1,0,0,0,Calculator Used,Comparing alternatives,15884,4,16
3128,S003129,U000058,2025-04-15 14:30:26,2025-04-15,Direct,Mobile,North,25-34,25K-50K,Personal Loan,1,5,1024,Calculator Used,1,1,0,0,0,Calculator Used,Technical issue,78071,4,16
3129,S003130,U002005,2025-05-06 21:11:47,2025-05-06,Direct,Mobile,East,45-54,25K-50K,Savings Account,0,8,828,Lead Form Submitted,1,1,1,1,1,,,0,5,19
3130,S003131,U001334,2025-06-04 15:47:17,2025-06-04,Direct,Desktop,Central,45-54,100K+,Personal Loan,0,3,979,Product Page Viewed,1,0,0,0,0,Product Page Viewed,High interest-rate concern,64375,6,23
3131,S003132,U001615,2025-06-15 21:04:44,2025-06-15,Paid Ads,Desktop,East,25-34,50K-100K,Savings Account,0,3,491,Product Page Viewed,1,0,0,0,0,Product Page Viewed,Technical issue,14680,6,24
3132,S003133,U001561,2025-06-12 04:23:42,2025-06-12,Social Media,Mobile,North,35-44,50K-100K,Credit Card,1,7,329,Product Page Viewed,1,0,0,0,0,Product Page Viewed,High interest-rate concern,25544,6,24
3133,S003134,U001650,2025-05-26 15:38:02,2025-05-26,Organic Search,Mobile,East,55+,Below 25K,Credit Card,0,8,945,Lead Form Submitted,1,1,1,1,1,,,0,5,22
3134,S003135,U002204,2025-05-24 23:07:22,2025-05-24,Organic Search,Desktop,East,25-34,25K-50K,Personal Loan,0,9,1070,Product Page Viewed,1,0,0,0,0,Product Page Viewed,Unclear product value,107607,5,21
3135,S003136,U002877,2025-03-10 11:05:47,2025-03-10,Organic Search,Mobile,North,25-34,50K-100K,Savings Account,0,9,859,Lead Form Submitted,1,1,1,1,1,,,0,3,11
3136,S003137,U001865,2025-06-04 05:25:14,2025-06-04,Paid Ads,Desktop,North,55+,Below 25K,Personal Loan,0,9,187,Calculator Used,1,1,0,0,0,Calculator Used,Comparing alternatives,119164,6,23
3137,S003138,U001324,2025-01-23 10:27:10,2025-01-23,Direct,Tablet,West,25-34,25K-50K,Credit Card,0,3,274,Calculator Used,1,1,0,0,0,Calculator Used,Required information unavailable,34826,1,4
3138,S003139,U003053,2025-04-10 10:51:30,2025-04-10,Organic Search,Mobile,West,25-34,50K-100K,Credit Card,1,11,794,Product Page Viewed,1,0,0,0,0,Product Page Viewed,Technical issue,25673,4,15
3139,S003140,U000198,2025-05-22 08:06:42,2025-05-22,Referral,Desktop,West,25-34,Below 25K,Savings Account,1,7,116,Website Visit,0,0,0,0,0,Website Visit,Not ready to explore,11484,5,21
3140,S003141,U000979,2025-04-11 18:39:29,2025-04-11,Direct,Tablet,East,25-34,Below 25K,Personal Loan,0,12,1032,Product Page Viewed,1,0,0,0,0,Product Page Viewed,High interest-rate concern,156118,4,15
3141,S003142,U002523,2025-05-02 09:11:43,2025-05-02,Organic Search,Desktop,West,25-34,50K-100K,Savings Account,0,4,1067,CTA Clicked,1,1,1,0,0,CTA Clicked,Form looked too long,15681,5,18
3142,S003143,U001663,2025-01-30 01:01:30,2025-01-30,Direct,Desktop,East,18-24,25K-50K,Savings Account,0,10,364,Product Page Viewed,1,0,0,0,0,Product Page Viewed,Unclear product value,12852,1,5
3143,S003144,U000525,2025-05-16 18:49:09,2025-05-16,Organic Search,Mobile,North,25-34,25K-50K,Credit Card,0,12,506,Product Page Viewed,1,0,0,0,0,Product Page Viewed,Technical issue,34443,5,20
3144,S003145,U002845,2025-04-26 05:35:29,2025-04-26,Paid Ads,Desktop,East,25-34,50K-100K,Savings Account,0,11,266,Product Page Viewed,1,0,0,0,0,Product Page Viewed,Unclear product value,8965,4,17
3145,S003146,U000731,2025-04-25 15:36:10,2025-04-25,Referral,Desktop,South,35-44,25K-50K,Credit Card,0,9,108,Product Page Viewed,1,0,0,0,0,Product Page Viewed,Unclear product value,34828,4,17
3146,S003147,U000023,2025-01-23 23:20:44,2025-01-23,Paid Ads,Desktop,South,45-54,100K+,Personal Loan,0,2,1069,Product Page Viewed,1,0,0,0,0,Product Page Viewed,Unclear product value,144384,1,4
3147,S003148,U001913,2025-02-23 00:22:48,2025-02-23,Organic Search,Desktop,West,25-34,100K+,Insurance Plan,1,8,374,Lead Form Started,1,1,1,1,0,Lead Form Started,Document requirement concern,7112,2,8
3148,S003149,U002901,2025-05-26 21:44:41,2025-05-26,Email,Desktop,West,18-24,50K-100K,Personal Loan,0,3,343,Product Page Viewed,1,0,0,0,0,Product Page Viewed,Technical issue,75511,5,22
3149,S003150,U000497,2025-04-22 14:20:03,2025-04-22,Organic Search,Desktop,Central,25-34,Below 25K,Savings Account,0,5,808,Lead Form Submitted,1,1,1,1,1,,,0,4,17
3150,S003151,U001281,2025-04-06 03:04:41,2025-04-06,Organic Search,Mobile,North,25-34,50K-100K,Savings Account,0,5,1050,Lead Form Submitted,1,1,1,1,1,,,0,4,14
3151,S003152,U002866,2025-01-25 23:18:40,2025-01-25,Organic Search,Mobile,West,35-44,50K-100K,Savings Account,0,11,765,Calculator Used,1,1,0,0,0,Calculator Used,Technical issue,15504,1,4
3152,S003153,U002952,2025-06-29 01:17:58,2025-06-29,Referral,Desktop,North,45-54,50K-100K,Credit Card,0,5,479,Lead Form Submitted,1,1,1,1,1,,,0,6,26
3153,S003154,U000251,2025-01-20 17:45:42,2025-01-20,Organic Search,Mobile,South,25-34,50K-100K,Savings Account,0,10,739,Lead Form Submitted,1,1,1,1,1,,,0,1,4
3154,S003155,U000795,2025-04-23 08:47:08,2025-04-23,Organic Search,Mobile,West,25-34,Below 25K,Savings Account,0,9,556,Lead Form Submitted,1,1,1,1,1,,,0,4,17
3155,S003156,U002337,2025-06-10 10:24:16,2025-06-10,Paid Ads,Mobile,Central,55+,50K-100K,Personal Loan,0,3,626,Calculator Used,1,1,0,0,0,Calculator Used,Calculator result not attractive,126846,6,24
3156,S003157,U001402,2025-03-30 20:52:22,2025-03-30,Organic Search,Mobile,North,25-34,25K-50K,Personal Loan,0,7,205,Product Page Viewed,1,0,0,0,0,Product Page Viewed,Comparing alternatives,146424,3,13
3157,S003158,U001148,2025-04-24 01:41:23,2025-04-24,Email,Tablet,Central,25-34,25K-50K,Credit Card,0,11,66,Product Page Viewed,1,0,0,0,0,Product Page Viewed,Comparing alternatives,39022,4,17
3158,S003159,U001377,2025-02-16 14:57:14,2025-02-16,Social Media,Desktop,South,35-44,25K-50K,Savings Account,0,8,268,Lead Form Started,1,1,1,1,0,Lead Form Started,Too many required fields,16359,2,7
3159,S003160,U000866,2025-04-22 05:52:27,2025-04-22,Direct,Mobile,East,45-54,50K-100K,Credit Card,1,7,234,Website Visit,0,0,0,0,0,Website Visit,Not ready to explore,33582,4,17
3160,S003161,U003047,2025-01-09 09:56:58,2025-01-09,Email,Mobile,South,25-34,50K-100K,Personal Loan,0,9,246,Lead Form Submitted,1,1,1,1,1,,,0,1,2
3161,S003162,U002388,2025-04-24 17:07:32,2025-04-24,Paid Ads,Desktop,West,45-54,50K-100K,Credit Card,0,1,927,Product Page Viewed,1,0,0,0,0,Product Page Viewed,Technical issue,18455,4,17
3162,S003163,U000491,2025-02-18 09:38:19,2025-02-18,Direct,Desktop,East,45-54,25K-50K,Personal Loan,0,8,602,CTA Clicked,1,1,1,0,0,CTA Clicked,Privacy concern,100693,2,8
3163,S003164,U000162,2025-03-21 00:30:46,2025-03-21,Organic Search,Mobile,West,45-54,25K-50K,Credit Card,0,8,722,Website Visit,0,0,0,0,0,Website Visit,Slow page load,19022,3,12
3164,S003165,U000666,2025-05-29 14:33:53,2025-05-29,Email,Mobile,East,18-24,50K-100K,Insurance Plan,0,7,563,Lead Form Started,1,1,1,1,0,Lead Form Started,Too many required fields,4436,5,22
3165,S003166,U002019,2025-01-26 23:19:57,2025-01-26,Organic Search,Mobile,East,55+,50K-100K,Credit Card,0,3,1159,Website Visit,0,0,0,0,0,Website Visit,Not ready to explore,36160,1,4
3166,S003167,U002992,2025-04-08 14:02:04,2025-04-08,Paid Ads,Mobile,West,45-54,50K-100K,Personal Loan,1,12,945,Product Page Viewed,1,0,0,0,0,Product Page Viewed,High interest-rate concern,93195,4,15
3167,S003168,U000038,2025-02-16 11:42:05,2025-02-16,Organic Search,Desktop,Central,25-34,50K-100K,Insurance Plan,0,12,635,CTA Clicked,1,1,1,0,0,CTA Clicked,Technical issue,9127,2,7
3168,S003169,U001677,2025-02-07 03:40:33,2025-02-07,Paid Ads,Mobile,East,18-24,Below 25K,Savings Account,0,9,646,Lead Form Submitted,1,1,1,1,1,,,0,2,6
3169,S003170,U001664,2025-01-25 04:50:07,2025-01-25,Paid Ads,Mobile,East,35-44,Below 25K,Personal Loan,1,9,132,Calculator Used,1,1,0,0,0,Calculator Used,Required information unavailable,89968,1,4
3170,S003171,U001919,2025-06-18 07:46:10,2025-06-18,Paid Ads,Mobile,South,25-34,50K-100K,Personal Loan,1,2,1097,Calculator Used,1,1,0,0,0,Calculator Used,Technical issue,77872,6,25
3171,S003172,U001028,2025-05-24 12:40:40,2025-05-24,Referral,Mobile,West,25-34,50K-100K,Personal Loan,0,12,67,Calculator Used,1,1,0,0,0,Calculator Used,Calculator result not attractive,153023,5,21
3172,S003173,U002113,2025-05-14 23:40:17,2025-05-14,Email,Desktop,Central,18-24,50K-100K,Savings Account,1,5,344,Calculator Used,1,1,0,0,0,Calculator Used,Comparing alternatives,13074,5,20
3173,S003174,U001185,2025-02-03 01:06:35,2025-02-03,Referral,Mobile,South,55+,25K-50K,Credit Card,0,9,932,Calculator Used,1,1,0,0,0,Calculator Used,Required information unavailable,25300,2,6
3174,S003175,U002457,2025-04-09 14:52:10,2025-04-09,Paid Ads,Mobile,West,45-54,25K-50K,Savings Account,1,3,393,CTA Clicked,1,1,1,0,0,CTA Clicked,Form looked too long,9241,4,15
3175,S003176,U002586,2025-04-10 00:41:05,2025-04-10,Organic Search,Mobile,North,35-44,50K-100K,Personal Loan,0,11,107,Lead Form Submitted,1,1,1,1,1,,,0,4,15
3176,S003177,U000642,2025-06-04 14:40:22,2025-06-04,Organic Search,Desktop,Central,18-24,25K-50K,Personal Loan,0,12,1124,Product Page Viewed,1,0,0,0,0,Product Page Viewed,High interest-rate concern,133862,6,23
3177,S003178,U002583,2025-05-23 23:16:53,2025-05-23,Referral,Desktop,Central,35-44,100K+,Personal Loan,0,11,913,Lead Form Submitted,1,1,1,1,1,,,0,5,21
3178,S003179,U000752,2025-05-11 09:33:11,2025-05-11,Organic Search,Mobile,West,45-54,50K-100K,Personal Loan,0,9,1007,Calculator Used,1,1,0,0,0,Calculator Used,Required information unavailable,129414,5,19
3179,S003180,U001554,2025-02-25 10:52:34,2025-02-25,Email,Mobile,South,35-44,50K-100K,Personal Loan,1,1,617,Calculator Used,1,1,0,0,0,Calculator Used,Calculator result not attractive,67419,2,9
3180,S003181,U000264,2025-02-22 17:08:48,2025-02-22,Organic Search,Mobile,South,35-44,Below 25K,Credit Card,0,4,931,Product Page Viewed,1,0,0,0,0,Product Page Viewed,Technical issue,39053,2,8
3181,S003182,U002881,2025-02-21 13:39:22,2025-02-21,Paid Ads,Mobile,Central,45-54,50K-100K,Credit Card,1,3,913,Product Page Viewed,1,0,0,0,0,Product Page Viewed,Unclear product value,35058,2,8
3182,S003183,U001154,2025-05-09 21:45:53,2025-05-09,Direct,Mobile,North,25-34,25K-50K,Credit Card,1,12,592,Product Page Viewed,1,0,0,0,0,Product Page Viewed,Technical issue,38125,5,19
3183,S003184,U002150,2025-05-04 06:30:03,2025-05-04,Paid Ads,Desktop,East,25-34,50K-100K,Savings Account,0,5,599,Website Visit,0,0,0,0,0,Website Visit,Landing page mismatch,17057,5,18
3184,S003185,U000889,2025-04-04 01:42:09,2025-04-04,Direct,Desktop,South,35-44,100K+,Personal Loan,0,12,261,Website Visit,0,0,0,0,0,Website Visit,Not ready to explore,92668,4,14
3185,S003186,U002671,2025-05-20 14:58:52,2025-05-20,Organic Search,Mobile,West,55+,100K+,Personal Loan,0,11,167,Product Page Viewed,1,0,0,0,0,Product Page Viewed,Unclear product value,127104,5,21
3186,S003187,U000155,2025-06-06 06:04:27,2025-06-06,Referral,Mobile,West,35-44,100K+,Insurance Plan,0,6,424,Calculator Used,1,1,0,0,0,Calculator Used,Comparing alternatives,7484,6,23
3187,S003188,U001724,2025-01-07 15:33:13,2025-01-07,Paid Ads,Mobile,North,25-34,50K-100K,Credit Card,0,12,1115,Product Page Viewed,1,0,0,0,0,Product Page Viewed,Comparing alternatives,35823,1,2
3188,S003189,U002986,2025-03-19 19:31:23,2025-03-19,Email,Mobile,South,25-34,50K-100K,Savings Account,0,8,196,Lead Form Submitted,1,1,1,1,1,,,0,3,12
3189,S003190,U001975,2025-05-26 19:24:08,2025-05-26,Direct,Desktop,West,55+,50K-100K,Savings Account,0,12,1042,Calculator Used,1,1,0,0,0,Calculator Used,Calculator result not attractive,17530,5,22
3190,S003191,U000600,2025-03-13 12:21:36,2025-03-13,Email,Mobile,Central,35-44,25K-50K,Personal Loan,0,2,1140,Calculator Used,1,1,0,0,0,Calculator Used,Calculator result not attractive,117384,3,11
3191,S003192,U002285,2025-04-30 12:13:22,2025-04-30,Organic Search,Mobile,North,55+,50K-100K,Insurance Plan,0,7,70,Lead Form Submitted,1,1,1,1,1,,,0,4,18
3192,S003193,U001096,2025-03-23 16:54:25,2025-03-23,Referral,Mobile,South,35-44,25K-50K,Savings Account,0,2,607,Product Page Viewed,1,0,0,0,0,Product Page Viewed,High interest-rate concern,9963,3,12
3193,S003194,U000752,2025-06-21 05:00:06,2025-06-21,Referral,Mobile,South,18-24,25K-50K,Personal Loan,1,7,153,Calculator Used,1,1,0,0,0,Calculator Used,Comparing alternatives,125098,6,25
3194,S003195,U000706,2025-01-03 15:00:31,2025-01-03,Organic Search,Tablet,South,25-34,25K-50K,Credit Card,0,1,48,Lead Form Started,1,1,1,1,0,Lead Form Started,Too many required fields,20611,1,1
3195,S003196,U000232,2025-05-23 08:13:05,2025-05-23,Email,Mobile,South,25-34,25K-50K,Credit Card,0,3,990,Product Page Viewed,1,0,0,0,0,Product Page Viewed,Technical issue,27401,5,21
3196,S003197,U001902,2025-04-19 17:37:41,2025-04-19,Direct,Mobile,North,18-24,Below 25K,Insurance Plan,1,11,757,Product Page Viewed,1,0,0,0,0,Product Page Viewed,High interest-rate concern,8321,4,16
3197,S003198,U000895,2025-02-03 10:58:37,2025-02-03,Referral,Desktop,Central,25-34,100K+,Credit Card,0,5,1178,Lead Form Submitted,1,1,1,1,1,,,0,2,6
3198,S003199,U000985,2025-03-20 14:10:21,2025-03-20,Referral,Desktop,South,25-34,Below 25K,Personal Loan,1,7,868,Product Page Viewed,1,0,0,0,0,Product Page Viewed,High interest-rate concern,95208,3,12
3199,S003200,U002413,2025-06-09 20:55:46,2025-06-09,Organic Search,Desktop,West,35-44,25K-50K,Credit Card,0,10,54,Lead Form Submitted,1,1,1,1,1,,,0,6,24
3200,S003201,U002415,2025-04-05 23:21:23,2025-04-05,Social Media,Mobile,South,18-24,25K-50K,Credit Card,0,3,499,Product Page Viewed,1,0,0,0,0,Product Page Viewed,Technical issue,31813,4,14
3201,S003202,U002606,2025-01-21 01:36:09,2025-01-21,Paid Ads,Mobile,Central,25-34,Below 25K,Credit Card,0,12,429,Calculator Used,1,1,0,0,0,Calculator Used,Comparing alternatives,31922,1,4
3202,S003203,U000718,2025-01-06 10:06:39,2025-01-06,Email,Mobile,Central,55+,50K-100K,Savings Account,0,11,1061,Calculator Used,1,1,0,0,0,Calculator Used,Calculator result not attractive,11120,1,2
3203,S003204,U001610,2025-05-14 01:10:20,2025-05-14,Organic Search,Tablet,South,55+,100K+,Credit Card,1,1,687,Website Visit,0,0,0,0,0,Website Visit,Slow page load,25328,5,20
3204,S003205,U000504,2025-02-06 11:40:26,2025-02-06,Organic Search,Mobile,East,55+,100K+,Insurance Plan,0,1,275,Product Page Viewed,1,0,0,0,0,Product Page Viewed,Unclear product value,10769,2,6
3205,S003206,U001998,2025-05-01 18:41:27,2025-05-01,Social Media,Desktop,North,45-54,25K-50K,Insurance Plan,0,5,109,Website Visit,0,0,0,0,0,Website Visit,Slow page load,8191,5,18
3206,S003207,U003054,2025-04-22 12:30:22,2025-04-22,Social Media,Mobile,East,18-24,Below 25K,Savings Account,0,12,415,Product Page Viewed,1,0,0,0,0,Product Page Viewed,Unclear product value,18594,4,17
3207,S003208,U000794,2025-01-25 09:34:07,2025-01-25,Organic Search,Mobile,West,35-44,25K-50K,Personal Loan,0,12,1041,Product Page Viewed,1,0,0,0,0,Product Page Viewed,Unclear product value,141710,1,4
3208,S003209,U000413,2025-02-10 15:47:36,2025-02-10,Organic Search,Mobile,North,25-34,50K-100K,Credit Card,0,5,328,Product Page Viewed,1,0,0,0,0,Product Page Viewed,Comparing alternatives,21744,2,7
3209,S003210,U001323,2025-05-28 04:43:46,2025-05-28,Social Media,Mobile,North,25-34,Below 25K,Savings Account,0,12,977,Calculator Used,1,1,0,0,0,Calculator Used,Comparing alternatives,21883,5,22
3210,S003211,U002034,2025-03-14 14:46:40,2025-03-14,Referral,Desktop,Central,35-44,25K-50K,Personal Loan,0,4,160,Product Page Viewed,1,0,0,0,0,Product Page Viewed,Unclear product value,153033,3,11
3211,S003212,U001853,2025-02-06 12:30:32,2025-02-06,Email,Mobile,West,25-34,25K-50K,Personal Loan,0,6,59,Product Page Viewed,1,0,0,0,0,Product Page Viewed,Comparing alternatives,72591,2,6
3212,S003213,U002440,2025-05-09 01:16:11,2025-05-09,Social Media,Desktop,Central,35-44,50K-100K,Personal Loan,0,7,455,Calculator Used,1,1,0,0,0,Calculator Used,Technical issue,121275,5,19
3213,S003214,U001718,2025-05-09 09:31:36,2025-05-09,Email,Mobile,South,35-44,Below 25K,Credit Card,0,6,710,Product Page Viewed,1,0,0,0,0,Product Page Viewed,High interest-rate concern,30012,5,19
3214,S003215,U002568,2025-06-17 08:39:45,2025-06-17,Social Media,Mobile,North,35-44,25K-50K,Savings Account,0,10,993,Website Visit,0,0,0,0,0,Website Visit,Not ready to explore,20095,6,25
3215,S003216,U000582,2025-03-27 00:09:33,2025-03-27,Email,Mobile,South,25-34,Below 25K,Personal Loan,1,4,831,Lead Form Started,1,1,1,1,0,Lead Form Started,Document requirement concern,97974,3,13
3216,S003217,U000344,2025-03-04 16:55:28,2025-03-04,Organic Search,Desktop,South,25-34,Below 25K,Savings Account,0,7,833,Product Page Viewed,1,0,0,0,0,Product Page Viewed,High interest-rate concern,19492,3,10
3217,S003218,U002481,2025-01-25 15:12:28,2025-01-25,Social Media,Tablet,North,18-24,25K-50K,Insurance Plan,0,10,885,Product Page Viewed,1,0,0,0,0,Product Page Viewed,Unclear product value,5791,1,4
3218,S003219,U003011,2025-05-08 23:31:21,2025-05-08,Paid Ads,Mobile,North,25-34,25K-50K,Insurance Plan,0,2,786,Calculator Used,1,1,0,0,0,Calculator Used,Calculator result not attractive,4203,5,19
3219,S003220,U000536,2025-06-25 01:46:54,2025-06-25,Paid Ads,Mobile,North,35-44,50K-100K,Credit Card,0,7,482,Calculator Used,1,1,0,0,0,Calculator Used,Comparing alternatives,19986,6,26
3220,S003221,U001313,2025-01-14 00:54:43,2025-01-14,Email,Mobile,Central,25-34,100K+,Personal Loan,1,8,1017,Calculator Used,1,1,0,0,0,Calculator Used,Required information unavailable,88950,1,3
3221,S003222,U001312,2025-01-17 17:51:03,2025-01-17,Organic Search,Mobile,West,55+,50K-100K,Savings Account,1,8,223,CTA Clicked,1,1,1,0,0,CTA Clicked,Not ready to apply,15203,1,3
3222,S003223,U003195,2025-01-16 01:21:06,2025-01-16,Paid Ads,Mobile,North,18-24,Below 25K,Personal Loan,0,12,178,Product Page Viewed,1,0,0,0,0,Product Page Viewed,Unclear product value,78208,1,3
3223,S003224,U000953,2025-01-10 08:33:00,2025-01-10,Paid Ads,Mobile,South,18-24,25K-50K,Credit Card,0,3,918,Product Page Viewed,1,0,0,0,0,Product Page Viewed,Technical issue,37882,1,2
3224,S003225,U001190,2025-02-05 17:22:21,2025-02-05,Paid Ads,Mobile,North,25-34,50K-100K,Savings Account,0,7,1090,Lead Form Started,1,1,1,1,0,Lead Form Started,Document requirement concern,17408,2,6
3225,S003226,U002030,2025-03-06 02:34:41,2025-03-06,Social Media,Mobile,North,35-44,25K-50K,Credit Card,1,5,360,CTA Clicked,1,1,1,0,0,CTA Clicked,Form looked too long,21826,3,10
3226,S003227,U001345,2025-01-02 15:29:37,2025-01-02,Organic Search,Desktop,North,35-44,50K-100K,Personal Loan,0,3,325,Lead Form Submitted,1,1,1,1,1,,,0,1,1
3227,S003228,U001935,2025-02-13 19:35:50,2025-02-13,Organic Search,Desktop,South,18-24,25K-50K,Credit Card,0,5,313,Product Page Viewed,1,0,0,0,0,Product Page Viewed,High interest-rate concern,19779,2,7
3228,S003229,U001808,2025-02-21 07:39:05,2025-02-21,Organic Search,Mobile,South,45-54,50K-100K,Savings Account,1,6,141,Lead Form Submitted,1,1,1,1,1,,,0,2,8
3229,S003230,U000141,2025-01-10 03:16:46,2025-01-10,Email,Mobile,East,18-24,50K-100K,Savings Account,0,9,548,Product Page Viewed,1,0,0,0,0,Product Page Viewed,Technical issue,9218,1,2
3230,S003231,U000412,2025-04-13 13:03:51,2025-04-13,Organic Search,Mobile,West,45-54,100K+,Credit Card,0,8,480,Product Page Viewed,1,0,0,0,0,Product Page Viewed,Technical issue,25892,4,15
3231,S003232,U001844,2025-04-01 12:33:45,2025-04-01,Referral,Mobile,South,35-44,25K-50K,Personal Loan,0,3,352,Lead Form Started,1,1,1,1,0,Lead Form Started,Technical issue,125280,4,14
3232,S003233,U003166,2025-06-02 21:29:26,2025-06-02,Social Media,Mobile,South,25-34,Below 25K,Credit Card,1,1,340,Lead Form Started,1,1,1,1,0,Lead Form Started,Too many required fields,32082,6,23
3233,S003234,U000987,2025-01-23 07:00:53,2025-01-23,Paid Ads,Desktop,South,45-54,Below 25K,Insurance Plan,0,10,301,Lead Form Submitted,1,1,1,1,1,,,0,1,4
3234,S003235,U000430,2025-02-10 21:49:40,2025-02-10,Organic Search,Desktop,West,25-34,25K-50K,Insurance Plan,1,7,913,Product Page Viewed,1,0,0,0,0,Product Page Viewed,High interest-rate concern,7090,2,7
3235,S003236,U000969,2025-03-01 17:48:21,2025-03-01,Direct,Mobile,Central,55+,25K-50K,Savings Account,0,3,766,Lead Form Started,1,1,1,1,0,Lead Form Started,Document requirement concern,22333,3,9
3236,S003237,U002183,2025-03-27 01:52:45,2025-03-27,Organic Search,Desktop,Central,35-44,50K-100K,Insurance Plan,0,10,846,Calculator Used,1,1,0,0,0,Calculator Used,Required information unavailable,9687,3,13
3237,S003238,U003033,2025-03-30 00:22:23,2025-03-30,Paid Ads,Desktop,North,25-34,Below 25K,Personal Loan,1,3,310,Product Page Viewed,1,0,0,0,0,Product Page Viewed,Unclear product value,109357,3,13
3238,S003239,U001034,2025-03-11 07:26:28,2025-03-11,Social Media,Desktop,South,45-54,50K-100K,Credit Card,1,5,171,Product Page Viewed,1,0,0,0,0,Product Page Viewed,Technical issue,29274,3,11
3239,S003240,U002633,2025-04-18 20:43:29,2025-04-18,Referral,Mobile,East,18-24,50K-100K,Personal Loan,0,12,87,Calculator Used,1,1,0,0,0,Calculator Used,Technical issue,69441,4,16
3240,S003241,U000038,2025-03-09 09:29:07,2025-03-09,Organic Search,Desktop,Central,25-34,25K-50K,Savings Account,0,10,117,Lead Form Submitted,1,1,1,1,1,,,0,3,10
3241,S003242,U001353,2025-05-04 22:06:07,2025-05-04,Social Media,Desktop,Central,18-24,50K-100K,Credit Card,0,6,1112,Product Page Viewed,1,0,0,0,0,Product Page Viewed,Comparing alternatives,22942,5,18
3242,S003243,U000077,2025-06-02 03:42:37,2025-06-02,Paid Ads,Desktop,North,25-34,25K-50K,Savings Account,0,11,165,Calculator Used,1,1,0,0,0,Calculator Used,Required information unavailable,10451,6,23
3243,S003244,U001122,2025-04-04 01:47:47,2025-04-04,Email,Desktop,East,35-44,50K-100K,Insurance Plan,0,9,500,Calculator Used,1,1,0,0,0,Calculator Used,Calculator result not attractive,5003,4,14
3244,S003245,U002558,2025-01-21 22:35:22,2025-01-21,Direct,Desktop,East,25-34,50K-100K,Savings Account,0,5,676,Product Page Viewed,1,0,0,0,0,Product Page Viewed,Unclear product value,22371,1,4
3245,S003246,U001359,2025-04-14 18:58:55,2025-04-14,Organic Search,Mobile,North,35-44,50K-100K,Savings Account,1,12,111,Product Page Viewed,1,0,0,0,0,Product Page Viewed,Unclear product value,19443,4,16
3246,S003247,U000240,2025-03-02 19:14:10,2025-03-02,Direct,Mobile,West,18-24,Below 25K,Insurance Plan,0,11,288,Calculator Used,1,1,0,0,0,Calculator Used,Required information unavailable,9412,3,9
3247,S003248,U001325,2025-01-30 22:49:44,2025-01-30,Organic Search,Desktop,South,25-34,50K-100K,Credit Card,0,5,538,Calculator Used,1,1,0,0,0,Calculator Used,Calculator result not attractive,24166,1,5
3248,S003249,U003182,2025-05-26 07:26:41,2025-05-26,Paid Ads,Mobile,North,55+,100K+,Personal Loan,0,12,632,Calculator Used,1,1,0,0,0,Calculator Used,Calculator result not attractive,100057,5,22
3249,S003250,U002087,2025-05-05 16:07:05,2025-05-05,Referral,Desktop,South,18-24,50K-100K,Personal Loan,0,8,342,Product Page Viewed,1,0,0,0,0,Product Page Viewed,Comparing alternatives,93974,5,19
3250,S003251,U002818,2025-06-28 21:01:44,2025-06-28,Email,Mobile,Central,35-44,25K-50K,Personal Loan,0,12,238,Product Page Viewed,1,0,0,0,0,Product Page Viewed,High interest-rate concern,74512,6,26
3251,S003252,U002121,2025-05-11 01:44:38,2025-05-11,Organic Search,Mobile,West,25-34,100K+,Credit Card,0,4,697,Product Page Viewed,1,0,0,0,0,Product Page Viewed,Technical issue,39929,5,19
3252,S003253,U001404,2025-05-10 01:31:09,2025-05-10,Organic Search,Mobile,West,25-34,100K+,Personal Loan,0,1,1100,Product Page Viewed,1,0,0,0,0,Product Page Viewed,High interest-rate concern,89004,5,19
3253,S003254,U002913,2025-06-22 01:32:10,2025-06-22,Social Media,Mobile,South,35-44,25K-50K,Personal Loan,0,12,89,Website Visit,0,0,0,0,0,Website Visit,Not ready to explore,70792,6,25
3254,S003255,U001102,2025-02-25 05:21:55,2025-02-25,Email,Mobile,Central,45-54,25K-50K,Insurance Plan,0,3,870,Product Page Viewed,1,0,0,0,0,Product Page Viewed,High interest-rate concern,10574,2,9
3255,S003256,U000220,2025-01-02 02:04:16,2025-01-02,Social Media,Desktop,North,25-34,Below 25K,Credit Card,1,5,311,Lead Form Submitted,1,1,1,1,1,,,0,1,1
3256,S003257,U003192,2025-03-04 05:26:18,2025-03-04,Organic Search,Desktop,South,35-44,25K-50K,Credit Card,0,4,536,Lead Form Submitted,1,1,1,1,1,,,0,3,10
3257,S003258,U001440,2025-01-22 01:08:49,2025-01-22,Email,Mobile,Central,25-34,Below 25K,Insurance Plan,1,12,1026,Website Visit,0,0,0,0,0,Website Visit,Not ready to explore,7290,1,4
3258,S003259,U002980,2025-02-07 09:52:45,2025-02-07,Referral,Desktop,South,25-34,Below 25K,Credit Card,0,3,599,CTA Clicked,1,1,1,0,0,CTA Clicked,Form looked too long,32116,2,6
3259,S003260,U001712,2025-04-12 06:49:14,2025-04-12,Direct,Mobile,West,55+,100K+,Personal Loan,0,10,348,Product Page Viewed,1,0,0,0,0,Product Page Viewed,Technical issue,117656,4,15
3260,S003261,U001123,2025-04-14 01:50:20,2025-04-14,Paid Ads,Mobile,East,25-34,50K-100K,Personal Loan,0,2,264,Lead Form Started,1,1,1,1,0,Lead Form Started,Document requirement concern,157964,4,16
3261,S003262,U002944,2025-01-07 11:15:57,2025-01-07,Direct,Desktop,East,25-34,Below 25K,Savings Account,0,12,474,Lead Form Submitted,1,1,1,1,1,,,0,1,2
3262,S003263,U000568,2025-06-06 13:49:17,2025-06-06,Paid Ads,Mobile,North,18-24,25K-50K,Savings Account,0,8,552,Product Page Viewed,1,0,0,0,0,Product Page Viewed,Unclear product value,14968,6,23
3263,S003264,U001105,2025-06-21 05:45:29,2025-06-21,Organic Search,Mobile,East,45-54,25K-50K,Personal Loan,0,5,885,Product Page Viewed,1,0,0,0,0,Product Page Viewed,High interest-rate concern,79684,6,25
3264,S003265,U002185,2025-05-30 03:58:29,2025-05-30,Direct,Mobile,Central,18-24,50K-100K,Insurance Plan,1,9,573,Calculator Used,1,1,0,0,0,Calculator Used,Technical issue,5515,5,22
3265,S003266,U000175,2025-06-04 14:33:23,2025-06-04,Referral,Desktop,East,35-44,Below 25K,Credit Card,1,1,318,CTA Clicked,1,1,1,0,0,CTA Clicked,Technical issue,26106,6,23
3266,S003267,U003046,2025-05-25 12:41:49,2025-05-25,Referral,Mobile,West,25-34,25K-50K,Savings Account,1,8,177,Calculator Used,1,1,0,0,0,Calculator Used,Comparing alternatives,9002,5,21
3267,S003268,U002464,2025-05-08 07:40:13,2025-05-08,Paid Ads,Mobile,East,35-44,25K-50K,Savings Account,0,9,1167,Product Page Viewed,1,0,0,0,0,Product Page Viewed,Comparing alternatives,17397,5,19
3268,S003269,U001490,2025-06-03 19:31:05,2025-06-03,Social Media,Mobile,North,35-44,50K-100K,Savings Account,0,8,904,Product Page Viewed,1,0,0,0,0,Product Page Viewed,Unclear product value,21951,6,23
3269,S003270,U001032,2025-05-08 08:41:54,2025-05-08,Referral,Mobile,East,45-54,Below 25K,Personal Loan,1,7,95,Lead Form Submitted,1,1,1,1,1,,,0,5,19
3270,S003271,U001934,2025-01-10 20:57:23,2025-01-10,Direct,Mobile,East,35-44,50K-100K,Credit Card,0,1,1200,Lead Form Started,1,1,1,1,0,Lead Form Started,Session timeout,28586,1,2
3271,S003272,U002975,2025-03-04 04:31:48,2025-03-04,Social Media,Desktop,North,35-44,Below 25K,Credit Card,1,3,609,Lead Form Started,1,1,1,1,0,Lead Form Started,Too many required fields,36629,3,10
3272,S003273,U002847,2025-06-22 06:25:07,2025-06-22,Paid Ads,Tablet,East,35-44,25K-50K,Personal Loan,0,12,939,Product Page Viewed,1,0,0,0,0,Product Page Viewed,High interest-rate concern,83040,6,25
3273,S003274,U001365,2025-05-30 20:34:23,2025-05-30,Referral,Desktop,North,45-54,100K+,Savings Account,0,9,109,Product Page Viewed,1,0,0,0,0,Product Page Viewed,High interest-rate concern,12638,5,22
3274,S003275,U001772,2025-05-12 10:19:20,2025-05-12,Email,Mobile,North,25-34,50K-100K,Personal Loan,0,3,231,Product Page Viewed,1,0,0,0,0,Product Page Viewed,High interest-rate concern,87038,5,20
3275,S003276,U000510,2025-01-11 11:49:00,2025-01-11,Referral,Mobile,Central,35-44,Below 25K,Personal Loan,0,9,440,Lead Form Submitted,1,1,1,1,1,,,0,1,2
3276,S003277,U001616,2025-02-18 03:12:12,2025-02-18,Paid Ads,Tablet,South,25-34,Below 25K,Savings Account,0,7,783,Product Page Viewed,1,0,0,0,0,Product Page Viewed,Comparing alternatives,20658,2,8
3277,S003278,U001015,2025-01-15 21:42:26,2025-01-15,Organic Search,Mobile,East,18-24,25K-50K,Personal Loan,0,5,794,CTA Clicked,1,1,1,0,0,CTA Clicked,Not ready to apply,147630,1,3
3278,S003279,U001097,2025-04-27 03:11:27,2025-04-27,Organic Search,Mobile,West,55+,50K-100K,Personal Loan,0,12,683,Calculator Used,1,1,0,0,0,Calculator Used,Required information unavailable,122839,4,17
3279,S003280,U001276,2025-02-09 14:40:39,2025-02-09,Email,Mobile,Central,25-34,100K+,Credit Card,0,4,207,Product Page Viewed,1,0,0,0,0,Product Page Viewed,Unclear product value,22469,2,6
3280,S003281,U002754,2025-02-04 00:35:11,2025-02-04,Organic Search,Desktop,West,18-24,Below 25K,Savings Account,0,5,519,Product Page Viewed,1,0,0,0,0,Product Page Viewed,Comparing alternatives,13705,2,6
3281,S003282,U001489,2025-01-17 20:39:31,2025-01-17,Organic Search,Mobile,North,25-34,100K+,Insurance Plan,0,11,1018,Calculator Used,1,1,0,0,0,Calculator Used,Comparing alternatives,8889,1,3
3282,S003283,U000587,2025-04-14 15:04:02,2025-04-14,Referral,Mobile,North,25-34,Below 25K,Credit Card,1,12,331,Calculator Used,1,1,0,0,0,Calculator Used,Calculator result not attractive,16279,4,16
3283,S003284,U000489,2025-01-31 06:28:12,2025-01-31,Referral,Desktop,North,25-34,50K-100K,Savings Account,0,3,264,Product Page Viewed,1,0,0,0,0,Product Page Viewed,High interest-rate concern,9180,1,5
3284,S003285,U001654,2025-05-02 19:17:33,2025-05-02,Direct,Mobile,West,25-34,25K-50K,Personal Loan,0,3,462,Lead Form Submitted,1,1,1,1,1,,,0,5,18
3285,S003286,U003274,2025-04-10 12:00:14,2025-04-10,Paid Ads,Mobile,South,35-44,50K-100K,Insurance Plan,0,6,514,Website Visit,0,0,0,0,0,Website Visit,Landing page mismatch,8105,4,15
3286,S003287,U002612,2025-06-11 22:28:46,2025-06-11,Direct,Desktop,West,25-34,50K-100K,Credit Card,0,12,28,Product Page Viewed,1,0,0,0,0,Product Page Viewed,Comparing alternatives,29358,6,24
3287,S003288,U002417,2025-02-08 02:58:09,2025-02-08,Organic Search,Desktop,East,35-44,25K-50K,Personal Loan,0,2,248,Lead Form Submitted,1,1,1,1,1,,,0,2,6
3288,S003289,U001394,2025-01-02 21:51:12,2025-01-02,Referral,Mobile,North,25-34,25K-50K,Credit Card,0,1,856,Calculator Used,1,1,0,0,0,Calculator Used,Technical issue,37938,1,1
3289,S003290,U000209,2025-01-27 17:34:04,2025-01-27,Email,Mobile,Central,35-44,25K-50K,Personal Loan,0,2,769,Lead Form Started,1,1,1,1,0,Lead Form Started,Session timeout,99263,1,5
3290,S003291,U002952,2025-05-25 18:42:07,2025-05-25,Referral,Desktop,North,25-34,25K-50K,Personal Loan,0,12,942,Calculator Used,1,1,0,0,0,Calculator Used,Technical issue,151755,5,21
3291,S003292,U000445,2025-05-29 17:16:28,2025-05-29,Paid Ads,Mobile,Central,25-34,Below 25K,Credit Card,1,7,443,Lead Form Started,1,1,1,1,0,Lead Form Started,Technical issue,37824,5,22
3292,S003293,U000730,2025-05-24 09:03:58,2025-05-24,Referral,Mobile,West,35-44,Below 25K,Insurance Plan,1,4,501,Product Page Viewed,1,0,0,0,0,Product Page Viewed,Unclear product value,8872,5,21
3293,S003294,U000698,2025-05-29 03:18:37,2025-05-29,Direct,Mobile,West,35-44,Below 25K,Insurance Plan,0,6,366,Calculator Used,1,1,0,0,0,Calculator Used,Technical issue,6773,5,22
3294,S003295,U000263,2025-01-14 00:09:04,2025-01-14,Direct,Desktop,West,45-54,50K-100K,Personal Loan,0,1,778,Product Page Viewed,1,0,0,0,0,Product Page Viewed,Comparing alternatives,72716,1,3
3295,S003296,U000203,2025-03-18 23:43:25,2025-03-18,Direct,Mobile,Central,45-54,50K-100K,Credit Card,0,2,127,Website Visit,0,0,0,0,0,Website Visit,Landing page mismatch,32521,3,12
3296,S003297,U000589,2025-02-02 15:06:33,2025-02-02,Direct,Desktop,Central,25-34,25K-50K,Personal Loan,0,9,237,Product Page Viewed,1,0,0,0,0,Product Page Viewed,Unclear product value,114667,2,5
3297,S003298,U000585,2025-02-13 15:53:43,2025-02-13,Paid Ads,Desktop,East,45-54,50K-100K,Personal Loan,0,8,128,Product Page Viewed,1,0,0,0,0,Product Page Viewed,High interest-rate concern,137262,2,7
3298,S003299,U003181,2025-05-16 03:40:32,2025-05-16,Organic Search,Desktop,Central,35-44,25K-50K,Savings Account,0,5,871,Product Page Viewed,1,0,0,0,0,Product Page Viewed,Unclear product value,21266,5,20
3299,S003300,U002886,2025-04-07 16:12:14,2025-04-07,Paid Ads,Mobile,South,25-34,50K-100K,Insurance Plan,1,8,1075,Calculator Used,1,1,0,0,0,Calculator Used,Required information unavailable,4220,4,15
3300,S003301,U002834,2025-01-07 16:11:20,2025-01-07,Email,Tablet,West,35-44,50K-100K,Credit Card,0,10,112,Product Page Viewed,1,0,0,0,0,Product Page Viewed,Comparing alternatives,26532,1,2
3301,S003302,U002398,2025-04-29 09:07:38,2025-04-29,Organic Search,Desktop,South,25-34,100K+,Credit Card,0,12,989,Lead Form Started,1,1,1,1,0,Lead Form Started,Too many required fields,17063,4,18
3302,S003303,U001645,2025-03-17 16:29:12,2025-03-17,Referral,Mobile,Central,25-34,25K-50K,Credit Card,0,1,323,Product Page Viewed,1,0,0,0,0,Product Page Viewed,High interest-rate concern,33877,3,12
3303,S003304,U000918,2025-03-03 03:35:06,2025-03-03,Email,Mobile,West,45-54,Below 25K,Credit Card,0,9,983,Product Page Viewed,1,0,0,0,0,Product Page Viewed,Technical issue,24046,3,10
3304,S003305,U002060,2025-02-13 08:39:36,2025-02-13,Social Media,Desktop,Central,45-54,25K-50K,Credit Card,0,8,410,Calculator Used,1,1,0,0,0,Calculator Used,Technical issue,30955,2,7
3305,S003306,U000879,2025-02-07 15:07:02,2025-02-07,Referral,Mobile,East,25-34,25K-50K,Insurance Plan,0,10,478,Product Page Viewed,1,0,0,0,0,Product Page Viewed,Technical issue,5650,2,6
3306,S003307,U002750,2025-06-26 04:26:06,2025-06-26,Organic Search,Mobile,West,25-34,25K-50K,Personal Loan,0,2,737,Product Page Viewed,1,0,0,0,0,Product Page Viewed,Comparing alternatives,102255,6,26
3307,S003308,U003125,2025-02-02 19:23:53,2025-02-02,Direct,Mobile,North,25-34,25K-50K,Insurance Plan,0,8,401,Product Page Viewed,1,0,0,0,0,Product Page Viewed,Comparing alternatives,8655,2,5
3308,S003309,U000579,2025-06-28 06:02:23,2025-06-28,Direct,Mobile,North,25-34,25K-50K,Insurance Plan,1,1,537,Product Page Viewed,1,0,0,0,0,Product Page Viewed,High interest-rate concern,8952,6,26
3309,S003310,U000352,2025-05-12 09:21:52,2025-05-12,Email,Mobile,East,45-54,Below 25K,Insurance Plan,0,3,601,Calculator Used,1,1,0,0,0,Calculator Used,Required information unavailable,5592,5,20
3310,S003311,U000912,2025-01-28 10:36:34,2025-01-28,Paid Ads,Desktop,West,25-34,Below 25K,Personal Loan,0,7,576,Lead Form Started,1,1,1,1,0,Lead Form Started,Session timeout,102443,1,5
3311,S003312,U001854,2025-02-11 08:14:02,2025-02-11,Email,Mobile,East,25-34,25K-50K,Insurance Plan,0,2,403,Website Visit,0,0,0,0,0,Website Visit,Landing page mismatch,8347,2,7
3312,S003313,U000529,2025-01-24 14:48:13,2025-01-24,Paid Ads,Desktop,Central,35-44,Below 25K,Savings Account,0,2,255,Lead Form Submitted,1,1,1,1,1,,,0,1,4
3313,S003314,U000819,2025-03-21 11:28:37,2025-03-21,Email,Mobile,North,35-44,50K-100K,Savings Account,0,11,907,Lead Form Submitted,1,1,1,1,1,,,0,3,12
3314,S003315,U000275,2025-06-11 15:54:31,2025-06-11,Email,Mobile,West,45-54,25K-50K,Personal Loan,0,8,713,Product Page Viewed,1,0,0,0,0,Product Page Viewed,High interest-rate concern,91115,6,24
3315,S003316,U001012,2025-02-24 05:48:34,2025-02-24,Organic Search,Desktop,South,55+,25K-50K,Personal Loan,1,1,1013,Product Page Viewed,1,0,0,0,0,Product Page Viewed,Comparing alternatives,121935,2,9
3316,S003317,U001460,2025-05-26 04:15:14,2025-05-26,Email,Mobile,South,25-34,50K-100K,Savings Account,1,5,50,Lead Form Started,1,1,1,1,0,Lead Form Started,Session timeout,17216,5,22
3317,S003318,U002783,2025-05-19 19:19:48,2025-05-19,Paid Ads,Mobile,West,45-54,Below 25K,Insurance Plan,0,3,27,Product Page Viewed,1,0,0,0,0,Product Page Viewed,Technical issue,4490,5,21
3318,S003319,U001225,2025-04-24 06:57:44,2025-04-24,Organic Search,Mobile,North,25-34,100K+,Personal Loan,1,1,337,Product Page Viewed,1,0,0,0,0,Product Page Viewed,Comparing alternatives,77110,4,17
3319,S003320,U001740,2025-02-24 14:19:23,2025-02-24,Email,Desktop,Central,45-54,Below 25K,Personal Loan,0,7,638,Product Page Viewed,1,0,0,0,0,Product Page Viewed,Comparing alternatives,140100,2,9
3320,S003321,U000047,2025-03-07 13:18:50,2025-03-07,Paid Ads,Mobile,East,45-54,50K-100K,Personal Loan,1,1,475,Website Visit,0,0,0,0,0,Website Visit,Slow page load,153940,3,10
3321,S003322,U000530,2025-06-27 04:45:28,2025-06-27,Direct,Tablet,North,18-24,50K-100K,Personal Loan,0,5,663,Product Page Viewed,1,0,0,0,0,Product Page Viewed,Technical issue,82590,6,26
3322,S003323,U000393,2025-06-14 06:44:37,2025-06-14,Email,Desktop,Central,45-54,50K-100K,Credit Card,0,1,1047,Calculator Used,1,1,0,0,0,Calculator Used,Comparing alternatives,24711,6,24
3323,S003324,U001191,2025-01-30 08:31:39,2025-01-30,Direct,Desktop,East,25-34,25K-50K,Credit Card,1,12,898,Lead Form Started,1,1,1,1,0,Lead Form Started,Session timeout,37135,1,5
3324,S003325,U003211,2025-03-21 17:16:01,2025-03-21,Direct,Mobile,East,55+,50K-100K,Personal Loan,0,6,229,Lead Form Submitted,1,1,1,1,1,,,0,3,12
3325,S003326,U001253,2025-02-20 16:51:10,2025-02-20,Referral,Mobile,Central,35-44,50K-100K,Personal Loan,1,6,577,Lead Form Submitted,1,1,1,1,1,,,0,2,8
3326,S003327,U002541,2025-01-05 03:26:27,2025-01-05,Direct,Mobile,South,35-44,50K-100K,Savings Account,0,1,1047,CTA Clicked,1,1,1,0,0,CTA Clicked,Not ready to apply,15703,1,1
3327,S003328,U002643,2025-04-18 17:47:09,2025-04-18,Organic Search,Mobile,Central,45-54,50K-100K,Credit Card,0,2,631,Product Page Viewed,1,0,0,0,0,Product Page Viewed,Technical issue,33818,4,16
3328,S003329,U003045,2025-06-07 07:17:15,2025-06-07,Paid Ads,Desktop,South,25-34,25K-50K,Insurance Plan,1,4,125,Product Page Viewed,1,0,0,0,0,Product Page Viewed,High interest-rate concern,8588,6,23
3329,S003330,U001501,2025-01-25 16:01:30,2025-01-25,Organic Search,Desktop,East,35-44,Below 25K,Personal Loan,0,9,1150,CTA Clicked,1,1,1,0,0,CTA Clicked,Privacy concern,126688,1,4
3330,S003331,U002837,2025-01-09 12:40:54,2025-01-09,Direct,Mobile,North,45-54,50K-100K,Personal Loan,1,6,718,Calculator Used,1,1,0,0,0,Calculator Used,Technical issue,69102,1,2
3331,S003332,U002319,2025-06-05 00:16:29,2025-06-05,Email,Mobile,North,25-34,25K-50K,Personal Loan,0,4,1017,Lead Form Submitted,1,1,1,1,1,,,0,6,23
3332,S003333,U002332,2025-04-12 03:51:08,2025-04-12,Email,Mobile,West,25-34,25K-50K,Savings Account,1,9,986,Lead Form Started,1,1,1,1,0,Lead Form Started,Document requirement concern,21777,4,15
3333,S003334,U000690,2025-02-15 15:35:48,2025-02-15,Organic Search,Desktop,Central,25-34,100K+,Credit Card,0,12,150,Lead Form Submitted,1,1,1,1,1,,,0,2,7
3334,S003335,U001815,2025-05-17 20:38:37,2025-05-17,Email,Mobile,North,18-24,25K-50K,Savings Account,1,11,559,Product Page Viewed,1,0,0,0,0,Product Page Viewed,High interest-rate concern,11859,5,20
3335,S003336,U002907,2025-05-20 10:42:40,2025-05-20,Direct,Mobile,North,45-54,25K-50K,Credit Card,0,6,250,Product Page Viewed,1,0,0,0,0,Product Page Viewed,Technical issue,35663,5,21
3336,S003337,U001537,2025-03-10 20:12:16,2025-03-10,Paid Ads,Mobile,North,35-44,Below 25K,Personal Loan,0,10,834,Product Page Viewed,1,0,0,0,0,Product Page Viewed,High interest-rate concern,158353,3,11
3337,S003338,U002450,2025-06-25 06:32:25,2025-06-25,Paid Ads,Desktop,East,55+,25K-50K,Credit Card,0,11,716,Product Page Viewed,1,0,0,0,0,Product Page Viewed,High interest-rate concern,19298,6,26
3338,S003339,U000495,2025-01-22 20:10:04,2025-01-22,Email,Mobile,South,25-34,Below 25K,Credit Card,0,4,245,Calculator Used,1,1,0,0,0,Calculator Used,Comparing alternatives,28845,1,4
3339,S003340,U002494,2025-04-18 01:34:26,2025-04-18,Paid Ads,Mobile,Central,45-54,25K-50K,Savings Account,0,11,629,Product Page Viewed,1,0,0,0,0,Product Page Viewed,Technical issue,20082,4,16
3340,S003341,U001413,2025-02-01 00:08:09,2025-02-01,Organic Search,Desktop,North,35-44,25K-50K,Personal Loan,0,1,684,Product Page Viewed,1,0,0,0,0,Product Page Viewed,Comparing alternatives,115927,2,5
3341,S003342,U001640,2025-05-18 12:57:23,2025-05-18,Direct,Mobile,Central,55+,50K-100K,Personal Loan,1,7,78,Product Page Viewed,1,0,0,0,0,Product Page Viewed,High interest-rate concern,151861,5,20
3342,S003343,U000898,2025-03-18 01:52:13,2025-03-18,Organic Search,Mobile,West,35-44,50K-100K,Savings Account,1,9,657,Product Page Viewed,1,0,0,0,0,Product Page Viewed,High interest-rate concern,11329,3,12
3343,S003344,U000152,2025-01-13 08:11:05,2025-01-13,Social Media,Mobile,South,25-34,100K+,Insurance Plan,0,1,469,Product Page Viewed,1,0,0,0,0,Product Page Viewed,Technical issue,9435,1,3
3344,S003345,U001905,2025-06-13 08:58:19,2025-06-13,Social Media,Mobile,South,25-34,100K+,Credit Card,1,10,593,Product Page Viewed,1,0,0,0,0,Product Page Viewed,High interest-rate concern,19784,6,24
3345,S003346,U000849,2025-02-10 21:08:45,2025-02-10,Organic Search,Mobile,South,25-34,Below 25K,Credit Card,0,6,836,Product Page Viewed,1,0,0,0,0,Product Page Viewed,Comparing alternatives,28406,2,7
3346,S003347,U002217,2025-03-04 16:30:02,2025-03-04,Organic Search,Mobile,East,25-34,25K-50K,Credit Card,0,6,552,Product Page Viewed,1,0,0,0,0,Product Page Viewed,Comparing alternatives,30714,3,10
3347,S003348,U001781,2025-05-12 08:08:26,2025-05-12,Organic Search,Desktop,East,35-44,25K-50K,Personal Loan,1,1,995,Lead Form Submitted,1,1,1,1,1,,,0,5,20
3348,S003349,U000137,2025-05-21 02:22:00,2025-05-21,Referral,Mobile,Central,55+,Below 25K,Personal Loan,1,10,1081,Lead Form Started,1,1,1,1,0,Lead Form Started,Too many required fields,127938,5,21
3349,S003350,U000087,2025-06-23 19:08:12,2025-06-23,Organic Search,Mobile,East,25-34,50K-100K,Savings Account,0,4,348,CTA Clicked,1,1,1,0,0,CTA Clicked,Form looked too long,16529,6,26
3350,S003351,U000412,2025-01-29 19:04:46,2025-01-29,Organic Search,Mobile,North,35-44,25K-50K,Personal Loan,1,1,77,Product Page Viewed,1,0,0,0,0,Product Page Viewed,Unclear product value,71415,1,5
3351,S003352,U002759,2025-01-17 00:59:52,2025-01-17,Paid Ads,Desktop,West,45-54,25K-50K,Credit Card,0,9,307,Lead Form Started,1,1,1,1,0,Lead Form Started,Too many required fields,26466,1,3
3352,S003353,U002455,2025-06-29 20:04:57,2025-06-29,Organic Search,Mobile,Central,35-44,25K-50K,Personal Loan,0,12,896,Website Visit,0,0,0,0,0,Website Visit,Landing page mismatch,74663,6,26
3353,S003354,U002475,2025-02-17 07:10:44,2025-02-17,Referral,Mobile,West,25-34,25K-50K,Insurance Plan,0,7,586,Lead Form Submitted,1,1,1,1,1,,,0,2,8
3354,S003355,U000060,2025-05-29 00:35:37,2025-05-29,Referral,Mobile,South,25-34,25K-50K,Savings Account,0,1,422,CTA Clicked,1,1,1,0,0,CTA Clicked,Form looked too long,12773,5,22
3355,S003356,U001741,2025-03-28 20:15:46,2025-03-28,Organic Search,Mobile,West,45-54,Below 25K,Credit Card,0,9,92,Calculator Used,1,1,0,0,0,Calculator Used,Comparing alternatives,20300,3,13
3356,S003357,U000477,2025-04-05 11:47:12,2025-04-05,Email,Mobile,West,18-24,50K-100K,Insurance Plan,0,6,1165,Lead Form Submitted,1,1,1,1,1,,,0,4,14
3357,S003358,U002839,2025-04-28 15:30:49,2025-04-28,Social Media,Tablet,West,25-34,100K+,Savings Account,0,4,665,Calculator Used,1,1,0,0,0,Calculator Used,Comparing alternatives,9442,4,18
3358,S003359,U001187,2025-02-21 19:10:46,2025-02-21,Direct,Mobile,North,25-34,50K-100K,Credit Card,0,11,1181,Product Page Viewed,1,0,0,0,0,Product Page Viewed,High interest-rate concern,26364,2,8
3359,S003360,U000812,2025-03-23 05:49:47,2025-03-23,Organic Search,Mobile,South,25-34,Below 25K,Savings Account,0,1,132,Calculator Used,1,1,0,0,0,Calculator Used,Comparing alternatives,11517,3,12
3360,S003361,U002411,2025-01-13 22:35:56,2025-01-13,Organic Search,Mobile,West,45-54,50K-100K,Credit Card,1,4,1005,Calculator Used,1,1,0,0,0,Calculator Used,Technical issue,17846,1,3
3361,S003362,U001883,2025-01-24 20:53:13,2025-01-24,Referral,Desktop,East,25-34,Below 25K,Personal Loan,1,10,223,CTA Clicked,1,1,1,0,0,CTA Clicked,Privacy concern,108771,1,4
3362,S003363,U003290,2025-03-21 13:15:54,2025-03-21,Direct,Mobile,East,45-54,100K+,Personal Loan,0,3,912,Product Page Viewed,1,0,0,0,0,Product Page Viewed,High interest-rate concern,80903,3,12
3363,S003364,U000760,2025-03-24 02:11:18,2025-03-24,Paid Ads,Desktop,North,25-34,25K-50K,Credit Card,1,5,1002,Lead Form Submitted,1,1,1,1,1,,,0,3,13
3364,S003365,U002570,2025-03-20 10:44:07,2025-03-20,Email,Tablet,South,55+,Below 25K,Credit Card,1,4,571,Product Page Viewed,1,0,0,0,0,Product Page Viewed,High interest-rate concern,37994,3,12
3365,S003366,U002186,2025-04-22 09:47:08,2025-04-22,Organic Search,Desktop,Central,55+,50K-100K,Insurance Plan,0,10,145,Product Page Viewed,1,0,0,0,0,Product Page Viewed,Unclear product value,8032,4,17
3366,S003367,U001248,2025-02-26 21:14:08,2025-02-26,Organic Search,Desktop,North,45-54,100K+,Savings Account,1,9,968,Lead Form Started,1,1,1,1,0,Lead Form Started,Too many required fields,12404,2,9
3367,S003368,U000812,2025-03-18 01:40:29,2025-03-18,Referral,Mobile,West,18-24,25K-50K,Credit Card,1,1,761,Product Page Viewed,1,0,0,0,0,Product Page Viewed,Technical issue,29754,3,12
3368,S003369,U000742,2025-06-19 06:06:02,2025-06-19,Referral,Desktop,South,25-34,25K-50K,Personal Loan,0,2,672,Product Page Viewed,1,0,0,0,0,Product Page Viewed,Comparing alternatives,100004,6,25
3369,S003370,U000449,2025-06-24 14:06:27,2025-06-24,Paid Ads,Mobile,East,35-44,25K-50K,Credit Card,0,4,691,Website Visit,0,0,0,0,0,Website Visit,Immediate bounce,24693,6,26
3370,S003371,U002667,2025-04-09 00:38:26,2025-04-09,Direct,Mobile,Central,25-34,50K-100K,Insurance Plan,0,7,655,Product Page Viewed,1,0,0,0,0,Product Page Viewed,Unclear product value,9858,4,15
3371,S003372,U001405,2025-02-27 09:14:10,2025-02-27,Organic Search,Mobile,Central,45-54,Below 25K,Personal Loan,0,11,130,Product Page Viewed,1,0,0,0,0,Product Page Viewed,Comparing alternatives,129539,2,9
3372,S003373,U003138,2025-01-05 15:00:27,2025-01-05,Social Media,Desktop,West,35-44,25K-50K,Insurance Plan,0,11,814,Calculator Used,1,1,0,0,0,Calculator Used,Required information unavailable,5762,1,1
3373,S003374,U003021,2025-05-06 06:46:20,2025-05-06,Email,Mobile,Central,25-34,Below 25K,Savings Account,0,5,853,Product Page Viewed,1,0,0,0,0,Product Page Viewed,Comparing alternatives,14512,5,19
3374,S003375,U002585,2025-05-26 20:34:58,2025-05-26,Organic Search,Mobile,Central,55+,25K-50K,Personal Loan,0,5,1163,CTA Clicked,1,1,1,0,0,CTA Clicked,Form looked too long,151261,5,22
3375,S003376,U002453,2025-05-18 08:37:33,2025-05-18,Social Media,Desktop,Central,25-34,50K-100K,Personal Loan,0,2,471,Lead Form Submitted,1,1,1,1,1,,,0,5,20
3376,S003377,U000600,2025-05-31 04:34:50,2025-05-31,Referral,Tablet,North,35-44,100K+,Insurance Plan,0,11,833,Product Page Viewed,1,0,0,0,0,Product Page Viewed,High interest-rate concern,10188,5,22
3377,S003378,U002571,2025-01-17 05:25:44,2025-01-17,Paid Ads,Desktop,East,35-44,50K-100K,Insurance Plan,0,2,348,Product Page Viewed,1,0,0,0,0,Product Page Viewed,High interest-rate concern,8109,1,3
3378,S003379,U002420,2025-01-07 07:12:44,2025-01-07,Social Media,Mobile,South,35-44,100K+,Savings Account,1,10,79,Website Visit,0,0,0,0,0,Website Visit,Not ready to explore,21993,1,2
3379,S003380,U003376,2025-05-27 03:45:29,2025-05-27,Email,Mobile,South,25-34,25K-50K,Personal Loan,0,6,1186,Lead Form Started,1,1,1,1,0,Lead Form Started,Document requirement concern,104783,5,22
3380,S003381,U001821,2025-02-18 18:50:09,2025-02-18,Direct,Desktop,South,35-44,25K-50K,Personal Loan,0,12,787,Calculator Used,1,1,0,0,0,Calculator Used,Comparing alternatives,68762,2,8
3381,S003382,U001195,2025-02-11 18:10:55,2025-02-11,Email,Mobile,North,45-54,Below 25K,Insurance Plan,0,11,1136,Website Visit,0,0,0,0,0,Website Visit,Landing page mismatch,7278,2,7
3382,S003383,U003186,2025-04-06 01:28:52,2025-04-06,Referral,Tablet,Central,45-54,Below 25K,Personal Loan,0,6,894,Lead Form Submitted,1,1,1,1,1,,,0,4,14
3383,S003384,U003349,2025-05-27 06:20:02,2025-05-27,Direct,Desktop,South,45-54,Below 25K,Credit Card,0,10,951,Lead Form Started,1,1,1,1,0,Lead Form Started,Too many required fields,28558,5,22
3384,S003385,U003126,2025-01-13 21:36:09,2025-01-13,Paid Ads,Mobile,West,35-44,25K-50K,Credit Card,1,11,53,Product Page Viewed,1,0,0,0,0,Product Page Viewed,Comparing alternatives,31139,1,3
3385,S003386,U000706,2025-04-21 07:49:13,2025-04-21,Organic Search,Desktop,East,35-44,25K-50K,Credit Card,0,7,816,Product Page Viewed,1,0,0,0,0,Product Page Viewed,Unclear product value,37844,4,17
3386,S003387,U001107,2025-01-17 19:32:14,2025-01-17,Paid Ads,Desktop,East,25-34,100K+,Credit Card,0,9,749,Product Page Viewed,1,0,0,0,0,Product Page Viewed,Unclear product value,35636,1,3
3387,S003388,U002841,2025-03-03 21:46:01,2025-03-03,Organic Search,Mobile,West,25-34,50K-100K,Insurance Plan,0,11,196,Calculator Used,1,1,0,0,0,Calculator Used,Technical issue,8762,3,10
3388,S003389,U000530,2025-02-16 12:15:37,2025-02-16,Organic Search,Mobile,Central,18-24,25K-50K,Personal Loan,0,4,219,Calculator Used,1,1,0,0,0,Calculator Used,Required information unavailable,130722,2,7
3389,S003390,U002789,2025-01-23 18:18:26,2025-01-23,Paid Ads,Tablet,East,45-54,Below 25K,Savings Account,0,7,479,Product Page Viewed,1,0,0,0,0,Product Page Viewed,High interest-rate concern,9094,1,4
3390,S003391,U001326,2025-02-16 14:39:44,2025-02-16,Organic Search,Desktop,North,25-34,Below 25K,Personal Loan,0,10,865,Product Page Viewed,1,0,0,0,0,Product Page Viewed,Comparing alternatives,107530,2,7
3391,S003392,U002689,2025-03-17 06:31:45,2025-03-17,Organic Search,Mobile,West,35-44,25K-50K,Credit Card,0,12,851,Calculator Used,1,1,0,0,0,Calculator Used,Calculator result not attractive,38619,3,12
3392,S003393,U001794,2025-05-24 18:43:53,2025-05-24,Organic Search,Desktop,North,25-34,25K-50K,Savings Account,0,2,511,Product Page Viewed,1,0,0,0,0,Product Page Viewed,Technical issue,21700,5,21
3393,S003394,U001348,2025-06-14 13:28:52,2025-06-14,Email,Desktop,East,25-34,Below 25K,Credit Card,0,3,818,Lead Form Submitted,1,1,1,1,1,,,0,6,24
3394,S003395,U003120,2025-03-16 16:59:55,2025-03-16,Paid Ads,Mobile,North,18-24,50K-100K,Insurance Plan,0,8,317,Calculator Used,1,1,0,0,0,Calculator Used,Comparing alternatives,8673,3,11
3395,S003396,U001987,2025-03-02 22:19:15,2025-03-02,Direct,Mobile,East,35-44,Below 25K,Insurance Plan,0,5,819,Product Page Viewed,1,0,0,0,0,Product Page Viewed,High interest-rate concern,4564,3,9
3396,S003397,U001522,2025-03-23 09:19:54,2025-03-23,Organic Search,Desktop,West,35-44,25K-50K,Insurance Plan,0,3,31,Calculator Used,1,1,0,0,0,Calculator Used,Comparing alternatives,5848,3,12
3397,S003398,U001641,2025-05-07 01:25:46,2025-05-07,Paid Ads,Desktop,North,18-24,25K-50K,Personal Loan,0,4,797,Lead Form Submitted,1,1,1,1,1,,,0,5,19
3398,S003399,U001975,2025-06-18 13:24:59,2025-06-18,Paid Ads,Desktop,West,45-54,25K-50K,Credit Card,0,5,135,Website Visit,0,0,0,0,0,Website Visit,Not ready to explore,23018,6,25
3399,S003400,U002887,2025-02-07 08:22:11,2025-02-07,Paid Ads,Desktop,Central,18-24,50K-100K,Personal Loan,0,5,193,Lead Form Started,1,1,1,1,0,Lead Form Started,Document requirement concern,153998,2,6
3400,S003401,U002335,2025-06-15 11:13:41,2025-06-15,Direct,Mobile,West,35-44,25K-50K,Savings Account,0,8,514,Product Page Viewed,1,0,0,0,0,Product Page Viewed,Comparing alternatives,14871,6,24
3401,S003402,U003012,2025-03-19 09:30:36,2025-03-19,Direct,Mobile,West,35-44,25K-50K,Credit Card,0,8,657,Product Page Viewed,1,0,0,0,0,Product Page Viewed,Comparing alternatives,29992,3,12
3402,S003403,U003108,2025-05-24 00:47:51,2025-05-24,Paid Ads,Mobile,East,45-54,25K-50K,Personal Loan,0,6,743,Lead Form Submitted,1,1,1,1,1,,,0,5,21
3403,S003404,U000110,2025-02-19 20:19:37,2025-02-19,Email,Mobile,West,25-34,25K-50K,Credit Card,1,3,436,Product Page Viewed,1,0,0,0,0,Product Page Viewed,Unclear product value,37564,2,8
3404,S003405,U001125,2025-05-03 04:32:36,2025-05-03,Paid Ads,Tablet,West,25-34,50K-100K,Personal Loan,0,9,112,Lead Form Submitted,1,1,1,1,1,,,0,5,18
3405,S003406,U001374,2025-04-04 09:37:50,2025-04-04,Social Media,Mobile,North,35-44,25K-50K,Credit Card,0,10,411,Product Page Viewed,1,0,0,0,0,Product Page Viewed,Technical issue,19123,4,14
3406,S003407,U002401,2025-03-19 10:37:54,2025-03-19,Email,Desktop,West,25-34,25K-50K,Credit Card,0,7,297,Lead Form Submitted,1,1,1,1,1,,,0,3,12
3407,S003408,U001370,2025-03-30 19:30:14,2025-03-30,Organic Search,Mobile,East,35-44,100K+,Personal Loan,1,8,696,Product Page Viewed,1,0,0,0,0,Product Page Viewed,High interest-rate concern,158037,3,13
3408,S003409,U001166,2025-01-18 18:49:01,2025-01-18,Email,Mobile,North,25-34,50K-100K,Insurance Plan,1,6,920,Product Page Viewed,1,0,0,0,0,Product Page Viewed,Comparing alternatives,9328,1,3
3409,S003410,U002748,2025-01-30 17:08:53,2025-01-30,Email,Desktop,West,35-44,50K-100K,Personal Loan,1,4,760,Product Page Viewed,1,0,0,0,0,Product Page Viewed,High interest-rate concern,117056,1,5
3410,S003411,U003290,2025-06-28 12:13:39,2025-06-28,Organic Search,Desktop,Central,25-34,50K-100K,Credit Card,1,5,1014,Lead Form Started,1,1,1,1,0,Lead Form Started,Document requirement concern,24628,6,26
3411,S003412,U003045,2025-01-15 21:47:50,2025-01-15,Direct,Desktop,North,35-44,Below 25K,Personal Loan,1,4,143,Calculator Used,1,1,0,0,0,Calculator Used,Required information unavailable,143656,1,3
3412,S003413,U001115,2025-04-27 17:23:23,2025-04-27,Email,Desktop,South,35-44,25K-50K,Savings Account,0,7,119,Lead Form Started,1,1,1,1,0,Lead Form Started,Too many required fields,9747,4,17
3413,S003414,U002215,2025-04-17 15:15:58,2025-04-17,Email,Desktop,West,35-44,50K-100K,Credit Card,0,6,57,Lead Form Started,1,1,1,1,0,Lead Form Started,Document requirement concern,27660,4,16
3414,S003415,U001940,2025-05-07 02:15:16,2025-05-07,Social Media,Mobile,West,45-54,25K-50K,Personal Loan,0,10,1101,Website Visit,0,0,0,0,0,Website Visit,Landing page mismatch,111008,5,19
3415,S003416,U003045,2025-05-06 09:33:01,2025-05-06,Organic Search,Mobile,East,25-34,25K-50K,Savings Account,1,2,61,Calculator Used,1,1,0,0,0,Calculator Used,Comparing alternatives,17479,5,19
3416,S003417,U002586,2025-01-15 05:25:36,2025-01-15,Direct,Desktop,North,35-44,50K-100K,Credit Card,0,11,780,Website Visit,0,0,0,0,0,Website Visit,Landing page mismatch,23932,1,3
3417,S003418,U001383,2025-01-24 10:38:05,2025-01-24,Social Media,Desktop,North,35-44,Below 25K,Credit Card,1,6,1150,Product Page Viewed,1,0,0,0,0,Product Page Viewed,Technical issue,22113,1,4
3418,S003419,U001153,2025-01-18 11:41:56,2025-01-18,Organic Search,Desktop,East,25-34,25K-50K,Insurance Plan,1,8,376,Calculator Used,1,1,0,0,0,Calculator Used,Required information unavailable,6833,1,3
3419,S003420,U002278,2025-06-23 04:12:15,2025-06-23,Paid Ads,Mobile,North,35-44,100K+,Credit Card,0,9,915,Product Page Viewed,1,0,0,0,0,Product Page Viewed,Unclear product value,36695,6,26
3420,S003421,U001635,2025-03-18 23:00:55,2025-03-18,Email,Desktop,West,25-34,100K+,Personal Loan,1,2,303,Lead Form Submitted,1,1,1,1,1,,,0,3,12
3421,S003422,U000778,2025-02-16 04:03:40,2025-02-16,Email,Desktop,North,25-34,25K-50K,Credit Card,0,8,69,Website Visit,0,0,0,0,0,Website Visit,Slow page load,18146,2,7
3422,S003423,U002626,2025-02-01 13:40:32,2025-02-01,Paid Ads,Mobile,South,35-44,Below 25K,Credit Card,0,9,352,Product Page Viewed,1,0,0,0,0,Product Page Viewed,Unclear product value,40079,2,5
3423,S003424,U000015,2025-01-15 21:31:29,2025-01-15,Referral,Mobile,South,35-44,50K-100K,Personal Loan,0,5,465,Product Page Viewed,1,0,0,0,0,Product Page Viewed,Technical issue,151452,1,3
3424,S003425,U003016,2025-01-30 20:12:52,2025-01-30,Organic Search,Desktop,North,35-44,25K-50K,Insurance Plan,0,5,334,Product Page Viewed,1,0,0,0,0,Product Page Viewed,Comparing alternatives,8573,1,5
3425,S003426,U000863,2025-04-23 13:53:49,2025-04-23,Referral,Tablet,West,45-54,Below 25K,Personal Loan,1,2,242,Product Page Viewed,1,0,0,0,0,Product Page Viewed,Unclear product value,79867,4,17
3426,S003427,U003263,2025-05-01 06:33:21,2025-05-01,Organic Search,Tablet,North,55+,Below 25K,Personal Loan,1,12,555,Product Page Viewed,1,0,0,0,0,Product Page Viewed,Comparing alternatives,151159,5,18
3427,S003428,U001214,2025-02-14 09:43:11,2025-02-14,Organic Search,Desktop,Central,25-34,50K-100K,Personal Loan,1,1,936,CTA Clicked,1,1,1,0,0,CTA Clicked,Privacy concern,99325,2,7
3428,S003429,U002756,2025-01-01 14:05:23,2025-01-01,Paid Ads,Mobile,East,25-34,50K-100K,Credit Card,0,9,57,Product Page Viewed,1,0,0,0,0,Product Page Viewed,High interest-rate concern,25963,1,1
3429,S003430,U001866,2025-04-14 20:09:28,2025-04-14,Paid Ads,Mobile,Central,35-44,25K-50K,Personal Loan,0,6,594,Lead Form Started,1,1,1,1,0,Lead Form Started,Document requirement concern,147035,4,16
3430,S003431,U002093,2025-02-10 01:30:14,2025-02-10,Organic Search,Desktop,South,35-44,50K-100K,Savings Account,0,11,818,Lead Form Submitted,1,1,1,1,1,,,0,2,7
3431,S003432,U003384,2025-02-20 11:29:31,2025-02-20,Email,Desktop,West,25-34,100K+,Savings Account,0,11,1018,Lead Form Submitted,1,1,1,1,1,,,0,2,8
3432,S003433,U002271,2025-01-30 01:26:49,2025-01-30,Organic Search,Desktop,Central,25-34,50K-100K,Savings Account,1,8,737,CTA Clicked,1,1,1,0,0,CTA Clicked,Technical issue,8773,1,5
3433,S003434,U003027,2025-03-10 09:37:03,2025-03-10,Social Media,Tablet,West,55+,25K-50K,Personal Loan,0,6,770,Product Page Viewed,1,0,0,0,0,Product Page Viewed,High interest-rate concern,74777,3,11
3434,S003435,U002253,2025-04-10 18:23:34,2025-04-10,Paid Ads,Mobile,West,45-54,25K-50K,Insurance Plan,0,2,706,Product Page Viewed,1,0,0,0,0,Product Page Viewed,Comparing alternatives,8714,4,15
3435,S003436,U000966,2025-03-02 05:07:56,2025-03-02,Referral,Mobile,West,25-34,25K-50K,Savings Account,0,4,775,Website Visit,0,0,0,0,0,Website Visit,Not ready to explore,13811,3,9
3436,S003437,U000207,2025-06-14 07:40:31,2025-06-14,Direct,Desktop,South,45-54,50K-100K,Insurance Plan,0,11,302,Calculator Used,1,1,0,0,0,Calculator Used,Comparing alternatives,8476,6,24
3437,S003438,U003163,2025-02-18 02:44:21,2025-02-18,Email,Mobile,South,35-44,Below 25K,Credit Card,1,11,758,Product Page Viewed,1,0,0,0,0,Product Page Viewed,Unclear product value,21499,2,8
3438,S003439,U002914,2025-01-18 11:25:18,2025-01-18,Organic Search,Desktop,South,45-54,25K-50K,Personal Loan,1,8,1090,Lead Form Submitted,1,1,1,1,1,,,0,1,3
3439,S003440,U002099,2025-06-22 21:03:38,2025-06-22,Referral,Desktop,West,55+,50K-100K,Credit Card,0,9,549,Calculator Used,1,1,0,0,0,Calculator Used,Calculator result not attractive,25272,6,25
3440,S003441,U002261,2025-01-24 20:37:29,2025-01-24,Paid Ads,Mobile,Central,25-34,50K-100K,Credit Card,1,9,1158,Product Page Viewed,1,0,0,0,0,Product Page Viewed,Unclear product value,17851,1,4
3441,S003442,U000964,2025-01-19 23:07:03,2025-01-19,Direct,Desktop,North,25-34,100K+,Credit Card,1,3,73,CTA Clicked,1,1,1,0,0,CTA Clicked,Not ready to apply,36317,1,3
3442,S003443,U001174,2025-06-10 05:03:56,2025-06-10,Paid Ads,Mobile,Central,25-34,25K-50K,Personal Loan,0,3,181,Product Page Viewed,1,0,0,0,0,Product Page Viewed,Comparing alternatives,159561,6,24
3443,S003444,U001540,2025-01-15 07:42:57,2025-01-15,Direct,Desktop,Central,35-44,50K-100K,Credit Card,0,6,62,Lead Form Submitted,1,1,1,1,1,,,0,1,3
3444,S003445,U002216,2025-06-26 22:44:12,2025-06-26,Organic Search,Mobile,South,25-34,100K+,Personal Loan,0,4,883,Lead Form Submitted,1,1,1,1,1,,,0,6,26
3445,S003446,U001171,2025-02-09 07:29:28,2025-02-09,Referral,Mobile,East,45-54,50K-100K,Personal Loan,0,5,911,Product Page Viewed,1,0,0,0,0,Product Page Viewed,Comparing alternatives,157472,2,6
3446,S003447,U001250,2025-04-10 03:37:40,2025-04-10,Organic Search,Mobile,Central,45-54,25K-50K,Personal Loan,0,1,813,Product Page Viewed,1,0,0,0,0,Product Page Viewed,High interest-rate concern,82789,4,15
3447,S003448,U001101,2025-01-09 07:07:13,2025-01-09,Direct,Desktop,Central,45-54,25K-50K,Credit Card,0,1,504,Lead Form Submitted,1,1,1,1,1,,,0,1,2
3448,S003449,U000102,2025-04-02 07:01:01,2025-04-02,Paid Ads,Tablet,West,25-34,100K+,Personal Loan,0,6,756,Lead Form Submitted,1,1,1,1,1,,,0,4,14
3449,S003450,U000051,2025-02-15 21:57:26,2025-02-15,Email,Mobile,South,25-34,100K+,Credit Card,1,8,86,Product Page Viewed,1,0,0,0,0,Product Page Viewed,Unclear product value,18039,2,7
3450,S003451,U000482,2025-02-04 11:56:21,2025-02-04,Organic Search,Mobile,West,35-44,25K-50K,Personal Loan,0,4,560,Product Page Viewed,1,0,0,0,0,Product Page Viewed,High interest-rate concern,87855,2,6
3451,S003452,U003049,2025-04-05 17:16:09,2025-04-05,Paid Ads,Desktop,East,25-34,50K-100K,Credit Card,0,12,194,Calculator Used,1,1,0,0,0,Calculator Used,Calculator result not attractive,32239,4,14
3452,S003453,U001420,2025-06-20 14:51:34,2025-06-20,Email,Mobile,South,35-44,50K-100K,Credit Card,0,11,799,Lead Form Started,1,1,1,1,0,Lead Form Started,Too many required fields,24941,6,25
3453,S003454,U000775,2025-01-22 10:39:18,2025-01-22,Social Media,Mobile,South,35-44,50K-100K,Credit Card,0,6,953,Calculator Used,1,1,0,0,0,Calculator Used,Technical issue,34102,1,4
3454,S003455,U001458,2025-04-13 23:15:02,2025-04-13,Referral,Desktop,West,25-34,25K-50K,Savings Account,0,8,997,Lead Form Submitted,1,1,1,1,1,,,0,4,15
3455,S003456,U001821,2025-04-11 20:55:45,2025-04-11,Referral,Mobile,West,25-34,25K-50K,Credit Card,0,2,197,Product Page Viewed,1,0,0,0,0,Product Page Viewed,Technical issue,25853,4,15
3456,S003457,U002560,2025-04-12 14:50:02,2025-04-12,Paid Ads,Desktop,West,35-44,25K-50K,Personal Loan,1,1,525,Product Page Viewed,1,0,0,0,0,Product Page Viewed,High interest-rate concern,109476,4,15
3457,S003458,U003091,2025-05-06 16:22:18,2025-05-06,Email,Desktop,North,25-34,50K-100K,Savings Account,0,1,827,Lead Form Submitted,1,1,1,1,1,,,0,5,19
3458,S003459,U002600,2025-03-22 13:38:36,2025-03-22,Referral,Mobile,West,18-24,50K-100K,Credit Card,0,2,318,Product Page Viewed,1,0,0,0,0,Product Page Viewed,Comparing alternatives,33296,3,12
3459,S003460,U003277,2025-06-23 22:39:13,2025-06-23,Email,Mobile,North,25-34,50K-100K,Personal Loan,0,8,949,Lead Form Submitted,1,1,1,1,1,,,0,6,26
3460,S003461,U002993,2025-04-26 17:01:09,2025-04-26,Direct,Mobile,Central,35-44,50K-100K,Personal Loan,1,9,990,CTA Clicked,1,1,1,0,0,CTA Clicked,Privacy concern,145654,4,17
3461,S003462,U002635,2025-03-15 19:26:33,2025-03-15,Direct,Mobile,East,45-54,50K-100K,Savings Account,0,8,475,Product Page Viewed,1,0,0,0,0,Product Page Viewed,High interest-rate concern,16498,3,11
3462,S003463,U000017,2025-05-23 06:03:06,2025-05-23,Organic Search,Mobile,Central,45-54,25K-50K,Personal Loan,0,11,314,CTA Clicked,1,1,1,0,0,CTA Clicked,Not ready to apply,74915,5,21
3463,S003464,U002289,2025-06-12 14:25:42,2025-06-12,Referral,Desktop,West,35-44,50K-100K,Credit Card,0,5,70,Lead Form Submitted,1,1,1,1,1,,,0,6,24
3464,S003465,U003281,2025-01-15 19:34:25,2025-01-15,Email,Mobile,Central,45-54,50K-100K,Savings Account,0,3,737,Lead Form Submitted,1,1,1,1,1,,,0,1,3
3465,S003466,U003014,2025-05-13 20:58:37,2025-05-13,Organic Search,Desktop,Central,18-24,100K+,Savings Account,0,7,695,Product Page Viewed,1,0,0,0,0,Product Page Viewed,Unclear product value,22175,5,20
3466,S003467,U000080,2025-06-07 09:52:52,2025-06-07,Email,Mobile,East,25-34,Below 25K,Personal Loan,0,11,617,Calculator Used,1,1,0,0,0,Calculator Used,Comparing alternatives,110698,6,23
3467,S003468,U003052,2025-05-23 21:09:50,2025-05-23,Direct,Desktop,East,35-44,Below 25K,Savings Account,0,1,326,Lead Form Started,1,1,1,1,0,Lead Form Started,Technical issue,19911,5,21
3468,S003469,U000546,2025-04-20 10:34:29,2025-04-20,Organic Search,Mobile,East,45-54,25K-50K,Savings Account,0,5,562,Calculator Used,1,1,0,0,0,Calculator Used,Technical issue,20834,4,16
3469,S003470,U000364,2025-02-17 08:25:12,2025-02-17,Paid Ads,Mobile,West,25-34,25K-50K,Credit Card,0,7,715,Product Page Viewed,1,0,0,0,0,Product Page Viewed,Comparing alternatives,34812,2,8
3470,S003471,U000174,2025-06-05 04:58:23,2025-06-05,Organic Search,Desktop,South,25-34,50K-100K,Credit Card,1,11,561,Product Page Viewed,1,0,0,0,0,Product Page Viewed,Technical issue,36313,6,23
3471,S003472,U000877,2025-06-28 02:40:30,2025-06-28,Direct,Desktop,South,25-34,100K+,Personal Loan,0,6,913,Product Page Viewed,1,0,0,0,0,Product Page Viewed,High interest-rate concern,91752,6,26
3472,S003473,U000944,2025-06-08 12:37:32,2025-06-08,Paid Ads,Desktop,South,25-34,25K-50K,Savings Account,1,3,39,Lead Form Started,1,1,1,1,0,Lead Form Started,Technical issue,15815,6,23
3473,S003474,U003210,2025-06-25 10:27:27,2025-06-25,Paid Ads,Mobile,North,25-34,25K-50K,Savings Account,1,6,463,CTA Clicked,1,1,1,0,0,CTA Clicked,Not ready to apply,10613,6,26
3474,S003475,U001024,2025-02-16 09:40:31,2025-02-16,Referral,Mobile,East,25-34,50K-100K,Personal Loan,1,7,904,Lead Form Submitted,1,1,1,1,1,,,0,2,7
3475,S003476,U003379,2025-03-22 06:23:00,2025-03-22,Direct,Desktop,East,18-24,100K+,Savings Account,0,5,1171,CTA Clicked,1,1,1,0,0,CTA Clicked,Privacy concern,14414,3,12
3476,S003477,U000216,2025-02-23 14:33:05,2025-02-23,Social Media,Mobile,South,35-44,50K-100K,Credit Card,0,3,1113,Lead Form Started,1,1,1,1,0,Lead Form Started,Technical issue,35646,2,8
3477,S003478,U001144,2025-04-30 01:09:13,2025-04-30,Paid Ads,Mobile,Central,25-34,50K-100K,Credit Card,0,12,217,Product Page Viewed,1,0,0,0,0,Product Page Viewed,High interest-rate concern,36077,4,18
3478,S003479,U002545,2025-04-27 12:46:26,2025-04-27,Paid Ads,Desktop,North,18-24,50K-100K,Insurance Plan,1,1,57,Lead Form Submitted,1,1,1,1,1,,,0,4,17
3479,S003480,U002052,2025-06-02 06:58:23,2025-06-02,Organic Search,Mobile,West,18-24,Below 25K,Credit Card,1,4,582,Product Page Viewed,1,0,0,0,0,Product Page Viewed,Comparing alternatives,34197,6,23
3480,S003481,U002813,2025-02-19 22:32:03,2025-02-19,Social Media,Desktop,North,25-34,25K-50K,Insurance Plan,0,7,626,Product Page Viewed,1,0,0,0,0,Product Page Viewed,Unclear product value,6825,2,8
3481,S003482,U002454,2025-02-08 22:50:12,2025-02-08,Paid Ads,Mobile,West,35-44,25K-50K,Personal Loan,0,9,351,Website Visit,0,0,0,0,0,Website Visit,Slow page load,142329,2,6
3482,S003483,U002861,2025-05-27 20:10:15,2025-05-27,Paid Ads,Mobile,West,25-34,Below 25K,Savings Account,0,6,485,Product Page Viewed,1,0,0,0,0,Product Page Viewed,High interest-rate concern,16949,5,22
3483,S003484,U000572,2025-06-08 10:29:12,2025-06-08,Paid Ads,Mobile,South,45-54,50K-100K,Credit Card,0,4,969,Product Page Viewed,1,0,0,0,0,Product Page Viewed,Technical issue,24581,6,23
3484,S003485,U000970,2025-04-14 10:36:10,2025-04-14,Referral,Mobile,East,18-24,50K-100K,Personal Loan,0,2,1088,Calculator Used,1,1,0,0,0,Calculator Used,Technical issue,145755,4,16
3485,S003486,U000399,2025-03-09 09:43:00,2025-03-09,Referral,Mobile,West,18-24,50K-100K,Credit Card,0,10,243,Lead Form Submitted,1,1,1,1,1,,,0,3,10
3486,S003487,U000786,2025-05-06 03:47:28,2025-05-06,Organic Search,Tablet,Central,18-24,50K-100K,Personal Loan,0,9,360,Product Page Viewed,1,0,0,0,0,Product Page Viewed,Technical issue,123067,5,19
3487,S003488,U001433,2025-01-31 05:17:41,2025-01-31,Email,Mobile,South,35-44,25K-50K,Personal Loan,0,5,894,CTA Clicked,1,1,1,0,0,CTA Clicked,Privacy concern,156812,1,5
3488,S003489,U003063,2025-01-08 18:00:07,2025-01-08,Paid Ads,Desktop,North,25-34,50K-100K,Personal Loan,1,6,214,Lead Form Submitted,1,1,1,1,1,,,0,1,2
3489,S003490,U002057,2025-03-15 09:07:44,2025-03-15,Email,Desktop,West,45-54,50K-100K,Savings Account,1,3,1171,Calculator Used,1,1,0,0,0,Calculator Used,Required information unavailable,21834,3,11
3490,S003491,U000636,2025-03-24 15:23:01,2025-03-24,Email,Desktop,Central,45-54,50K-100K,Personal Loan,0,3,687,Product Page Viewed,1,0,0,0,0,Product Page Viewed,Technical issue,88367,3,13
3491,S003492,U002700,2025-01-04 08:00:23,2025-01-04,Paid Ads,Mobile,North,18-24,50K-100K,Personal Loan,1,4,337,CTA Clicked,1,1,1,0,0,CTA Clicked,Form looked too long,154925,1,1
3492,S003493,U001335,2025-06-05 13:06:20,2025-06-05,Organic Search,Mobile,West,35-44,Below 25K,Credit Card,0,10,667,CTA Clicked,1,1,1,0,0,CTA Clicked,Not ready to apply,19368,6,23
3493,S003494,U000496,2025-06-19 10:50:04,2025-06-19,Direct,Mobile,South,35-44,25K-50K,Credit Card,0,10,440,Website Visit,0,0,0,0,0,Website Visit,Not ready to explore,35972,6,25
3494,S003495,U000277,2025-05-07 16:45:19,2025-05-07,Email,Desktop,North,25-34,25K-50K,Credit Card,0,10,686,Lead Form Submitted,1,1,1,1,1,,,0,5,19
3495,S003496,U003288,2025-06-14 06:25:55,2025-06-14,Direct,Desktop,East,35-44,50K-100K,Savings Account,1,4,102,Lead Form Submitted,1,1,1,1,1,,,0,6,24
3496,S003497,U001023,2025-04-01 03:21:38,2025-04-01,Social Media,Mobile,North,25-34,50K-100K,Credit Card,1,2,625,Product Page Viewed,1,0,0,0,0,Product Page Viewed,Technical issue,24693,4,14
3497,S003498,U001360,2025-04-16 22:19:41,2025-04-16,Referral,Mobile,East,35-44,25K-50K,Savings Account,0,9,404,Product Page Viewed,1,0,0,0,0,Product Page Viewed,Technical issue,15426,4,16
3498,S003499,U000350,2025-03-13 19:44:04,2025-03-13,Organic Search,Tablet,Central,18-24,Below 25K,Insurance Plan,0,3,211,Website Visit,0,0,0,0,0,Website Visit,Landing page mismatch,10684,3,11
3499,S003500,U000369,2025-05-10 01:41:11,2025-05-10,Email,Desktop,North,35-44,25K-50K,Credit Card,0,3,170,Product Page Viewed,1,0,0,0,0,Product Page Viewed,High interest-rate concern,39563,5,19
3500,S003501,U000910,2025-05-05 14:20:01,2025-05-05,Direct,Mobile,West,25-34,25K-50K,Personal Loan,0,7,109,Lead Form Submitted,1,1,1,1,1,,,0,5,19
3501,S003502,U001223,2025-05-15 22:00:37,2025-05-15,Direct,Mobile,West,45-54,100K+,Insurance Plan,0,4,138,Lead Form Started,1,1,1,1,0,Lead Form Started,Technical issue,9747,5,20
3502,S003503,U003246,2025-04-23 14:13:32,2025-04-23,Organic Search,Mobile,South,35-44,50K-100K,Insurance Plan,1,1,226,Lead Form Submitted,1,1,1,1,1,,,0,4,17
3503,S003504,U002053,2025-01-05 09:44:36,2025-01-05,Direct,Mobile,West,25-34,50K-100K,Personal Loan,0,3,963,Lead Form Submitted,1,1,1,1,1,,,0,1,1
3504,S003505,U001252,2025-05-07 23:06:41,2025-05-07,Direct,Tablet,West,25-34,50K-100K,Savings Account,0,11,730,Calculator Used,1,1,0,0,0,Calculator Used,Required information unavailable,10213,5,19
3505,S003506,U002863,2025-05-30 07:38:39,2025-05-30,Email,Mobile,North,25-34,100K+,Personal Loan,1,4,1013,Product Page Viewed,1,0,0,0,0,Product Page Viewed,Comparing alternatives,114681,5,22
3506,S003507,U003052,2025-01-26 17:49:51,2025-01-26,Email,Mobile,West,25-34,Below 25K,Insurance Plan,0,8,1038,Calculator Used,1,1,0,0,0,Calculator Used,Calculator result not attractive,7625,1,4
3507,S003508,U000926,2025-05-07 10:25:45,2025-05-07,Paid Ads,Mobile,East,55+,50K-100K,Personal Loan,1,3,743,Lead Form Submitted,1,1,1,1,1,,,0,5,19
3508,S003509,U002871,2025-02-17 06:51:01,2025-02-17,Paid Ads,Mobile,West,18-24,25K-50K,Credit Card,0,10,63,Product Page Viewed,1,0,0,0,0,Product Page Viewed,Technical issue,26754,2,8
3509,S003510,U003502,2025-05-28 12:24:09,2025-05-28,Direct,Mobile,Central,25-34,25K-50K,Credit Card,0,3,281,Product Page Viewed,1,0,0,0,0,Product Page Viewed,Technical issue,39553,5,22
3510,S003511,U002993,2025-06-02 04:55:03,2025-06-02,Paid Ads,Mobile,West,35-44,100K+,Credit Card,1,7,1130,Calculator Used,1,1,0,0,0,Calculator Used,Calculator result not attractive,22641,6,23
3511,S003512,U001007,2025-04-26 07:52:24,2025-04-26,Organic Search,Desktop,East,45-54,50K-100K,Personal Loan,0,3,1099,Product Page Viewed,1,0,0,0,0,Product Page Viewed,High interest-rate concern,67337,4,17
3512,S003513,U000496,2025-03-11 15:30:19,2025-03-11,Social Media,Mobile,North,45-54,50K-100K,Savings Account,0,1,691,Website Visit,0,0,0,0,0,Website Visit,Not ready to explore,21544,3,11
3513,S003514,U001438,2025-02-20 20:05:15,2025-02-20,Organic Search,Desktop,North,35-44,25K-50K,Savings Account,0,8,440,Lead Form Submitted,1,1,1,1,1,,,0,2,8
3514,S003515,U001005,2025-06-19 10:58:48,2025-06-19,Referral,Tablet,West,18-24,25K-50K,Savings Account,0,4,971,Product Page Viewed,1,0,0,0,0,Product Page Viewed,Comparing alternatives,19560,6,25
3515,S003516,U000527,2025-06-14 18:36:04,2025-06-14,Email,Desktop,South,35-44,50K-100K,Personal Loan,0,7,419,Product Page Viewed,1,0,0,0,0,Product Page Viewed,Unclear product value,89209,6,24
3516,S003517,U003026,2025-03-16 06:27:03,2025-03-16,Email,Mobile,Central,55+,25K-50K,Savings Account,0,12,1089,Product Page Viewed,1,0,0,0,0,Product Page Viewed,High interest-rate concern,10224,3,11
3517,S003518,U003469,2025-05-22 19:50:48,2025-05-22,Direct,Desktop,Central,35-44,Below 25K,Credit Card,0,5,211,Lead Form Submitted,1,1,1,1,1,,,0,5,21
3518,S003519,U000814,2025-02-09 21:27:38,2025-02-09,Paid Ads,Mobile,North,45-54,50K-100K,Credit Card,1,8,649,Product Page Viewed,1,0,0,0,0,Product Page Viewed,Technical issue,39623,2,6
3519,S003520,U001392,2025-02-07 14:46:01,2025-02-07,Organic Search,Desktop,East,45-54,25K-50K,Insurance Plan,1,7,677,Product Page Viewed,1,0,0,0,0,Product Page Viewed,Technical issue,9039,2,6
3520,S003521,U003235,2025-03-07 17:01:25,2025-03-07,Social Media,Mobile,West,18-24,50K-100K,Credit Card,0,12,1190,Calculator Used,1,1,0,0,0,Calculator Used,Required information unavailable,24547,3,10
3521,S003522,U001433,2025-06-08 15:40:20,2025-06-08,Email,Tablet,Central,25-34,25K-50K,Personal Loan,0,4,130,Product Page Viewed,1,0,0,0,0,Product Page Viewed,Unclear product value,102437,6,23
3522,S003523,U003359,2025-04-02 03:18:42,2025-04-02,Email,Desktop,West,25-34,25K-50K,Credit Card,0,1,610,Product Page Viewed,1,0,0,0,0,Product Page Viewed,High interest-rate concern,40421,4,14
3523,S003524,U000405,2025-05-10 19:30:10,2025-05-10,Direct,Desktop,North,35-44,25K-50K,Personal Loan,0,4,119,Calculator Used,1,1,0,0,0,Calculator Used,Calculator result not attractive,79910,5,19
3524,S003525,U001192,2025-06-02 18:43:06,2025-06-02,Organic Search,Desktop,South,25-34,Below 25K,Insurance Plan,0,8,343,Product Page Viewed,1,0,0,0,0,Product Page Viewed,Technical issue,6805,6,23
3525,S003526,U000353,2025-05-15 23:48:38,2025-05-15,Email,Desktop,West,25-34,25K-50K,Credit Card,1,7,212,Product Page Viewed,1,0,0,0,0,Product Page Viewed,High interest-rate concern,30242,5,20
3526,S003527,U000252,2025-02-12 19:22:41,2025-02-12,Referral,Mobile,West,35-44,50K-100K,Insurance Plan,1,11,685,Lead Form Started,1,1,1,1,0,Lead Form Started,Document requirement concern,9587,2,7
3527,S003528,U003471,2025-04-28 12:54:47,2025-04-28,Paid Ads,Mobile,North,25-34,25K-50K,Personal Loan,0,10,934,Lead Form Submitted,1,1,1,1,1,,,0,4,18
3528,S003529,U000627,2025-05-12 17:07:47,2025-05-12,Social Media,Mobile,North,35-44,25K-50K,Personal Loan,0,3,151,Calculator Used,1,1,0,0,0,Calculator Used,Technical issue,144684,5,20
3529,S003530,U001790,2025-03-30 06:25:26,2025-03-30,Organic Search,Mobile,Central,35-44,50K-100K,Insurance Plan,1,3,897,Calculator Used,1,1,0,0,0,Calculator Used,Required information unavailable,6172,3,13
3530,S003531,U000150,2025-02-02 09:47:38,2025-02-02,Referral,Mobile,Central,35-44,Below 25K,Personal Loan,1,2,246,Product Page Viewed,1,0,0,0,0,Product Page Viewed,High interest-rate concern,89203,2,5
3531,S003532,U000326,2025-02-22 16:42:26,2025-02-22,Direct,Mobile,West,18-24,100K+,Personal Loan,0,6,282,Lead Form Started,1,1,1,1,0,Lead Form Started,Technical issue,105813,2,8
3532,S003533,U003027,2025-01-20 15:02:30,2025-01-20,Organic Search,Desktop,South,35-44,100K+,Insurance Plan,1,8,142,Lead Form Submitted,1,1,1,1,1,,,0,1,4
3533,S003534,U001788,2025-02-22 03:54:09,2025-02-22,Organic Search,Mobile,Central,25-34,25K-50K,Insurance Plan,0,4,412,Product Page Viewed,1,0,0,0,0,Product Page Viewed,Comparing alternatives,8579,2,8
3534,S003535,U003096,2025-04-09 09:14:58,2025-04-09,Paid Ads,Mobile,South,35-44,25K-50K,Credit Card,0,11,139,Product Page Viewed,1,0,0,0,0,Product Page Viewed,Comparing alternatives,19659,4,15
3535,S003536,U000332,2025-05-04 10:52:10,2025-05-04,Direct,Mobile,Central,35-44,50K-100K,Credit Card,0,10,563,CTA Clicked,1,1,1,0,0,CTA Clicked,Not ready to apply,20903,5,18
3536,S003537,U000547,2025-01-29 07:22:53,2025-01-29,Direct,Desktop,North,35-44,25K-50K,Credit Card,0,7,720,Product Page Viewed,1,0,0,0,0,Product Page Viewed,Technical issue,21621,1,5
3537,S003538,U000039,2025-01-17 05:34:43,2025-01-17,Email,Desktop,North,25-34,25K-50K,Personal Loan,0,6,404,Calculator Used,1,1,0,0,0,Calculator Used,Calculator result not attractive,96071,1,3
3538,S003539,U001186,2025-06-05 18:26:25,2025-06-05,Direct,Desktop,West,35-44,50K-100K,Savings Account,0,9,59,Product Page Viewed,1,0,0,0,0,Product Page Viewed,Technical issue,10385,6,23
3539,S003540,U001292,2025-01-20 23:14:03,2025-01-20,Paid Ads,Desktop,North,25-34,50K-100K,Personal Loan,0,6,256,Product Page Viewed,1,0,0,0,0,Product Page Viewed,Comparing alternatives,98875,1,4
3540,S003541,U000124,2025-04-30 02:24:55,2025-04-30,Organic Search,Desktop,Central,18-24,50K-100K,Personal Loan,0,10,628,Lead Form Started,1,1,1,1,0,Lead Form Started,Document requirement concern,71925,4,18
3541,S003542,U000039,2025-01-10 19:01:57,2025-01-10,Email,Mobile,East,35-44,25K-50K,Credit Card,0,2,1008,Calculator Used,1,1,0,0,0,Calculator Used,Technical issue,21134,1,2
3542,S003543,U002250,2025-01-21 14:25:06,2025-01-21,Referral,Tablet,North,18-24,25K-50K,Credit Card,1,5,209,Product Page Viewed,1,0,0,0,0,Product Page Viewed,Technical issue,32914,1,4
3543,S003544,U003427,2025-06-12 23:20:43,2025-06-12,Email,Mobile,West,25-34,25K-50K,Insurance Plan,0,8,839,Lead Form Submitted,1,1,1,1,1,,,0,6,24
3544,S003545,U000377,2025-06-23 17:21:18,2025-06-23,Paid Ads,Desktop,Central,25-34,25K-50K,Credit Card,0,6,441,Calculator Used,1,1,0,0,0,Calculator Used,Technical issue,20950,6,26
3545,S003546,U001556,2025-04-02 17:44:06,2025-04-02,Social Media,Mobile,Central,55+,Below 25K,Personal Loan,0,8,937,Product Page Viewed,1,0,0,0,0,Product Page Viewed,Technical issue,66221,4,14
3546,S003547,U000476,2025-05-03 01:25:59,2025-05-03,Direct,Mobile,Central,35-44,50K-100K,Personal Loan,0,2,725,Product Page Viewed,1,0,0,0,0,Product Page Viewed,Technical issue,80030,5,18
3547,S003548,U000940,2025-03-25 00:14:39,2025-03-25,Referral,Desktop,North,45-54,50K-100K,Credit Card,0,9,95,Lead Form Started,1,1,1,1,0,Lead Form Started,Document requirement concern,27671,3,13
3548,S003549,U000014,2025-02-24 10:48:57,2025-02-24,Organic Search,Desktop,West,35-44,Below 25K,Insurance Plan,1,8,1091,CTA Clicked,1,1,1,0,0,CTA Clicked,Not ready to apply,9100,2,9
3549,S003550,U003466,2025-04-18 20:03:56,2025-04-18,Organic Search,Mobile,Central,25-34,25K-50K,Personal Loan,0,1,1050,Product Page Viewed,1,0,0,0,0,Product Page Viewed,Unclear product value,106297,4,16
3550,S003551,U000605,2025-02-23 09:22:13,2025-02-23,Paid Ads,Desktop,West,25-34,50K-100K,Insurance Plan,0,10,489,Product Page Viewed,1,0,0,0,0,Product Page Viewed,Technical issue,10766,2,8
3551,S003552,U003465,2025-01-15 03:02:01,2025-01-15,Direct,Mobile,North,25-34,Below 25K,Savings Account,0,12,135,Product Page Viewed,1,0,0,0,0,Product Page Viewed,Technical issue,16279,1,3
3552,S003553,U001636,2025-04-12 00:23:29,2025-04-12,Organic Search,Desktop,North,35-44,Below 25K,Savings Account,0,8,1009,Product Page Viewed,1,0,0,0,0,Product Page Viewed,Comparing alternatives,21783,4,15
3553,S003554,U002892,2025-03-15 13:04:17,2025-03-15,Organic Search,Mobile,North,35-44,50K-100K,Credit Card,0,9,188,Calculator Used,1,1,0,0,0,Calculator Used,Calculator result not attractive,39848,3,11
3554,S003555,U000594,2025-04-06 09:56:27,2025-04-06,Direct,Desktop,Central,45-54,50K-100K,Credit Card,0,8,361,Product Page Viewed,1,0,0,0,0,Product Page Viewed,High interest-rate concern,21966,4,14
3555,S003556,U000738,2025-01-14 05:24:57,2025-01-14,Social Media,Mobile,East,35-44,50K-100K,Savings Account,0,11,409,Product Page Viewed,1,0,0,0,0,Product Page Viewed,Comparing alternatives,8795,1,3
3556,S003557,U002085,2025-02-15 19:46:18,2025-02-15,Social Media,Mobile,East,45-54,25K-50K,Credit Card,1,1,1024,Product Page Viewed,1,0,0,0,0,Product Page Viewed,High interest-rate concern,38297,2,7
3557,S003558,U000235,2025-05-03 09:31:42,2025-05-03,Organic Search,Mobile,West,25-34,50K-100K,Insurance Plan,0,10,774,Lead Form Submitted,1,1,1,1,1,,,0,5,18
3558,S003559,U000440,2025-02-19 22:23:27,2025-02-19,Paid Ads,Desktop,South,35-44,25K-50K,Credit Card,0,1,651,Product Page Viewed,1,0,0,0,0,Product Page Viewed,Comparing alternatives,33627,2,8
3559,S003560,U002212,2025-06-29 14:19:44,2025-06-29,Organic Search,Mobile,West,45-54,100K+,Credit Card,0,5,507,Calculator Used,1,1,0,0,0,Calculator Used,Calculator result not attractive,26599,6,26
3560,S003561,U000534,2025-02-07 04:24:32,2025-02-07,Referral,Mobile,East,18-24,50K-100K,Insurance Plan,0,7,963,Product Page Viewed,1,0,0,0,0,Product Page Viewed,High interest-rate concern,10541,2,6
3561,S003562,U002655,2025-05-01 03:19:37,2025-05-01,Paid Ads,Desktop,West,35-44,Below 25K,Credit Card,1,4,1083,Lead Form Started,1,1,1,1,0,Lead Form Started,Too many required fields,34056,5,18
3562,S003563,U002762,2025-02-08 18:39:43,2025-02-08,Referral,Mobile,North,25-34,25K-50K,Insurance Plan,1,8,408,Lead Form Started,1,1,1,1,0,Lead Form Started,Too many required fields,10761,2,6
3563,S003564,U001339,2025-03-07 00:43:26,2025-03-07,Direct,Tablet,North,45-54,Below 25K,Savings Account,0,8,180,Product Page Viewed,1,0,0,0,0,Product Page Viewed,Unclear product value,14610,3,10
3564,S003565,U000391,2025-04-22 10:34:19,2025-04-22,Direct,Mobile,Central,35-44,Below 25K,Personal Loan,0,8,907,Calculator Used,1,1,0,0,0,Calculator Used,Calculator result not attractive,109561,4,17
3565,S003566,U001317,2025-06-16 23:45:29,2025-06-16,Social Media,Mobile,South,18-24,50K-100K,Savings Account,0,1,315,Calculator Used,1,1,0,0,0,Calculator Used,Required information unavailable,13154,6,25
3566,S003567,U001427,2025-02-25 14:19:17,2025-02-25,Organic Search,Mobile,East,35-44,25K-50K,Insurance Plan,1,2,589,Product Page Viewed,1,0,0,0,0,Product Page Viewed,Comparing alternatives,6587,2,9
3567,S003568,U001713,2025-05-10 01:32:40,2025-05-10,Paid Ads,Mobile,South,45-54,50K-100K,Personal Loan,0,3,1139,Product Page Viewed,1,0,0,0,0,Product Page Viewed,Comparing alternatives,90228,5,19
3568,S003569,U003383,2025-05-04 00:35:22,2025-05-04,Organic Search,Desktop,South,35-44,50K-100K,Credit Card,0,7,465,Product Page Viewed,1,0,0,0,0,Product Page Viewed,High interest-rate concern,27273,5,18
3569,S003570,U000586,2025-05-27 18:46:41,2025-05-27,Organic Search,Desktop,South,55+,25K-50K,Personal Loan,1,11,526,Product Page Viewed,1,0,0,0,0,Product Page Viewed,Technical issue,96055,5,22
3570,S003571,U001871,2025-01-04 06:35:04,2025-01-04,Organic Search,Mobile,West,25-34,50K-100K,Insurance Plan,0,10,349,Calculator Used,1,1,0,0,0,Calculator Used,Technical issue,6768,1,1
3571,S003572,U000266,2025-02-12 17:15:52,2025-02-12,Email,Desktop,East,45-54,25K-50K,Savings Account,0,2,367,CTA Clicked,1,1,1,0,0,CTA Clicked,Technical issue,20606,2,7
3572,S003573,U001586,2025-02-02 20:35:56,2025-02-02,Paid Ads,Desktop,East,35-44,25K-50K,Insurance Plan,0,1,1035,Product Page Viewed,1,0,0,0,0,Product Page Viewed,Comparing alternatives,8986,2,5
3573,S003574,U002927,2025-04-14 14:44:24,2025-04-14,Organic Search,Mobile,Central,35-44,25K-50K,Credit Card,1,8,36,Product Page Viewed,1,0,0,0,0,Product Page Viewed,High interest-rate concern,16808,4,16
3574,S003575,U001806,2025-06-08 15:42:26,2025-06-08,Paid Ads,Mobile,North,45-54,Below 25K,Personal Loan,1,8,958,CTA Clicked,1,1,1,0,0,CTA Clicked,Privacy concern,93426,6,23
3575,S003576,U002927,2025-05-30 22:13:29,2025-05-30,Paid Ads,Mobile,South,25-34,100K+,Personal Loan,0,11,191,Lead Form Submitted,1,1,1,1,1,,,0,5,22
3576,S003577,U001645,2025-06-17 11:22:39,2025-06-17,Referral,Desktop,West,25-34,25K-50K,Personal Loan,0,9,295,Product Page Viewed,1,0,0,0,0,Product Page Viewed,Unclear product value,95558,6,25
3577,S003578,U000103,2025-04-03 16:24:26,2025-04-03,Social Media,Mobile,North,35-44,50K-100K,Credit Card,0,4,979,Product Page Viewed,1,0,0,0,0,Product Page Viewed,Comparing alternatives,31397,4,14
3578,S003579,U002070,2025-05-13 02:53:07,2025-05-13,Direct,Mobile,South,55+,25K-50K,Credit Card,0,1,903,CTA Clicked,1,1,1,0,0,CTA Clicked,Privacy concern,32766,5,20
3579,S003580,U001464,2025-03-14 10:49:01,2025-03-14,Paid Ads,Desktop,West,18-24,50K-100K,Credit Card,0,12,421,Calculator Used,1,1,0,0,0,Calculator Used,Required information unavailable,37014,3,11
3580,S003581,U000186,2025-04-04 01:40:31,2025-04-04,Direct,Desktop,North,25-34,50K-100K,Insurance Plan,0,9,68,Product Page Viewed,1,0,0,0,0,Product Page Viewed,Unclear product value,7396,4,14
3581,S003582,U002185,2025-01-23 09:08:14,2025-01-23,Paid Ads,Desktop,West,45-54,Below 25K,Credit Card,0,4,1153,Product Page Viewed,1,0,0,0,0,Product Page Viewed,High interest-rate concern,29074,1,4
3582,S003583,U000550,2025-06-01 19:53:51,2025-06-01,Organic Search,Desktop,East,35-44,100K+,Credit Card,0,9,67,Website Visit,0,0,0,0,0,Website Visit,Landing page mismatch,37452,6,22
3583,S003584,U000834,2025-06-06 02:48:47,2025-06-06,Direct,Mobile,South,55+,50K-100K,Savings Account,0,2,110,Product Page Viewed,1,0,0,0,0,Product Page Viewed,Comparing alternatives,20191,6,23
3584,S003585,U001210,2025-04-12 11:06:17,2025-04-12,Referral,Mobile,West,25-34,Below 25K,Personal Loan,0,7,766,Calculator Used,1,1,0,0,0,Calculator Used,Technical issue,136725,4,15
3585,S003586,U003420,2025-05-17 04:38:42,2025-05-17,Direct,Mobile,South,18-24,100K+,Personal Loan,1,9,541,Lead Form Started,1,1,1,1,0,Lead Form Started,Too many required fields,161646,5,20
3586,S003587,U001434,2025-05-08 06:54:59,2025-05-08,Organic Search,Mobile,North,35-44,25K-50K,Personal Loan,0,10,1174,Lead Form Submitted,1,1,1,1,1,,,0,5,19
3587,S003588,U002597,2025-06-10 12:57:30,2025-06-10,Paid Ads,Tablet,Central,25-34,Below 25K,Personal Loan,0,12,376,Product Page Viewed,1,0,0,0,0,Product Page Viewed,Comparing alternatives,84783,6,24
3588,S003589,U002751,2025-03-01 18:29:30,2025-03-01,Direct,Desktop,North,25-34,100K+,Credit Card,0,7,258,Product Page Viewed,1,0,0,0,0,Product Page Viewed,Comparing alternatives,33122,3,9
3589,S003590,U001889,2025-01-24 04:18:12,2025-01-24,Paid Ads,Mobile,East,35-44,50K-100K,Personal Loan,0,2,1074,Lead Form Started,1,1,1,1,0,Lead Form Started,Document requirement concern,110218,1,4
3590,S003591,U001958,2025-01-01 07:37:19,2025-01-01,Direct,Mobile,West,35-44,50K-100K,Personal Loan,0,10,370,Product Page Viewed,1,0,0,0,0,Product Page Viewed,Technical issue,100108,1,1
3591,S003592,U002241,2025-05-04 06:26:35,2025-05-04,Organic Search,Mobile,North,35-44,Below 25K,Insurance Plan,0,8,1097,Product Page Viewed,1,0,0,0,0,Product Page Viewed,High interest-rate concern,8889,5,18
3592,S003593,U002729,2025-02-12 10:04:23,2025-02-12,Social Media,Mobile,South,25-34,50K-100K,Credit Card,0,6,424,Product Page Viewed,1,0,0,0,0,Product Page Viewed,High interest-rate concern,39014,2,7
3593,S003594,U000939,2025-01-01 17:28:46,2025-01-01,Referral,Mobile,Central,25-34,50K-100K,Savings Account,0,12,325,Product Page Viewed,1,0,0,0,0,Product Page Viewed,High interest-rate concern,10847,1,1
3594,S003595,U000598,2025-06-19 12:54:57,2025-06-19,Paid Ads,Mobile,East,55+,25K-50K,Credit Card,1,5,553,Product Page Viewed,1,0,0,0,0,Product Page Viewed,Technical issue,16611,6,25
3595,S003596,U000615,2025-04-19 09:38:25,2025-04-19,Email,Mobile,North,35-44,Below 25K,Personal Loan,0,5,305,Product Page Viewed,1,0,0,0,0,Product Page Viewed,High interest-rate concern,65223,4,16
3596,S003597,U001603,2025-06-05 01:34:13,2025-06-05,Social Media,Mobile,Central,25-34,Below 25K,Insurance Plan,0,8,285,Calculator Used,1,1,0,0,0,Calculator Used,Required information unavailable,5907,6,23
3597,S003598,U000116,2025-02-20 20:42:05,2025-02-20,Email,Mobile,South,35-44,50K-100K,Credit Card,1,2,310,Product Page Viewed,1,0,0,0,0,Product Page Viewed,Technical issue,29352,2,8
3598,S003599,U002401,2025-06-17 17:42:16,2025-06-17,Direct,Desktop,North,25-34,100K+,Savings Account,0,12,16,Product Page Viewed,1,0,0,0,0,Product Page Viewed,High interest-rate concern,21109,6,25
3599,S003600,U003155,2025-03-20 12:27:07,2025-03-20,Referral,Mobile,South,25-34,25K-50K,Savings Account,0,2,501,Lead Form Submitted,1,1,1,1,1,,,0,3,12
3600,S003601,U002257,2025-06-06 15:23:23,2025-06-06,Referral,Mobile,North,35-44,25K-50K,Credit Card,0,6,334,Calculator Used,1,1,0,0,0,Calculator Used,Comparing alternatives,32964,6,23
3601,S003602,U002029,2025-01-06 05:56:14,2025-01-06,Direct,Mobile,West,45-54,25K-50K,Personal Loan,0,8,664,Product Page Viewed,1,0,0,0,0,Product Page Viewed,Technical issue,148779,1,2
3602,S003603,U002920,2025-01-23 23:51:41,2025-01-23,Organic Search,Desktop,North,35-44,50K-100K,Credit Card,1,1,1062,Product Page Viewed,1,0,0,0,0,Product Page Viewed,Unclear product value,17880,1,4
3603,S003604,U003145,2025-03-20 21:41:55,2025-03-20,Email,Mobile,South,25-34,25K-50K,Personal Loan,0,1,790,Product Page Viewed,1,0,0,0,0,Product Page Viewed,Technical issue,136509,3,12
3604,S003605,U003573,2025-05-04 20:09:29,2025-05-04,Direct,Mobile,South,25-34,25K-50K,Savings Account,0,3,1072,Product Page Viewed,1,0,0,0,0,Product Page Viewed,Comparing alternatives,20974,5,18
3605,S003606,U000257,2025-03-02 14:27:28,2025-03-02,Email,Desktop,East,55+,25K-50K,Credit Card,1,8,554,Product Page Viewed,1,0,0,0,0,Product Page Viewed,High interest-rate concern,32572,3,9
3606,S003607,U000983,2025-04-27 18:23:56,2025-04-27,Email,Mobile,West,25-34,50K-100K,Credit Card,1,3,438,Calculator Used,1,1,0,0,0,Calculator Used,Required information unavailable,17041,4,17
3607,S003608,U002786,2025-01-29 06:06:06,2025-01-29,Direct,Desktop,Central,35-44,Below 25K,Savings Account,0,7,412,Website Visit,0,0,0,0,0,Website Visit,Immediate bounce,9853,1,5
3608,S003609,U001456,2025-01-16 20:02:25,2025-01-16,Direct,Desktop,North,35-44,Below 25K,Credit Card,1,8,747,Product Page Viewed,1,0,0,0,0,Product Page Viewed,Unclear product value,23347,1,3
3609,S003610,U003241,2025-05-20 01:48:06,2025-05-20,Social Media,Desktop,Central,25-34,Below 25K,Personal Loan,0,11,1159,Product Page Viewed,1,0,0,0,0,Product Page Viewed,Technical issue,136965,5,21
3610,S003611,U002440,2025-04-12 18:48:31,2025-04-12,Organic Search,Desktop,Central,18-24,25K-50K,Credit Card,1,4,757,Lead Form Started,1,1,1,1,0,Lead Form Started,Technical issue,28818,4,15
3611,S003612,U001410,2025-03-04 08:16:56,2025-03-04,Organic Search,Mobile,South,45-54,100K+,Personal Loan,0,9,19,Lead Form Started,1,1,1,1,0,Lead Form Started,Too many required fields,71577,3,10
3612,S003613,U003048,2025-06-12 15:13:05,2025-06-12,Organic Search,Mobile,East,25-34,50K-100K,Savings Account,1,10,43,Product Page Viewed,1,0,0,0,0,Product Page Viewed,High interest-rate concern,21463,6,24
3613,S003614,U002032,2025-03-28 06:28:13,2025-03-28,Direct,Desktop,West,45-54,Below 25K,Personal Loan,1,9,277,Product Page Viewed,1,0,0,0,0,Product Page Viewed,High interest-rate concern,101310,3,13
3614,S003615,U002758,2025-04-10 05:55:51,2025-04-10,Organic Search,Mobile,South,18-24,50K-100K,Credit Card,0,10,901,Calculator Used,1,1,0,0,0,Calculator Used,Calculator result not attractive,36190,4,15
3615,S003616,U002276,2025-03-24 03:20:03,2025-03-24,Email,Mobile,West,25-34,50K-100K,Credit Card,0,8,390,Lead Form Started,1,1,1,1,0,Lead Form Started,Too many required fields,35711,3,13
3616,S003617,U002205,2025-02-06 11:16:13,2025-02-06,Paid Ads,Mobile,West,25-34,25K-50K,Credit Card,1,5,67,Product Page Viewed,1,0,0,0,0,Product Page Viewed,Technical issue,31832,2,6
3617,S003618,U002673,2025-01-05 23:10:24,2025-01-05,Direct,Mobile,North,25-34,25K-50K,Credit Card,0,7,220,Product Page Viewed,1,0,0,0,0,Product Page Viewed,Unclear product value,32330,1,1
3618,S003619,U001728,2025-01-19 06:10:08,2025-01-19,Paid Ads,Desktop,East,35-44,25K-50K,Personal Loan,0,7,179,Product Page Viewed,1,0,0,0,0,Product Page Viewed,High interest-rate concern,154848,1,3
3619,S003620,U000951,2025-01-07 19:56:05,2025-01-07,Direct,Mobile,North,18-24,50K-100K,Credit Card,0,1,964,Product Page Viewed,1,0,0,0,0,Product Page Viewed,Unclear product value,27376,1,2
3620,S003621,U003395,2025-02-18 04:14:34,2025-02-18,Direct,Mobile,Central,25-34,50K-100K,Personal Loan,0,7,158,Lead Form Started,1,1,1,1,0,Lead Form Started,Technical issue,132701,2,8
3621,S003622,U001795,2025-03-15 15:55:48,2025-03-15,Social Media,Mobile,West,35-44,Below 25K,Credit Card,0,1,502,Product Page Viewed,1,0,0,0,0,Product Page Viewed,Comparing alternatives,32943,3,11
3622,S003623,U000284,2025-06-07 14:23:39,2025-06-07,Direct,Mobile,North,35-44,50K-100K,Credit Card,1,7,792,Product Page Viewed,1,0,0,0,0,Product Page Viewed,Unclear product value,21564,6,23
3623,S003624,U000766,2025-05-21 10:17:11,2025-05-21,Paid Ads,Mobile,East,45-54,25K-50K,Savings Account,0,1,793,Product Page Viewed,1,0,0,0,0,Product Page Viewed,Comparing alternatives,14654,5,21
3624,S003625,U000352,2025-03-20 03:43:59,2025-03-20,Paid Ads,Mobile,South,35-44,25K-50K,Personal Loan,0,12,349,CTA Clicked,1,1,1,0,0,CTA Clicked,Technical issue,77605,3,12
3625,S003626,U001836,2025-02-05 12:32:01,2025-02-05,Email,Desktop,Central,18-24,Below 25K,Insurance Plan,0,7,1123,CTA Clicked,1,1,1,0,0,CTA Clicked,Technical issue,6668,2,6
3626,S003627,U002002,2025-02-05 16:27:25,2025-02-05,Direct,Desktop,North,25-34,50K-100K,Personal Loan,1,12,523,Product Page Viewed,1,0,0,0,0,Product Page Viewed,Comparing alternatives,153157,2,6
3627,S003628,U002061,2025-05-17 05:13:55,2025-05-17,Email,Mobile,West,45-54,25K-50K,Credit Card,1,8,1097,Product Page Viewed,1,0,0,0,0,Product Page Viewed,Technical issue,38559,5,20
3628,S003629,U000250,2025-06-19 19:04:24,2025-06-19,Paid Ads,Mobile,Central,18-24,Below 25K,Insurance Plan,0,11,460,Calculator Used,1,1,0,0,0,Calculator Used,Technical issue,8381,6,25
3629,S003630,U000512,2025-04-14 14:10:42,2025-04-14,Email,Mobile,South,35-44,50K-100K,Personal Loan,0,12,123,Lead Form Submitted,1,1,1,1,1,,,0,4,16
3630,S003631,U003124,2025-04-18 08:11:31,2025-04-18,Social Media,Desktop,South,45-54,50K-100K,Personal Loan,0,2,616,Product Page Viewed,1,0,0,0,0,Product Page Viewed,High interest-rate concern,105518,4,16
3631,S003632,U001452,2025-06-25 10:02:24,2025-06-25,Referral,Mobile,South,25-34,Below 25K,Credit Card,0,8,723,Website Visit,0,0,0,0,0,Website Visit,Slow page load,27152,6,26
3632,S003633,U001902,2025-02-27 09:43:12,2025-02-27,Paid Ads,Mobile,East,35-44,50K-100K,Personal Loan,0,3,861,Product Page Viewed,1,0,0,0,0,Product Page Viewed,Unclear product value,74935,2,9
3633,S003634,U002366,2025-02-10 05:37:11,2025-02-10,Organic Search,Mobile,North,55+,50K-100K,Personal Loan,0,12,343,Product Page Viewed,1,0,0,0,0,Product Page Viewed,High interest-rate concern,85279,2,7
3634,S003635,U003415,2025-01-28 13:52:21,2025-01-28,Organic Search,Mobile,East,45-54,25K-50K,Credit Card,1,12,656,Calculator Used,1,1,0,0,0,Calculator Used,Required information unavailable,22369,1,5
3635,S003636,U000276,2025-02-07 01:04:50,2025-02-07,Referral,Mobile,West,45-54,100K+,Savings Account,0,3,194,Calculator Used,1,1,0,0,0,Calculator Used,Comparing alternatives,17948,2,6
3636,S003637,U003302,2025-06-14 09:50:59,2025-06-14,Referral,Mobile,East,25-34,50K-100K,Personal Loan,0,3,829,Product Page Viewed,1,0,0,0,0,Product Page Viewed,Unclear product value,159913,6,24
3637,S003638,U000391,2025-04-11 05:55:29,2025-04-11,Organic Search,Mobile,West,45-54,50K-100K,Insurance Plan,0,5,411,Product Page Viewed,1,0,0,0,0,Product Page Viewed,High interest-rate concern,9978,4,15
3638,S003639,U000292,2025-03-28 10:15:00,2025-03-28,Direct,Mobile,South,35-44,50K-100K,Credit Card,0,10,887,Lead Form Started,1,1,1,1,0,Lead Form Started,Technical issue,35905,3,13
3639,S003640,U001209,2025-04-13 08:13:02,2025-04-13,Referral,Mobile,North,18-24,50K-100K,Credit Card,0,7,123,Product Page Viewed,1,0,0,0,0,Product Page Viewed,Technical issue,37200,4,15
3640,S003641,U002143,2025-02-18 14:45:11,2025-02-18,Organic Search,Mobile,West,25-34,25K-50K,Insurance Plan,1,12,896,Product Page Viewed,1,0,0,0,0,Product Page Viewed,High interest-rate concern,4924,2,8
3641,S003642,U000015,2025-03-22 09:20:50,2025-03-22,Direct,Desktop,North,45-54,50K-100K,Personal Loan,0,5,26,Product Page Viewed,1,0,0,0,0,Product Page Viewed,Comparing alternatives,94766,3,12
3642,S003643,U000612,2025-05-24 23:30:01,2025-05-24,Paid Ads,Desktop,Central,25-34,50K-100K,Credit Card,0,6,848,Website Visit,0,0,0,0,0,Website Visit,Slow page load,23311,5,21
3643,S003644,U001147,2025-02-27 10:28:06,2025-02-27,Paid Ads,Desktop,North,25-34,100K+,Personal Loan,1,8,293,Calculator Used,1,1,0,0,0,Calculator Used,Comparing alternatives,160064,2,9
3644,S003645,U001868,2025-01-11 10:27:33,2025-01-11,Direct,Desktop,East,45-54,50K-100K,Savings Account,1,10,58,Product Page Viewed,1,0,0,0,0,Product Page Viewed,Comparing alternatives,9101,1,2
3645,S003646,U002811,2025-05-16 11:39:06,2025-05-16,Email,Mobile,East,25-34,25K-50K,Savings Account,0,7,30,Product Page Viewed,1,0,0,0,0,Product Page Viewed,Technical issue,22168,5,20
3646,S003647,U003538,2025-04-12 14:23:21,2025-04-12,Email,Desktop,West,25-34,Below 25K,Credit Card,0,5,545,Product Page Viewed,1,0,0,0,0,Product Page Viewed,High interest-rate concern,26455,4,15
3647,S003648,U002039,2025-01-10 13:02:44,2025-01-10,Organic Search,Desktop,South,55+,25K-50K,Personal Loan,0,6,759,Product Page Viewed,1,0,0,0,0,Product Page Viewed,Technical issue,80226,1,2
3648,S003649,U000012,2025-03-03 11:49:50,2025-03-03,Organic Search,Mobile,East,35-44,50K-100K,Personal Loan,0,11,258,Product Page Viewed,1,0,0,0,0,Product Page Viewed,High interest-rate concern,64050,3,10
3649,S003650,U003551,2025-01-09 08:40:16,2025-01-09,Organic Search,Desktop,East,35-44,Below 25K,Credit Card,0,3,461,Website Visit,0,0,0,0,0,Website Visit,Not ready to explore,28761,1,2
3650,S003651,U001728,2025-05-27 23:17:15,2025-05-27,Paid Ads,Mobile,East,25-34,100K+,Personal Loan,1,1,120,Product Page Viewed,1,0,0,0,0,Product Page Viewed,Technical issue,147490,5,22
3651,S003652,U003355,2025-03-02 06:07:47,2025-03-02,Referral,Mobile,West,18-24,Below 25K,Savings Account,0,7,138,Calculator Used,1,1,0,0,0,Calculator Used,Calculator result not attractive,20611,3,9
3652,S003653,U003066,2025-06-13 16:02:09,2025-06-13,Referral,Desktop,West,25-34,Below 25K,Credit Card,1,12,304,CTA Clicked,1,1,1,0,0,CTA Clicked,Not ready to apply,32581,6,24
3653,S003654,U001929,2025-05-02 08:01:10,2025-05-02,Direct,Mobile,East,45-54,Below 25K,Credit Card,1,4,1177,Product Page Viewed,1,0,0,0,0,Product Page Viewed,High interest-rate concern,26495,5,18
3654,S003655,U000748,2025-05-02 14:56:15,2025-05-02,Organic Search,Mobile,East,35-44,50K-100K,Credit Card,1,4,373,Product Page Viewed,1,0,0,0,0,Product Page Viewed,Technical issue,24839,5,18
3655,S003656,U002353,2025-04-21 12:50:44,2025-04-21,Organic Search,Mobile,East,35-44,50K-100K,Credit Card,0,9,337,Product Page Viewed,1,0,0,0,0,Product Page Viewed,Technical issue,18362,4,17
3656,S003657,U000645,2025-05-11 02:48:15,2025-05-11,Organic Search,Mobile,West,18-24,50K-100K,Savings Account,0,4,29,Calculator Used,1,1,0,0,0,Calculator Used,Technical issue,18265,5,19
3657,S003658,U002576,2025-03-23 22:13:41,2025-03-23,Referral,Mobile,Central,35-44,50K-100K,Savings Account,0,4,655,Product Page Viewed,1,0,0,0,0,Product Page Viewed,Technical issue,21972,3,12
3658,S003659,U003526,2025-01-05 04:53:22,2025-01-05,Organic Search,Desktop,East,45-54,50K-100K,Credit Card,0,5,799,Product Page Viewed,1,0,0,0,0,Product Page Viewed,Technical issue,22400,1,1
3659,S003660,U001357,2025-06-06 14:50:20,2025-06-06,Paid Ads,Desktop,East,25-34,25K-50K,Savings Account,0,9,1111,Lead Form Submitted,1,1,1,1,1,,,0,6,23
3660,S003661,U002638,2025-06-18 05:28:57,2025-06-18,Organic Search,Mobile,North,35-44,25K-50K,Personal Loan,0,4,709,CTA Clicked,1,1,1,0,0,CTA Clicked,Technical issue,98880,6,25
3661,S003662,U002372,2025-05-07 06:38:42,2025-05-07,Organic Search,Desktop,West,35-44,100K+,Credit Card,0,5,575,Lead Form Submitted,1,1,1,1,1,,,0,5,19
3662,S003663,U000981,2025-06-04 05:52:36,2025-06-04,Social Media,Desktop,Central,18-24,25K-50K,Personal Loan,1,2,880,Lead Form Submitted,1,1,1,1,1,,,0,6,23
3663,S003664,U001620,2025-03-01 13:50:45,2025-03-01,Direct,Desktop,North,55+,25K-50K,Personal Loan,0,7,93,Product Page Viewed,1,0,0,0,0,Product Page Viewed,Technical issue,127034,3,9
3664,S003665,U001689,2025-06-16 21:46:20,2025-06-16,Referral,Tablet,Central,45-54,Below 25K,Personal Loan,0,1,491,Lead Form Submitted,1,1,1,1,1,,,0,6,25
3665,S003666,U000238,2025-04-03 12:47:16,2025-04-03,Referral,Mobile,Central,25-34,Below 25K,Credit Card,0,7,1106,Product Page Viewed,1,0,0,0,0,Product Page Viewed,High interest-rate concern,25645,4,14
3666,S003667,U001126,2025-06-05 05:54:08,2025-06-05,Email,Mobile,North,35-44,25K-50K,Credit Card,1,1,79,Product Page Viewed,1,0,0,0,0,Product Page Viewed,Comparing alternatives,35321,6,23
3667,S003668,U000739,2025-01-19 10:13:02,2025-01-19,Direct,Desktop,East,35-44,25K-50K,Credit Card,0,12,882,CTA Clicked,1,1,1,0,0,CTA Clicked,Form looked too long,27474,1,3
3668,S003669,U001612,2025-06-18 00:49:49,2025-06-18,Email,Tablet,West,45-54,25K-50K,Insurance Plan,0,12,559,Lead Form Submitted,1,1,1,1,1,,,0,6,25
3669,S003670,U002722,2025-06-20 12:45:51,2025-06-20,Email,Mobile,East,55+,100K+,Personal Loan,0,5,198,Lead Form Submitted,1,1,1,1,1,,,0,6,25
3670,S003671,U000491,2025-01-09 03:45:54,2025-01-09,Organic Search,Mobile,North,55+,25K-50K,Savings Account,1,10,211,Product Page Viewed,1,0,0,0,0,Product Page Viewed,Comparing alternatives,10263,1,2
3671,S003672,U002293,2025-04-30 15:44:54,2025-04-30,Organic Search,Mobile,West,25-34,50K-100K,Credit Card,0,8,422,Product Page Viewed,1,0,0,0,0,Product Page Viewed,High interest-rate concern,18391,4,18
3672,S003673,U002782,2025-05-16 04:10:21,2025-05-16,Organic Search,Desktop,East,45-54,Below 25K,Personal Loan,1,12,757,CTA Clicked,1,1,1,0,0,CTA Clicked,Not ready to apply,126828,5,20
3673,S003674,U003289,2025-05-18 08:35:07,2025-05-18,Referral,Desktop,West,55+,50K-100K,Personal Loan,0,2,101,Product Page Viewed,1,0,0,0,0,Product Page Viewed,Technical issue,89112,5,20
3674,S003675,U002238,2025-01-10 06:51:33,2025-01-10,Social Media,Desktop,South,25-34,25K-50K,Personal Loan,1,8,661,Product Page Viewed,1,0,0,0,0,Product Page Viewed,Technical issue,94278,1,2
3675,S003676,U002271,2025-05-07 00:47:16,2025-05-07,Organic Search,Desktop,Central,35-44,25K-50K,Savings Account,1,9,902,Lead Form Submitted,1,1,1,1,1,,,0,5,19
3676,S003677,U000050,2025-03-08 16:11:24,2025-03-08,Paid Ads,Mobile,West,45-54,50K-100K,Personal Loan,0,11,893,Product Page Viewed,1,0,0,0,0,Product Page Viewed,Unclear product value,65358,3,10
3677,S003678,U002589,2025-03-21 13:01:23,2025-03-21,Social Media,Mobile,North,25-34,100K+,Personal Loan,0,8,335,Product Page Viewed,1,0,0,0,0,Product Page Viewed,Technical issue,70342,3,12
3678,S003679,U001898,2025-04-01 01:46:23,2025-04-01,Direct,Mobile,West,25-34,25K-50K,Credit Card,0,7,149,Lead Form Submitted,1,1,1,1,1,,,0,4,14
3679,S003680,U003136,2025-02-28 16:03:54,2025-02-28,Social Media,Mobile,East,45-54,Below 25K,Personal Loan,0,11,455,Calculator Used,1,1,0,0,0,Calculator Used,Comparing alternatives,153480,2,9
3680,S003681,U003617,2025-05-07 05:23:22,2025-05-07,Organic Search,Mobile,South,55+,25K-50K,Personal Loan,1,4,608,Product Page Viewed,1,0,0,0,0,Product Page Viewed,Technical issue,142989,5,19
3681,S003682,U001289,2025-02-25 22:27:41,2025-02-25,Email,Mobile,West,25-34,Below 25K,Personal Loan,0,11,262,Product Page Viewed,1,0,0,0,0,Product Page Viewed,Technical issue,98714,2,9
3682,S003683,U002543,2025-02-05 00:24:28,2025-02-05,Social Media,Mobile,West,55+,50K-100K,Savings Account,1,7,288,Lead Form Started,1,1,1,1,0,Lead Form Started,Too many required fields,9818,2,6
3683,S003684,U002371,2025-05-04 17:22:59,2025-05-04,Direct,Mobile,West,45-54,Below 25K,Insurance Plan,0,9,509,Product Page Viewed,1,0,0,0,0,Product Page Viewed,Technical issue,7237,5,18
3684,S003685,U001155,2025-06-03 12:12:56,2025-06-03,Paid Ads,Mobile,North,25-34,Below 25K,Personal Loan,0,3,397,Product Page Viewed,1,0,0,0,0,Product Page Viewed,Comparing alternatives,86221,6,23
3685,S003686,U000986,2025-05-07 23:22:48,2025-05-07,Organic Search,Mobile,West,25-34,Below 25K,Insurance Plan,0,7,48,Product Page Viewed,1,0,0,0,0,Product Page Viewed,High interest-rate concern,8988,5,19
3686,S003687,U002017,2025-02-04 23:29:50,2025-02-04,Paid Ads,Desktop,East,25-34,25K-50K,Credit Card,1,1,834,Product Page Viewed,1,0,0,0,0,Product Page Viewed,Technical issue,19041,2,6
3687,S003688,U003573,2025-02-17 10:32:13,2025-02-17,Social Media,Mobile,Central,35-44,50K-100K,Credit Card,0,1,800,Product Page Viewed,1,0,0,0,0,Product Page Viewed,High interest-rate concern,31411,2,8
3688,S003689,U001887,2025-01-21 21:14:11,2025-01-21,Direct,Mobile,West,25-34,25K-50K,Credit Card,0,3,610,Website Visit,0,0,0,0,0,Website Visit,Immediate bounce,25996,1,4
3689,S003690,U003523,2025-02-24 05:07:33,2025-02-24,Organic Search,Mobile,East,35-44,50K-100K,Credit Card,0,12,579,Product Page Viewed,1,0,0,0,0,Product Page Viewed,Technical issue,33862,2,9
3690,S003691,U002482,2025-06-14 21:05:57,2025-06-14,Email,Desktop,South,25-34,25K-50K,Insurance Plan,1,10,1033,Calculator Used,1,1,0,0,0,Calculator Used,Required information unavailable,8199,6,24
3691,S003692,U000852,2025-06-23 12:42:17,2025-06-23,Referral,Mobile,North,25-34,50K-100K,Personal Loan,0,12,133,Calculator Used,1,1,0,0,0,Calculator Used,Comparing alternatives,145709,6,26
3692,S003693,U003688,2025-03-24 15:44:58,2025-03-24,Direct,Mobile,Central,25-34,100K+,Personal Loan,0,7,1087,CTA Clicked,1,1,1,0,0,CTA Clicked,Privacy concern,153000,3,13
3693,S003694,U001972,2025-04-17 16:25:19,2025-04-17,Organic Search,Desktop,South,25-34,100K+,Insurance Plan,0,4,1030,Lead Form Submitted,1,1,1,1,1,,,0,4,16
3694,S003695,U001955,2025-01-08 19:08:17,2025-01-08,Referral,Desktop,West,18-24,50K-100K,Insurance Plan,1,3,145,Calculator Used,1,1,0,0,0,Calculator Used,Technical issue,4239,1,2
3695,S003696,U000087,2025-01-16 04:33:51,2025-01-16,Paid Ads,Mobile,South,18-24,Below 25K,Personal Loan,1,12,15,Product Page Viewed,1,0,0,0,0,Product Page Viewed,Unclear product value,125601,1,3
3696,S003697,U001996,2025-05-08 10:55:25,2025-05-08,Social Media,Mobile,Central,25-34,25K-50K,Credit Card,1,4,386,Website Visit,0,0,0,0,0,Website Visit,Slow page load,34238,5,19
3697,S003698,U001514,2025-02-15 20:34:19,2025-02-15,Paid Ads,Mobile,West,18-24,Below 25K,Personal Loan,0,5,26,Product Page Viewed,1,0,0,0,0,Product Page Viewed,High interest-rate concern,130743,2,7
3698,S003699,U002736,2025-06-15 06:07:54,2025-06-15,Referral,Mobile,East,25-34,50K-100K,Savings Account,1,7,99,Lead Form Started,1,1,1,1,0,Lead Form Started,Document requirement concern,21634,6,24
3699,S003700,U002327,2025-03-09 16:38:38,2025-03-09,Paid Ads,Desktop,South,45-54,100K+,Savings Account,1,2,312,Product Page Viewed,1,0,0,0,0,Product Page Viewed,Unclear product value,20509,3,10
3700,S003701,U003046,2025-06-09 01:22:34,2025-06-09,Email,Desktop,East,35-44,25K-50K,Credit Card,1,12,704,Product Page Viewed,1,0,0,0,0,Product Page Viewed,High interest-rate concern,37911,6,24
3701,S003702,U000018,2025-04-28 21:04:32,2025-04-28,Organic Search,Desktop,Central,55+,50K-100K,Personal Loan,0,2,251,Product Page Viewed,1,0,0,0,0,Product Page Viewed,Comparing alternatives,111018,4,18
3702,S003703,U001014,2025-04-30 07:55:40,2025-04-30,Direct,Desktop,West,25-34,50K-100K,Personal Loan,0,4,1102,Product Page Viewed,1,0,0,0,0,Product Page Viewed,Technical issue,114069,4,18
3703,S003704,U002594,2025-04-25 12:39:29,2025-04-25,Organic Search,Desktop,North,35-44,100K+,Savings Account,0,9,193,Lead Form Submitted,1,1,1,1,1,,,0,4,17
3704,S003705,U001189,2025-06-14 10:27:49,2025-06-14,Email,Desktop,Central,25-34,50K-100K,Personal Loan,0,11,1059,Lead Form Submitted,1,1,1,1,1,,,0,6,24
3705,S003706,U002826,2025-06-15 21:13:31,2025-06-15,Organic Search,Mobile,West,55+,100K+,Personal Loan,0,2,1193,Product Page Viewed,1,0,0,0,0,Product Page Viewed,Technical issue,116425,6,24
3706,S003707,U000143,2025-05-30 01:14:29,2025-05-30,Email,Mobile,West,35-44,25K-50K,Personal Loan,0,9,692,Product Page Viewed,1,0,0,0,0,Product Page Viewed,Comparing alternatives,89889,5,22
3707,S003708,U002288,2025-05-13 05:29:10,2025-05-13,Social Media,Desktop,Central,18-24,25K-50K,Savings Account,0,6,746,Product Page Viewed,1,0,0,0,0,Product Page Viewed,Unclear product value,15157,5,20
3708,S003709,U002822,2025-04-01 19:18:40,2025-04-01,Social Media,Desktop,North,45-54,50K-100K,Insurance Plan,0,1,616,Lead Form Submitted,1,1,1,1,1,,,0,4,14
3709,S003710,U000768,2025-02-25 11:09:33,2025-02-25,Referral,Mobile,East,45-54,Below 25K,Credit Card,0,3,1083,Calculator Used,1,1,0,0,0,Calculator Used,Required information unavailable,30762,2,9
3710,S003711,U000495,2025-06-07 13:12:40,2025-06-07,Referral,Desktop,North,25-34,50K-100K,Credit Card,0,8,576,Product Page Viewed,1,0,0,0,0,Product Page Viewed,High interest-rate concern,19249,6,23
3711,S003712,U000376,2025-03-15 06:58:16,2025-03-15,Referral,Mobile,West,35-44,25K-50K,Personal Loan,1,11,301,Product Page Viewed,1,0,0,0,0,Product Page Viewed,High interest-rate concern,70403,3,11
3712,S003713,U002374,2025-01-15 08:35:23,2025-01-15,Email,Desktop,West,45-54,25K-50K,Personal Loan,1,6,638,Website Visit,0,0,0,0,0,Website Visit,Immediate bounce,133646,1,3
3713,S003714,U002351,2025-02-13 10:48:53,2025-02-13,Direct,Mobile,East,25-34,Below 25K,Savings Account,0,12,223,Product Page Viewed,1,0,0,0,0,Product Page Viewed,High interest-rate concern,9827,2,7
3714,S003715,U001349,2025-06-03 15:46:45,2025-06-03,Direct,Desktop,North,45-54,50K-100K,Credit Card,1,2,801,Lead Form Submitted,1,1,1,1,1,,,0,6,23
3715,S003716,U002124,2025-04-07 17:57:29,2025-04-07,Organic Search,Mobile,West,35-44,50K-100K,Personal Loan,0,10,1187,Product Page Viewed,1,0,0,0,0,Product Page Viewed,High interest-rate concern,122187,4,15
3716,S003717,U002198,2025-06-17 13:34:10,2025-06-17,Direct,Mobile,East,45-54,25K-50K,Credit Card,0,5,824,Product Page Viewed,1,0,0,0,0,Product Page Viewed,Technical issue,36843,6,25
3717,S003718,U001892,2025-04-26 16:00:05,2025-04-26,Paid Ads,Mobile,East,35-44,Below 25K,Personal Loan,1,9,341,Calculator Used,1,1,0,0,0,Calculator Used,Comparing alternatives,141582,4,17
3718,S003719,U000841,2025-05-04 18:16:58,2025-05-04,Referral,Mobile,Central,45-54,25K-50K,Credit Card,0,9,729,Product Page Viewed,1,0,0,0,0,Product Page Viewed,Comparing alternatives,33327,5,18
3719,S003720,U002374,2025-02-21 13:43:41,2025-02-21,Direct,Desktop,North,45-54,25K-50K,Personal Loan,1,12,674,Calculator Used,1,1,0,0,0,Calculator Used,Comparing alternatives,85615,2,8
3720,S003721,U001919,2025-01-04 03:28:48,2025-01-04,Organic Search,Desktop,South,25-34,50K-100K,Insurance Plan,0,10,600,Website Visit,0,0,0,0,0,Website Visit,Landing page mismatch,4387,1,1
3721,S003722,U000788,2025-03-12 22:31:13,2025-03-12,Email,Mobile,South,45-54,25K-50K,Credit Card,1,12,150,Product Page Viewed,1,0,0,0,0,Product Page Viewed,Comparing alternatives,35087,3,11
3722,S003723,U002197,2025-02-24 19:45:45,2025-02-24,Direct,Mobile,East,25-34,25K-50K,Credit Card,0,11,712,Product Page Viewed,1,0,0,0,0,Product Page Viewed,High interest-rate concern,37113,2,9
3723,S003724,U002530,2025-02-19 18:22:47,2025-02-19,Direct,Mobile,North,25-34,25K-50K,Insurance Plan,1,8,647,Product Page Viewed,1,0,0,0,0,Product Page Viewed,Unclear product value,5302,2,8
3724,S003725,U001380,2025-01-14 11:44:53,2025-01-14,Direct,Tablet,East,35-44,Below 25K,Personal Loan,1,4,461,Product Page Viewed,1,0,0,0,0,Product Page Viewed,High interest-rate concern,125522,1,3
3725,S003726,U001284,2025-06-29 10:31:06,2025-06-29,Email,Mobile,North,35-44,25K-50K,Credit Card,1,7,519,Calculator Used,1,1,0,0,0,Calculator Used,Calculator result not attractive,40009,6,26
3726,S003727,U002780,2025-02-12 20:37:51,2025-02-12,Email,Mobile,South,35-44,Below 25K,Personal Loan,0,3,712,Website Visit,0,0,0,0,0,Website Visit,Slow page load,78508,2,7
3727,S003728,U002315,2025-05-05 17:43:25,2025-05-05,Paid Ads,Mobile,North,25-34,25K-50K,Credit Card,0,2,531,Product Page Viewed,1,0,0,0,0,Product Page Viewed,Comparing alternatives,24832,5,19
3728,S003729,U002995,2025-01-11 00:06:11,2025-01-11,Organic Search,Mobile,West,55+,25K-50K,Savings Account,0,4,151,Product Page Viewed,1,0,0,0,0,Product Page Viewed,High interest-rate concern,21438,1,2
3729,S003730,U002631,2025-06-27 01:02:44,2025-06-27,Direct,Mobile,Central,25-34,50K-100K,Credit Card,0,12,1166,Lead Form Started,1,1,1,1,0,Lead Form Started,Too many required fields,35534,6,26
3730,S003731,U001986,2025-06-29 05:03:16,2025-06-29,Direct,Tablet,Central,35-44,50K-100K,Personal Loan,0,9,762,Lead Form Submitted,1,1,1,1,1,,,0,6,26
3731,S003732,U002945,2025-06-03 10:14:38,2025-06-03,Direct,Desktop,Central,35-44,100K+,Personal Loan,1,10,105,Calculator Used,1,1,0,0,0,Calculator Used,Required information unavailable,91170,6,23
3732,S003733,U002654,2025-01-20 05:12:00,2025-01-20,Referral,Mobile,Central,18-24,50K-100K,Savings Account,0,8,1149,Website Visit,0,0,0,0,0,Website Visit,Not ready to explore,14263,1,4
3733,S003734,U002464,2025-06-27 14:59:41,2025-06-27,Paid Ads,Mobile,West,55+,Below 25K,Insurance Plan,1,7,323,Website Visit,0,0,0,0,0,Website Visit,Not ready to explore,8940,6,26
3734,S003735,U003349,2025-02-07 16:56:05,2025-02-07,Paid Ads,Mobile,South,35-44,Below 25K,Personal Loan,1,10,238,Product Page Viewed,1,0,0,0,0,Product Page Viewed,Technical issue,99196,2,6
3735,S003736,U002944,2025-01-14 19:15:11,2025-01-14,Social Media,Desktop,East,55+,25K-50K,Credit Card,0,4,128,Lead Form Submitted,1,1,1,1,1,,,0,1,3
3736,S003737,U003082,2025-01-20 05:35:13,2025-01-20,Email,Mobile,South,55+,Below 25K,Credit Card,1,2,195,Lead Form Submitted,1,1,1,1,1,,,0,1,4
3737,S003738,U003639,2025-04-23 02:29:34,2025-04-23,Paid Ads,Tablet,East,25-34,50K-100K,Credit Card,0,12,364,Product Page Viewed,1,0,0,0,0,Product Page Viewed,Unclear product value,35365,4,17
3738,S003739,U001576,2025-06-14 02:43:01,2025-06-14,Direct,Desktop,Central,35-44,50K-100K,Personal Loan,0,8,1191,Product Page Viewed,1,0,0,0,0,Product Page Viewed,High interest-rate concern,149106,6,24
3739,S003740,U001977,2025-06-15 14:01:58,2025-06-15,Email,Desktop,Central,35-44,50K-100K,Credit Card,0,9,374,CTA Clicked,1,1,1,0,0,CTA Clicked,Technical issue,19826,6,24
3740,S003741,U002166,2025-03-14 05:36:26,2025-03-14,Paid Ads,Desktop,South,35-44,50K-100K,Credit Card,0,4,892,Product Page Viewed,1,0,0,0,0,Product Page Viewed,High interest-rate concern,24769,3,11
3741,S003742,U003201,2025-02-18 04:51:18,2025-02-18,Paid Ads,Mobile,East,35-44,100K+,Insurance Plan,0,5,84,Lead Form Submitted,1,1,1,1,1,,,0,2,8
3742,S003743,U003081,2025-05-26 18:27:59,2025-05-26,Organic Search,Desktop,North,45-54,25K-50K,Personal Loan,0,2,460,Product Page Viewed,1,0,0,0,0,Product Page Viewed,Comparing alternatives,148547,5,22
3743,S003744,U001789,2025-05-18 14:55:41,2025-05-18,Paid Ads,Mobile,Central,18-24,25K-50K,Insurance Plan,0,3,391,Product Page Viewed,1,0,0,0,0,Product Page Viewed,High interest-rate concern,6915,5,20
3744,S003745,U002441,2025-01-09 04:01:48,2025-01-09,Paid Ads,Mobile,Central,35-44,25K-50K,Personal Loan,0,12,151,Lead Form Submitted,1,1,1,1,1,,,0,1,2
3745,S003746,U002814,2025-01-03 02:05:19,2025-01-03,Paid Ads,Mobile,West,25-34,25K-50K,Credit Card,0,9,312,Product Page Viewed,1,0,0,0,0,Product Page Viewed,High interest-rate concern,26976,1,1
3746,S003747,U003233,2025-02-17 07:21:38,2025-02-17,Organic Search,Mobile,West,35-44,25K-50K,Personal Loan,0,10,562,Lead Form Started,1,1,1,1,0,Lead Form Started,Document requirement concern,133193,2,8
3747,S003748,U003334,2025-05-19 04:02:27,2025-05-19,Organic Search,Mobile,East,35-44,50K-100K,Credit Card,1,12,146,Lead Form Submitted,1,1,1,1,1,,,0,5,21
3748,S003749,U003151,2025-06-26 21:32:58,2025-06-26,Referral,Tablet,East,25-34,25K-50K,Personal Loan,0,4,691,Lead Form Submitted,1,1,1,1,1,,,0,6,26
3749,S003750,U002328,2025-02-19 05:11:10,2025-02-19,Direct,Desktop,West,18-24,25K-50K,Personal Loan,0,5,892,Lead Form Submitted,1,1,1,1,1,,,0,2,8
3750,S003751,U003509,2025-06-11 09:41:15,2025-06-11,Organic Search,Mobile,West,45-54,50K-100K,Credit Card,0,4,440,Product Page Viewed,1,0,0,0,0,Product Page Viewed,Technical issue,30297,6,24
3751,S003752,U001026,2025-05-09 14:33:58,2025-05-09,Direct,Desktop,North,35-44,50K-100K,Credit Card,0,3,377,Calculator Used,1,1,0,0,0,Calculator Used,Comparing alternatives,28615,5,19
3752,S003753,U002893,2025-06-26 20:58:36,2025-06-26,Paid Ads,Mobile,South,18-24,100K+,Personal Loan,0,3,28,Product Page Viewed,1,0,0,0,0,Product Page Viewed,Comparing alternatives,96008,6,26
3753,S003754,U001956,2025-04-26 13:20:28,2025-04-26,Paid Ads,Desktop,West,35-44,50K-100K,Credit Card,0,4,640,Lead Form Submitted,1,1,1,1,1,,,0,4,17
3754,S003755,U002689,2025-05-26 19:40:18,2025-05-26,Email,Mobile,West,25-34,Below 25K,Credit Card,0,5,966,Product Page Viewed,1,0,0,0,0,Product Page Viewed,Unclear product value,24168,5,22
3755,S003756,U003039,2025-03-17 00:55:16,2025-03-17,Social Media,Desktop,Central,35-44,100K+,Credit Card,0,10,423,Product Page Viewed,1,0,0,0,0,Product Page Viewed,Unclear product value,36149,3,12
3756,S003757,U002656,2025-01-20 01:23:54,2025-01-20,Organic Search,Mobile,East,35-44,Below 25K,Personal Loan,0,4,988,Product Page Viewed,1,0,0,0,0,Product Page Viewed,Comparing alternatives,107117,1,4
3757,S003758,U000008,2025-03-15 22:05:58,2025-03-15,Direct,Mobile,East,25-34,25K-50K,Insurance Plan,1,12,275,Product Page Viewed,1,0,0,0,0,Product Page Viewed,High interest-rate concern,4603,3,11
3758,S003759,U002475,2025-03-21 15:15:21,2025-03-21,Organic Search,Mobile,Central,35-44,100K+,Personal Loan,0,11,83,Product Page Viewed,1,0,0,0,0,Product Page Viewed,Technical issue,145507,3,12
3759,S003760,U000766,2025-02-04 07:12:43,2025-02-04,Direct,Mobile,West,18-24,Below 25K,Insurance Plan,0,9,103,Lead Form Submitted,1,1,1,1,1,,,0,2,6
3760,S003761,U000082,2025-04-24 08:48:59,2025-04-24,Organic Search,Desktop,North,45-54,25K-50K,Insurance Plan,0,4,449,Calculator Used,1,1,0,0,0,Calculator Used,Calculator result not attractive,7583,4,17
3761,S003762,U001699,2025-02-21 05:39:01,2025-02-21,Organic Search,Mobile,East,45-54,100K+,Personal Loan,1,2,779,Calculator Used,1,1,0,0,0,Calculator Used,Calculator result not attractive,86697,2,8
3762,S003763,U003254,2025-01-24 23:16:03,2025-01-24,Direct,Mobile,East,35-44,25K-50K,Credit Card,0,11,1175,Product Page Viewed,1,0,0,0,0,Product Page Viewed,Unclear product value,39528,1,4
3763,S003764,U002655,2025-01-27 18:25:59,2025-01-27,Direct,Mobile,South,45-54,25K-50K,Credit Card,1,4,774,Product Page Viewed,1,0,0,0,0,Product Page Viewed,Technical issue,35482,1,5
3764,S003765,U001481,2025-05-14 23:38:56,2025-05-14,Social Media,Mobile,North,45-54,Below 25K,Savings Account,0,1,351,Product Page Viewed,1,0,0,0,0,Product Page Viewed,Unclear product value,13742,5,20
3765,S003766,U001251,2025-05-08 19:10:09,2025-05-08,Direct,Desktop,South,18-24,Below 25K,Insurance Plan,1,10,933,Product Page Viewed,1,0,0,0,0,Product Page Viewed,Unclear product value,6540,5,19
3766,S003767,U002238,2025-06-10 10:34:02,2025-06-10,Direct,Mobile,Central,35-44,Below 25K,Personal Loan,0,7,924,Calculator Used,1,1,0,0,0,Calculator Used,Calculator result not attractive,108700,6,24
3767,S003768,U001649,2025-05-05 01:07:21,2025-05-05,Referral,Desktop,South,25-34,Below 25K,Personal Loan,0,9,86,Product Page Viewed,1,0,0,0,0,Product Page Viewed,Comparing alternatives,97556,5,19
3768,S003769,U002433,2025-04-16 21:49:52,2025-04-16,Paid Ads,Mobile,East,18-24,Below 25K,Credit Card,0,3,191,Product Page Viewed,1,0,0,0,0,Product Page Viewed,Comparing alternatives,22449,4,16
3769,S003770,U002372,2025-05-08 02:11:22,2025-05-08,Direct,Desktop,South,18-24,25K-50K,Insurance Plan,0,6,994,Lead Form Submitted,1,1,1,1,1,,,0,5,19
3770,S003771,U000039,2025-04-12 16:06:04,2025-04-12,Direct,Mobile,West,25-34,50K-100K,Savings Account,0,9,1048,Product Page Viewed,1,0,0,0,0,Product Page Viewed,Unclear product value,16107,4,15
3771,S003772,U002598,2025-01-20 09:20:42,2025-01-20,Paid Ads,Mobile,East,25-34,50K-100K,Credit Card,0,1,364,Product Page Viewed,1,0,0,0,0,Product Page Viewed,Technical issue,21876,1,4
3772,S003773,U003479,2025-02-24 15:11:00,2025-02-24,Direct,Desktop,West,18-24,25K-50K,Savings Account,0,8,914,CTA Clicked,1,1,1,0,0,CTA Clicked,Form looked too long,12396,2,9
3773,S003774,U002022,2025-02-04 14:35:16,2025-02-04,Direct,Desktop,North,35-44,25K-50K,Personal Loan,0,6,839,CTA Clicked,1,1,1,0,0,CTA Clicked,Form looked too long,134463,2,6
3774,S003775,U002390,2025-03-23 07:48:44,2025-03-23,Organic Search,Desktop,South,45-54,100K+,Savings Account,0,1,1082,Lead Form Submitted,1,1,1,1,1,,,0,3,12
3775,S003776,U003177,2025-02-26 10:37:33,2025-02-26,Email,Desktop,East,45-54,50K-100K,Savings Account,0,4,395,Product Page Viewed,1,0,0,0,0,Product Page Viewed,Technical issue,14776,2,9
3776,S003777,U002398,2025-05-15 14:31:46,2025-05-15,Direct,Mobile,Central,35-44,25K-50K,Personal Loan,0,11,806,Lead Form Submitted,1,1,1,1,1,,,0,5,20
3777,S003778,U000471,2025-06-11 00:58:53,2025-06-11,Paid Ads,Mobile,South,18-24,Below 25K,Personal Loan,1,10,1116,Lead Form Submitted,1,1,1,1,1,,,0,6,24
3778,S003779,U001714,2025-03-02 10:18:59,2025-03-02,Paid Ads,Mobile,North,35-44,25K-50K,Credit Card,0,6,845,Product Page Viewed,1,0,0,0,0,Product Page Viewed,High interest-rate concern,35483,3,9
3779,S003780,U003596,2025-06-23 15:47:30,2025-06-23,Email,Mobile,North,35-44,Below 25K,Credit Card,0,2,114,Product Page Viewed,1,0,0,0,0,Product Page Viewed,Technical issue,18949,6,26
3780,S003781,U000334,2025-01-18 09:29:44,2025-01-18,Direct,Mobile,North,45-54,50K-100K,Insurance Plan,1,9,1078,Lead Form Started,1,1,1,1,0,Lead Form Started,Too many required fields,8181,1,3
3781,S003782,U001637,2025-02-11 04:59:30,2025-02-11,Organic Search,Mobile,South,45-54,25K-50K,Personal Loan,0,1,596,Calculator Used,1,1,0,0,0,Calculator Used,Comparing alternatives,74624,2,7
3782,S003783,U001449,2025-03-01 16:50:35,2025-03-01,Referral,Mobile,Central,45-54,Below 25K,Savings Account,0,3,625,Product Page Viewed,1,0,0,0,0,Product Page Viewed,Unclear product value,21270,3,9
3783,S003784,U001881,2025-06-19 07:13:42,2025-06-19,Email,Mobile,South,25-34,25K-50K,Credit Card,0,11,988,Lead Form Submitted,1,1,1,1,1,,,0,6,25
3784,S003785,U002509,2025-02-07 04:29:29,2025-02-07,Referral,Mobile,East,25-34,50K-100K,Savings Account,0,3,1060,Product Page Viewed,1,0,0,0,0,Product Page Viewed,Technical issue,20974,2,6
3785,S003786,U000486,2025-02-13 11:05:55,2025-02-13,Paid Ads,Tablet,Central,18-24,50K-100K,Personal Loan,1,2,1108,Calculator Used,1,1,0,0,0,Calculator Used,Calculator result not attractive,117171,2,7
3786,S003787,U001095,2025-04-07 11:21:38,2025-04-07,Organic Search,Tablet,East,35-44,50K-100K,Personal Loan,1,11,126,CTA Clicked,1,1,1,0,0,CTA Clicked,Technical issue,124446,4,15
3787,S003788,U001946,2025-05-12 10:19:30,2025-05-12,Paid Ads,Mobile,Central,45-54,50K-100K,Credit Card,1,7,197,Product Page Viewed,1,0,0,0,0,Product Page Viewed,Unclear product value,23984,5,20
3788,S003789,U001608,2025-02-03 03:55:20,2025-02-03,Paid Ads,Mobile,Central,45-54,50K-100K,Credit Card,1,6,493,CTA Clicked,1,1,1,0,0,CTA Clicked,Not ready to apply,34875,2,6
3789,S003790,U000526,2025-03-28 14:35:29,2025-03-28,Organic Search,Mobile,South,35-44,50K-100K,Personal Loan,0,6,1091,Product Page Viewed,1,0,0,0,0,Product Page Viewed,Technical issue,124707,3,13
3790,S003791,U002651,2025-02-16 13:32:25,2025-02-16,Direct,Mobile,South,25-34,Below 25K,Credit Card,0,10,647,Product Page Viewed,1,0,0,0,0,Product Page Viewed,Unclear product value,16885,2,7
3791,S003792,U002428,2025-04-01 14:54:42,2025-04-01,Direct,Mobile,East,25-34,25K-50K,Credit Card,0,12,456,Lead Form Started,1,1,1,1,0,Lead Form Started,Technical issue,17111,4,14
3792,S003793,U002762,2025-02-05 06:55:22,2025-02-05,Referral,Desktop,East,18-24,50K-100K,Personal Loan,1,6,350,Product Page Viewed,1,0,0,0,0,Product Page Viewed,Technical issue,101744,2,6
3793,S003794,U001622,2025-02-25 06:03:29,2025-02-25,Social Media,Desktop,North,25-34,50K-100K,Credit Card,0,12,958,Product Page Viewed,1,0,0,0,0,Product Page Viewed,High interest-rate concern,39508,2,9
3794,S003795,U002824,2025-03-29 02:22:57,2025-03-29,Referral,Mobile,South,35-44,100K+,Insurance Plan,1,5,944,Calculator Used,1,1,0,0,0,Calculator Used,Comparing alternatives,9467,3,13
3795,S003796,U001775,2025-04-07 01:18:38,2025-04-07,Direct,Mobile,East,45-54,50K-100K,Personal Loan,0,11,940,Calculator Used,1,1,0,0,0,Calculator Used,Technical issue,128574,4,15
3796,S003797,U000150,2025-04-07 00:40:34,2025-04-07,Paid Ads,Mobile,South,55+,Below 25K,Savings Account,0,7,1132,Website Visit,0,0,0,0,0,Website Visit,Landing page mismatch,13312,4,15
3797,S003798,U003706,2025-01-25 05:38:12,2025-01-25,Organic Search,Mobile,South,35-44,100K+,Credit Card,0,9,534,Product Page Viewed,1,0,0,0,0,Product Page Viewed,Unclear product value,35448,1,4
3798,S003799,U001181,2025-02-10 04:29:28,2025-02-10,Social Media,Desktop,Central,35-44,Below 25K,Savings Account,1,9,648,Product Page Viewed,1,0,0,0,0,Product Page Viewed,Technical issue,11976,2,7
3799,S003800,U001355,2025-05-19 19:54:10,2025-05-19,Paid Ads,Mobile,North,35-44,25K-50K,Credit Card,0,8,712,Calculator Used,1,1,0,0,0,Calculator Used,Calculator result not attractive,38296,5,21
3800,S003801,U000295,2025-05-23 19:03:02,2025-05-23,Social Media,Desktop,South,25-34,25K-50K,Personal Loan,0,11,578,Product Page Viewed,1,0,0,0,0,Product Page Viewed,Comparing alternatives,146065,5,21
3801,S003802,U003606,2025-06-24 01:02:03,2025-06-24,Social Media,Tablet,West,25-34,100K+,Savings Account,0,10,683,CTA Clicked,1,1,1,0,0,CTA Clicked,Technical issue,19236,6,26
3802,S003803,U000041,2025-02-27 23:16:22,2025-02-27,Paid Ads,Mobile,Central,25-34,25K-50K,Personal Loan,0,8,1064,Website Visit,0,0,0,0,0,Website Visit,Landing page mismatch,72586,2,9
3803,S003804,U003131,2025-04-05 03:51:05,2025-04-05,Organic Search,Mobile,North,45-54,50K-100K,Credit Card,1,4,185,Lead Form Started,1,1,1,1,0,Lead Form Started,Too many required fields,17479,4,14
3804,S003805,U002108,2025-06-05 02:09:27,2025-06-05,Paid Ads,Mobile,North,45-54,50K-100K,Insurance Plan,0,9,353,Product Page Viewed,1,0,0,0,0,Product Page Viewed,Unclear product value,10335,6,23
3805,S003806,U003026,2025-03-12 10:08:58,2025-03-12,Email,Mobile,West,35-44,Below 25K,Personal Loan,1,12,189,Product Page Viewed,1,0,0,0,0,Product Page Viewed,High interest-rate concern,156044,3,11
3806,S003807,U000012,2025-05-28 22:57:18,2025-05-28,Direct,Mobile,North,45-54,25K-50K,Credit Card,0,2,625,Product Page Viewed,1,0,0,0,0,Product Page Viewed,High interest-rate concern,17623,5,22
3807,S003808,U001863,2025-05-26 19:57:04,2025-05-26,Referral,Desktop,North,25-34,50K-100K,Savings Account,1,8,473,Lead Form Submitted,1,1,1,1,1,,,0,5,22
3808,S003809,U002280,2025-01-06 21:46:44,2025-01-06,Paid Ads,Mobile,North,35-44,50K-100K,Personal Loan,1,5,328,Product Page Viewed,1,0,0,0,0,Product Page Viewed,High interest-rate concern,68768,1,2
3809,S003810,U001126,2025-05-19 12:36:31,2025-05-19,Organic Search,Desktop,East,25-34,Below 25K,Insurance Plan,0,7,582,Lead Form Submitted,1,1,1,1,1,,,0,5,21
3810,S003811,U001092,2025-06-15 18:05:39,2025-06-15,Paid Ads,Mobile,South,25-34,50K-100K,Savings Account,0,6,177,Lead Form Started,1,1,1,1,0,Lead Form Started,Document requirement concern,13150,6,24
3811,S003812,U000951,2025-05-28 14:38:53,2025-05-28,Paid Ads,Desktop,East,45-54,25K-50K,Personal Loan,0,9,919,Lead Form Started,1,1,1,1,0,Lead Form Started,Session timeout,155673,5,22
3812,S003813,U001830,2025-01-08 09:52:32,2025-01-08,Direct,Mobile,North,35-44,Below 25K,Personal Loan,0,7,224,CTA Clicked,1,1,1,0,0,CTA Clicked,Not ready to apply,122089,1,2
3813,S003814,U000796,2025-04-13 10:06:17,2025-04-13,Email,Desktop,Central,55+,50K-100K,Personal Loan,0,5,230,Lead Form Submitted,1,1,1,1,1,,,0,4,15
3814,S003815,U003814,2025-05-10 08:46:30,2025-05-10,Email,Mobile,North,55+,25K-50K,Personal Loan,0,5,830,Product Page Viewed,1,0,0,0,0,Product Page Viewed,Unclear product value,73534,5,19
3815,S003816,U002361,2025-03-18 03:38:30,2025-03-18,Email,Tablet,South,45-54,50K-100K,Savings Account,0,4,846,Lead Form Submitted,1,1,1,1,1,,,0,3,12
3816,S003817,U001835,2025-06-29 00:11:29,2025-06-29,Organic Search,Desktop,Central,55+,100K+,Credit Card,0,9,714,Lead Form Submitted,1,1,1,1,1,,,0,6,26
3817,S003818,U002879,2025-06-09 08:57:02,2025-06-09,Direct,Mobile,East,35-44,25K-50K,Credit Card,0,9,727,Calculator Used,1,1,0,0,0,Calculator Used,Comparing alternatives,36447,6,24
3818,S003819,U003632,2025-04-17 04:52:12,2025-04-17,Organic Search,Desktop,East,35-44,100K+,Personal Loan,0,10,379,Lead Form Submitted,1,1,1,1,1,,,0,4,16
3819,S003820,U001035,2025-04-05 14:03:02,2025-04-05,Referral,Mobile,East,35-44,Below 25K,Personal Loan,0,10,710,Calculator Used,1,1,0,0,0,Calculator Used,Technical issue,154509,4,14
3820,S003821,U002615,2025-05-19 16:00:03,2025-05-19,Referral,Desktop,East,35-44,50K-100K,Credit Card,0,7,178,Lead Form Submitted,1,1,1,1,1,,,0,5,21
3821,S003822,U000144,2025-03-23 06:06:46,2025-03-23,Social Media,Mobile,South,25-34,25K-50K,Personal Loan,0,4,310,Website Visit,0,0,0,0,0,Website Visit,Landing page mismatch,86290,3,12
3822,S003823,U000384,2025-04-19 04:36:59,2025-04-19,Referral,Desktop,West,25-34,25K-50K,Credit Card,0,1,458,Calculator Used,1,1,0,0,0,Calculator Used,Comparing alternatives,33212,4,16
3823,S003824,U002643,2025-01-15 10:48:19,2025-01-15,Referral,Desktop,North,18-24,50K-100K,Credit Card,0,8,77,Product Page Viewed,1,0,0,0,0,Product Page Viewed,High interest-rate concern,18771,1,3
3824,S003825,U002685,2025-06-29 05:20:34,2025-06-29,Direct,Tablet,South,45-54,Below 25K,Insurance Plan,0,9,43,Product Page Viewed,1,0,0,0,0,Product Page Viewed,Comparing alternatives,6456,6,26
3825,S003826,U001978,2025-01-17 12:08:14,2025-01-17,Organic Search,Mobile,West,35-44,25K-50K,Credit Card,0,9,1090,Lead Form Submitted,1,1,1,1,1,,,0,1,3
3826,S003827,U002721,2025-05-28 02:43:56,2025-05-28,Organic Search,Desktop,West,25-34,25K-50K,Credit Card,0,2,875,Lead Form Started,1,1,1,1,0,Lead Form Started,Too many required fields,16958,5,22
3827,S003828,U003294,2025-01-13 18:55:31,2025-01-13,Social Media,Desktop,North,25-34,Below 25K,Personal Loan,0,10,440,Calculator Used,1,1,0,0,0,Calculator Used,Technical issue,154103,1,3
3828,S003829,U002946,2025-02-01 09:21:43,2025-02-01,Organic Search,Desktop,North,18-24,25K-50K,Personal Loan,0,11,447,Product Page Viewed,1,0,0,0,0,Product Page Viewed,High interest-rate concern,126652,2,5
3829,S003830,U001813,2025-01-30 01:23:33,2025-01-30,Organic Search,Mobile,West,25-34,25K-50K,Savings Account,0,11,447,Calculator Used,1,1,0,0,0,Calculator Used,Technical issue,11184,1,5
3830,S003831,U002435,2025-03-27 15:12:01,2025-03-27,Paid Ads,Desktop,North,25-34,100K+,Savings Account,0,8,347,Calculator Used,1,1,0,0,0,Calculator Used,Technical issue,14039,3,13
3831,S003832,U001035,2025-05-07 01:17:59,2025-05-07,Direct,Desktop,West,45-54,25K-50K,Savings Account,0,10,373,Calculator Used,1,1,0,0,0,Calculator Used,Comparing alternatives,13570,5,19
3832,S003833,U000316,2025-03-16 00:50:36,2025-03-16,Social Media,Desktop,West,18-24,25K-50K,Personal Loan,0,8,359,Product Page Viewed,1,0,0,0,0,Product Page Viewed,Comparing alternatives,145337,3,11
3833,S003834,U001878,2025-02-18 02:02:00,2025-02-18,Organic Search,Mobile,East,25-34,25K-50K,Personal Loan,1,11,1165,Calculator Used,1,1,0,0,0,Calculator Used,Required information unavailable,72530,2,8
3834,S003835,U001626,2025-02-23 18:06:21,2025-02-23,Email,Mobile,West,45-54,Below 25K,Savings Account,1,4,239,Product Page Viewed,1,0,0,0,0,Product Page Viewed,Comparing alternatives,13946,2,8
3835,S003836,U000975,2025-05-12 09:24:00,2025-05-12,Social Media,Mobile,Central,35-44,25K-50K,Personal Loan,0,2,812,Lead Form Started,1,1,1,1,0,Lead Form Started,Session timeout,86385,5,20
3836,S003837,U001943,2025-05-11 18:41:31,2025-05-11,Direct,Desktop,East,25-34,100K+,Credit Card,0,2,982,Product Page Viewed,1,0,0,0,0,Product Page Viewed,Technical issue,30135,5,19
3837,S003838,U000700,2025-05-02 01:08:51,2025-05-02,Email,Tablet,West,45-54,100K+,Credit Card,0,10,1038,Lead Form Submitted,1,1,1,1,1,,,0,5,18
3838,S003839,U003168,2025-05-15 19:07:36,2025-05-15,Organic Search,Mobile,Central,55+,100K+,Insurance Plan,1,1,951,CTA Clicked,1,1,1,0,0,CTA Clicked,Not ready to apply,10203,5,20
3839,S003840,U003531,2025-05-20 23:23:55,2025-05-20,Organic Search,Mobile,North,45-54,25K-50K,Savings Account,0,10,901,Product Page Viewed,1,0,0,0,0,Product Page Viewed,High interest-rate concern,12566,5,21
3840,S003841,U001794,2025-05-01 02:05:44,2025-05-01,Direct,Mobile,Central,55+,25K-50K,Personal Loan,0,3,403,Lead Form Started,1,1,1,1,0,Lead Form Started,Session timeout,138909,5,18
3841,S003842,U003538,2025-01-24 12:16:55,2025-01-24,Organic Search,Mobile,West,35-44,Below 25K,Savings Account,0,2,91,Website Visit,0,0,0,0,0,Website Visit,Landing page mismatch,20214,1,4
3842,S003843,U002709,2025-03-31 17:07:15,2025-03-31,Direct,Mobile,North,25-34,50K-100K,Savings Account,0,5,312,Lead Form Submitted,1,1,1,1,1,,,0,3,14
3843,S003844,U001263,2025-02-24 01:05:43,2025-02-24,Social Media,Desktop,North,35-44,25K-50K,Credit Card,0,11,1045,Lead Form Submitted,1,1,1,1,1,,,0,2,9
3844,S003845,U002730,2025-06-04 06:32:42,2025-06-04,Organic Search,Mobile,West,45-54,100K+,Personal Loan,1,3,1192,Lead Form Started,1,1,1,1,0,Lead Form Started,Document requirement concern,138892,6,23
3845,S003846,U002877,2025-04-20 15:05:10,2025-04-20,Paid Ads,Mobile,West,45-54,100K+,Insurance Plan,1,12,783,Lead Form Started,1,1,1,1,0,Lead Form Started,Too many required fields,8817,4,16
3846,S003847,U001921,2025-06-06 03:52:03,2025-06-06,Organic Search,Mobile,Central,45-54,25K-50K,Insurance Plan,0,6,1125,Product Page Viewed,1,0,0,0,0,Product Page Viewed,Technical issue,4572,6,23
3847,S003848,U001692,2025-02-26 06:02:13,2025-02-26,Organic Search,Tablet,West,25-34,50K-100K,Credit Card,0,7,312,Product Page Viewed,1,0,0,0,0,Product Page Viewed,Technical issue,21536,2,9
3848,S003849,U001207,2025-03-16 21:58:15,2025-03-16,Referral,Mobile,South,35-44,50K-100K,Savings Account,1,8,535,CTA Clicked,1,1,1,0,0,CTA Clicked,Not ready to apply,20880,3,11
3849,S003850,U002111,2025-04-12 14:23:39,2025-04-12,Organic Search,Desktop,Central,45-54,50K-100K,Credit Card,1,9,943,Product Page Viewed,1,0,0,0,0,Product Page Viewed,Unclear product value,39181,4,15
3850,S003851,U002130,2025-01-12 19:00:33,2025-01-12,Organic Search,Mobile,South,55+,50K-100K,Savings Account,0,6,457,Product Page Viewed,1,0,0,0,0,Product Page Viewed,Comparing alternatives,14083,1,2
3851,S003852,U002210,2025-05-16 04:05:15,2025-05-16,Organic Search,Mobile,South,25-34,25K-50K,Personal Loan,0,9,799,Product Page Viewed,1,0,0,0,0,Product Page Viewed,Comparing alternatives,105119,5,20
3852,S003853,U000673,2025-02-23 06:42:40,2025-02-23,Referral,Mobile,North,25-34,Below 25K,Personal Loan,0,12,22,Product Page Viewed,1,0,0,0,0,Product Page Viewed,Unclear product value,72221,2,8
3853,S003854,U000862,2025-05-30 22:51:16,2025-05-30,Organic Search,Desktop,North,35-44,25K-50K,Personal Loan,1,5,231,Product Page Viewed,1,0,0,0,0,Product Page Viewed,Comparing alternatives,70883,5,22
3854,S003855,U003378,2025-01-25 20:04:43,2025-01-25,Organic Search,Mobile,North,55+,25K-50K,Insurance Plan,0,6,340,Lead Form Submitted,1,1,1,1,1,,,0,1,4
3855,S003856,U003589,2025-03-27 19:32:30,2025-03-27,Paid Ads,Mobile,Central,25-34,25K-50K,Credit Card,0,5,593,Product Page Viewed,1,0,0,0,0,Product Page Viewed,Unclear product value,37333,3,13
3856,S003857,U002327,2025-04-25 16:22:42,2025-04-25,Paid Ads,Mobile,East,35-44,100K+,Savings Account,0,12,765,Product Page Viewed,1,0,0,0,0,Product Page Viewed,Comparing alternatives,16444,4,17
3857,S003858,U000148,2025-03-23 14:04:38,2025-03-23,Direct,Mobile,North,25-34,100K+,Insurance Plan,0,3,1177,Product Page Viewed,1,0,0,0,0,Product Page Viewed,Unclear product value,7416,3,12
3858,S003859,U001711,2025-06-21 03:52:41,2025-06-21,Social Media,Desktop,West,45-54,Below 25K,Insurance Plan,0,11,33,Product Page Viewed,1,0,0,0,0,Product Page Viewed,Unclear product value,7216,6,25
3859,S003860,U003177,2025-05-27 15:12:20,2025-05-27,Direct,Mobile,South,35-44,25K-50K,Credit Card,0,7,721,CTA Clicked,1,1,1,0,0,CTA Clicked,Form looked too long,33026,5,22
3860,S003861,U002166,2025-04-09 19:02:51,2025-04-09,Direct,Desktop,South,35-44,Below 25K,Personal Loan,0,5,529,Lead Form Started,1,1,1,1,0,Lead Form Started,Document requirement concern,132138,4,15
3861,S003862,U001803,2025-01-09 01:00:02,2025-01-09,Social Media,Mobile,Central,25-34,50K-100K,Savings Account,0,6,179,Product Page Viewed,1,0,0,0,0,Product Page Viewed,Technical issue,16893,1,2
3862,S003863,U001207,2025-04-17 20:19:50,2025-04-17,Paid Ads,Mobile,East,25-34,100K+,Credit Card,1,12,721,Product Page Viewed,1,0,0,0,0,Product Page Viewed,Unclear product value,39139,4,16
3863,S003864,U002650,2025-01-15 03:38:56,2025-01-15,Email,Tablet,North,25-34,25K-50K,Personal Loan,0,11,629,Product Page Viewed,1,0,0,0,0,Product Page Viewed,Technical issue,150290,1,3
3864,S003865,U003390,2025-04-16 23:03:58,2025-04-16,Direct,Mobile,West,45-54,25K-50K,Personal Loan,0,12,828,Lead Form Submitted,1,1,1,1,1,,,0,4,16
3865,S003866,U001564,2025-01-16 01:06:32,2025-01-16,Organic Search,Desktop,South,35-44,100K+,Credit Card,1,5,277,Product Page Viewed,1,0,0,0,0,Product Page Viewed,High interest-rate concern,39850,1,3
3866,S003867,U000493,2025-01-30 09:25:00,2025-01-30,Social Media,Mobile,North,45-54,100K+,Personal Loan,0,5,931,Product Page Viewed,1,0,0,0,0,Product Page Viewed,Technical issue,116103,1,5
3867,S003868,U002926,2025-05-04 19:55:54,2025-05-04,Organic Search,Mobile,Central,25-34,25K-50K,Savings Account,0,5,207,Product Page Viewed,1,0,0,0,0,Product Page Viewed,Unclear product value,18527,5,18
3868,S003869,U000066,2025-01-30 02:45:20,2025-01-30,Organic Search,Mobile,North,45-54,25K-50K,Insurance Plan,1,1,474,Product Page Viewed,1,0,0,0,0,Product Page Viewed,Unclear product value,9470,1,5
3869,S003870,U003382,2025-05-13 07:32:11,2025-05-13,Social Media,Mobile,South,35-44,Below 25K,Insurance Plan,1,6,356,Product Page Viewed,1,0,0,0,0,Product Page Viewed,Comparing alternatives,4391,5,20
3870,S003871,U003104,2025-03-07 20:58:16,2025-03-07,Organic Search,Desktop,South,35-44,50K-100K,Personal Loan,0,5,443,Lead Form Started,1,1,1,1,0,Lead Form Started,Technical issue,143644,3,10
3871,S003872,U001352,2025-03-06 18:55:13,2025-03-06,Referral,Mobile,North,25-34,25K-50K,Personal Loan,0,8,1109,Product Page Viewed,1,0,0,0,0,Product Page Viewed,High interest-rate concern,117456,3,10
3872,S003873,U001465,2025-03-26 23:06:30,2025-03-26,Referral,Mobile,East,55+,100K+,Insurance Plan,0,12,343,Product Page Viewed,1,0,0,0,0,Product Page Viewed,High interest-rate concern,7673,3,13
3873,S003874,U002461,2025-06-15 16:57:37,2025-06-15,Organic Search,Mobile,West,25-34,50K-100K,Insurance Plan,0,7,775,Product Page Viewed,1,0,0,0,0,Product Page Viewed,High interest-rate concern,7730,6,24
3874,S003875,U003296,2025-03-28 22:30:29,2025-03-28,Email,Desktop,West,25-34,100K+,Credit Card,0,12,697,Lead Form Started,1,1,1,1,0,Lead Form Started,Too many required fields,39946,3,13
3875,S003876,U002521,2025-01-28 07:23:28,2025-01-28,Paid Ads,Mobile,East,25-34,25K-50K,Personal Loan,1,5,1080,Product Page Viewed,1,0,0,0,0,Product Page Viewed,Unclear product value,149022,1,5
3876,S003877,U000663,2025-06-03 09:21:53,2025-06-03,Direct,Desktop,South,25-34,100K+,Personal Loan,1,3,492,Lead Form Submitted,1,1,1,1,1,,,0,6,23
3877,S003878,U003812,2025-03-30 16:17:57,2025-03-30,Referral,Desktop,West,45-54,50K-100K,Personal Loan,0,7,1144,Product Page Viewed,1,0,0,0,0,Product Page Viewed,Comparing alternatives,117606,3,13
3878,S003879,U000149,2025-01-13 23:14:09,2025-01-13,Direct,Mobile,East,25-34,25K-50K,Credit Card,0,12,300,Product Page Viewed,1,0,0,0,0,Product Page Viewed,Comparing alternatives,39289,1,3
3879,S003880,U002842,2025-05-21 01:29:09,2025-05-21,Social Media,Desktop,North,35-44,Below 25K,Savings Account,0,5,744,CTA Clicked,1,1,1,0,0,CTA Clicked,Technical issue,20930,5,21
3880,S003881,U001206,2025-06-28 09:51:11,2025-06-28,Paid Ads,Desktop,East,35-44,25K-50K,Credit Card,0,3,70,CTA Clicked,1,1,1,0,0,CTA Clicked,Technical issue,25703,6,26
3881,S003882,U003661,2025-03-30 03:01:45,2025-03-30,Organic Search,Desktop,West,35-44,25K-50K,Insurance Plan,0,4,346,Calculator Used,1,1,0,0,0,Calculator Used,Technical issue,10056,3,13
3882,S003883,U002209,2025-03-10 19:51:12,2025-03-10,Direct,Mobile,West,18-24,50K-100K,Personal Loan,0,9,734,Product Page Viewed,1,0,0,0,0,Product Page Viewed,High interest-rate concern,65897,3,11
3883,S003884,U003772,2025-04-20 04:42:26,2025-04-20,Referral,Mobile,South,35-44,50K-100K,Credit Card,0,4,56,Product Page Viewed,1,0,0,0,0,Product Page Viewed,High interest-rate concern,24120,4,16
3884,S003885,U003218,2025-01-31 17:29:25,2025-01-31,Referral,Mobile,Central,45-54,Below 25K,Insurance Plan,0,7,644,Lead Form Started,1,1,1,1,0,Lead Form Started,Technical issue,10415,1,5
3885,S003886,U001676,2025-05-09 11:22:54,2025-05-09,Organic Search,Desktop,West,45-54,25K-50K,Personal Loan,0,9,501,Lead Form Submitted,1,1,1,1,1,,,0,5,19
3886,S003887,U000078,2025-05-10 00:38:46,2025-05-10,Organic Search,Tablet,South,45-54,25K-50K,Personal Loan,0,3,699,Product Page Viewed,1,0,0,0,0,Product Page Viewed,Unclear product value,85986,5,19
3887,S003888,U003153,2025-01-29 22:44:40,2025-01-29,Email,Desktop,West,35-44,50K-100K,Personal Loan,0,9,858,Calculator Used,1,1,0,0,0,Calculator Used,Technical issue,117178,1,5
3888,S003889,U002756,2025-05-12 08:29:46,2025-05-12,Referral,Tablet,North,25-34,25K-50K,Credit Card,0,1,470,Product Page Viewed,1,0,0,0,0,Product Page Viewed,Unclear product value,22555,5,20
3889,S003890,U000094,2025-06-05 04:09:56,2025-06-05,Organic Search,Mobile,North,25-34,Below 25K,Credit Card,0,11,751,Product Page Viewed,1,0,0,0,0,Product Page Viewed,Unclear product value,29660,6,23
3890,S003891,U001141,2025-04-09 10:51:43,2025-04-09,Direct,Mobile,East,25-34,Below 25K,Credit Card,1,8,1062,Website Visit,0,0,0,0,0,Website Visit,Immediate bounce,39413,4,15
3891,S003892,U001199,2025-06-06 04:23:26,2025-06-06,Direct,Mobile,South,18-24,100K+,Personal Loan,0,11,811,Calculator Used,1,1,0,0,0,Calculator Used,Required information unavailable,118442,6,23
3892,S003893,U001597,2025-04-25 06:09:32,2025-04-25,Organic Search,Mobile,West,45-54,25K-50K,Insurance Plan,1,3,255,CTA Clicked,1,1,1,0,0,CTA Clicked,Technical issue,10525,4,17
3893,S003894,U003437,2025-05-30 19:32:36,2025-05-30,Organic Search,Desktop,East,25-34,25K-50K,Insurance Plan,0,3,1200,Product Page Viewed,1,0,0,0,0,Product Page Viewed,Technical issue,4256,5,22
3894,S003895,U001184,2025-06-20 15:31:21,2025-06-20,Paid Ads,Mobile,East,45-54,50K-100K,Savings Account,0,3,448,Product Page Viewed,1,0,0,0,0,Product Page Viewed,Unclear product value,21436,6,25
3895,S003896,U001574,2025-06-09 10:35:51,2025-06-09,Referral,Desktop,East,18-24,100K+,Insurance Plan,0,5,723,Product Page Viewed,1,0,0,0,0,Product Page Viewed,Unclear product value,4893,6,24
3896,S003897,U000665,2025-01-19 12:41:56,2025-01-19,Direct,Mobile,West,45-54,100K+,Personal Loan,0,1,329,Product Page Viewed,1,0,0,0,0,Product Page Viewed,Technical issue,84135,1,3
3897,S003898,U000583,2025-02-16 19:14:44,2025-02-16,Direct,Desktop,South,25-34,25K-50K,Insurance Plan,1,10,1062,Lead Form Submitted,1,1,1,1,1,,,0,2,7
3898,S003899,U000656,2025-06-20 20:19:56,2025-06-20,Direct,Tablet,South,45-54,50K-100K,Personal Loan,0,12,967,Calculator Used,1,1,0,0,0,Calculator Used,Calculator result not attractive,81232,6,25
3899,S003900,U002238,2025-04-23 18:07:15,2025-04-23,Paid Ads,Mobile,West,35-44,25K-50K,Personal Loan,0,2,1048,Lead Form Submitted,1,1,1,1,1,,,0,4,17
3900,S003901,U003237,2025-06-05 19:39:23,2025-06-05,Email,Mobile,North,18-24,50K-100K,Personal Loan,1,1,1014,CTA Clicked,1,1,1,0,0,CTA Clicked,Privacy concern,134778,6,23
3901,S003902,U003126,2025-06-03 10:41:42,2025-06-03,Social Media,Mobile,East,45-54,50K-100K,Savings Account,0,6,1156,Product Page Viewed,1,0,0,0,0,Product Page Viewed,Unclear product value,14171,6,23
3902,S003903,U000710,2025-06-13 03:20:53,2025-06-13,Referral,Mobile,Central,35-44,25K-50K,Insurance Plan,0,7,766,CTA Clicked,1,1,1,0,0,CTA Clicked,Form looked too long,8911,6,24
3903,S003904,U001405,2025-04-13 23:50:58,2025-04-13,Direct,Mobile,West,35-44,25K-50K,Credit Card,0,2,103,Product Page Viewed,1,0,0,0,0,Product Page Viewed,High interest-rate concern,27322,4,15
3904,S003905,U003832,2025-05-01 13:57:15,2025-05-01,Referral,Tablet,East,35-44,50K-100K,Savings Account,0,8,941,Website Visit,0,0,0,0,0,Website Visit,Landing page mismatch,13679,5,18
3905,S003906,U003452,2025-01-09 12:17:14,2025-01-09,Email,Mobile,East,18-24,25K-50K,Insurance Plan,1,9,578,Calculator Used,1,1,0,0,0,Calculator Used,Required information unavailable,9460,1,2
3906,S003907,U001847,2025-05-11 06:44:29,2025-05-11,Organic Search,Mobile,West,55+,25K-50K,Personal Loan,0,6,531,Website Visit,0,0,0,0,0,Website Visit,Slow page load,125271,5,19
3907,S003908,U000531,2025-06-11 22:45:42,2025-06-11,Email,Mobile,East,25-34,50K-100K,Savings Account,0,12,307,Product Page Viewed,1,0,0,0,0,Product Page Viewed,Comparing alternatives,17150,6,24
3908,S003909,U001918,2025-01-31 09:57:28,2025-01-31,Organic Search,Desktop,Central,35-44,50K-100K,Credit Card,0,12,1082,Product Page Viewed,1,0,0,0,0,Product Page Viewed,High interest-rate concern,16800,1,5
3909,S003910,U003032,2025-05-31 20:41:08,2025-05-31,Direct,Desktop,South,25-34,25K-50K,Insurance Plan,0,11,847,Product Page Viewed,1,0,0,0,0,Product Page Viewed,Technical issue,6959,5,22
3910,S003911,U002315,2025-03-09 23:20:10,2025-03-09,Organic Search,Desktop,North,35-44,50K-100K,Personal Loan,0,2,656,Lead Form Submitted,1,1,1,1,1,,,0,3,10
3911,S003912,U001022,2025-04-17 11:40:10,2025-04-17,Direct,Mobile,South,45-54,25K-50K,Insurance Plan,0,3,463,Website Visit,0,0,0,0,0,Website Visit,Not ready to explore,7163,4,16
3912,S003913,U003645,2025-01-27 00:21:34,2025-01-27,Direct,Desktop,South,25-34,25K-50K,Credit Card,0,3,559,Calculator Used,1,1,0,0,0,Calculator Used,Calculator result not attractive,24429,1,5
3913,S003914,U003170,2025-04-26 18:56:22,2025-04-26,Organic Search,Mobile,North,25-34,50K-100K,Personal Loan,0,6,1141,Lead Form Submitted,1,1,1,1,1,,,0,4,17
3914,S003915,U001170,2025-01-18 08:12:46,2025-01-18,Organic Search,Desktop,South,35-44,25K-50K,Savings Account,0,6,1110,Lead Form Submitted,1,1,1,1,1,,,0,1,3
3915,S003916,U002290,2025-01-31 10:25:15,2025-01-31,Paid Ads,Desktop,South,45-54,25K-50K,Credit Card,0,6,678,Product Page Viewed,1,0,0,0,0,Product Page Viewed,Unclear product value,28434,1,5
3916,S003917,U003103,2025-05-05 14:55:36,2025-05-05,Direct,Mobile,North,55+,25K-50K,Savings Account,1,9,726,Product Page Viewed,1,0,0,0,0,Product Page Viewed,Technical issue,19346,5,19
3917,S003918,U001975,2025-04-11 11:34:07,2025-04-11,Direct,Tablet,West,25-34,Below 25K,Personal Loan,0,3,307,Product Page Viewed,1,0,0,0,0,Product Page Viewed,High interest-rate concern,80067,4,15
3918,S003919,U003209,2025-02-11 06:06:04,2025-02-11,Email,Mobile,North,25-34,Below 25K,Personal Loan,0,2,1200,Product Page Viewed,1,0,0,0,0,Product Page Viewed,Comparing alternatives,133978,2,7
3919,S003920,U001277,2025-02-25 10:13:19,2025-02-25,Paid Ads,Mobile,West,45-54,100K+,Personal Loan,0,6,1190,Calculator Used,1,1,0,0,0,Calculator Used,Required information unavailable,134684,2,9
3920,S003921,U000914,2025-05-17 17:35:53,2025-05-17,Email,Desktop,Central,35-44,100K+,Personal Loan,1,3,1199,Product Page Viewed,1,0,0,0,0,Product Page Viewed,High interest-rate concern,152523,5,20
3921,S003922,U002495,2025-01-31 23:08:51,2025-01-31,Direct,Desktop,East,25-34,25K-50K,Credit Card,0,5,570,Lead Form Submitted,1,1,1,1,1,,,0,1,5
3922,S003923,U001443,2025-05-29 20:29:24,2025-05-29,Referral,Mobile,North,25-34,25K-50K,Credit Card,1,6,1184,Lead Form Submitted,1,1,1,1,1,,,0,5,22
3923,S003924,U000352,2025-01-12 19:02:11,2025-01-12,Direct,Mobile,South,45-54,25K-50K,Personal Loan,0,9,403,Calculator Used,1,1,0,0,0,Calculator Used,Technical issue,78616,1,2
3924,S003925,U003002,2025-02-06 08:15:09,2025-02-06,Organic Search,Mobile,North,35-44,50K-100K,Personal Loan,1,6,439,Lead Form Submitted,1,1,1,1,1,,,0,2,6
3925,S003926,U001315,2025-04-10 21:54:36,2025-04-10,Organic Search,Mobile,South,25-34,Below 25K,Savings Account,1,1,710,Product Page Viewed,1,0,0,0,0,Product Page Viewed,Technical issue,14225,4,15
3926,S003927,U002585,2025-03-29 01:00:23,2025-03-29,Email,Mobile,West,35-44,50K-100K,Personal Loan,0,2,1142,Product Page Viewed,1,0,0,0,0,Product Page Viewed,Unclear product value,139995,3,13
3927,S003928,U003238,2025-03-06 08:19:50,2025-03-06,Organic Search,Mobile,South,35-44,100K+,Insurance Plan,0,3,998,Product Page Viewed,1,0,0,0,0,Product Page Viewed,Technical issue,8316,3,10
3928,S003929,U002556,2025-01-16 06:58:04,2025-01-16,Email,Desktop,West,35-44,25K-50K,Credit Card,0,5,182,Website Visit,0,0,0,0,0,Website Visit,Not ready to explore,35502,1,3
3929,S003930,U000660,2025-01-14 17:19:45,2025-01-14,Referral,Desktop,Central,35-44,50K-100K,Personal Loan,0,2,445,Calculator Used,1,1,0,0,0,Calculator Used,Required information unavailable,155215,1,3
3930,S003931,U002128,2025-06-27 06:30:42,2025-06-27,Direct,Mobile,North,45-54,Below 25K,Credit Card,0,9,409,Lead Form Submitted,1,1,1,1,1,,,0,6,26
3931,S003932,U000013,2025-03-02 00:41:44,2025-03-02,Referral,Desktop,South,25-34,50K-100K,Insurance Plan,0,12,420,Lead Form Started,1,1,1,1,0,Lead Form Started,Document requirement concern,7375,3,9
3932,S003933,U003732,2025-03-01 04:02:27,2025-03-01,Paid Ads,Desktop,South,18-24,100K+,Credit Card,0,5,162,Calculator Used,1,1,0,0,0,Calculator Used,Comparing alternatives,20870,3,9
3933,S003934,U003652,2025-01-12 16:00:41,2025-01-12,Direct,Mobile,West,25-34,25K-50K,Credit Card,0,1,502,Calculator Used,1,1,0,0,0,Calculator Used,Comparing alternatives,40143,1,2
3934,S003935,U003908,2025-01-28 07:20:02,2025-01-28,Paid Ads,Mobile,Central,25-34,25K-50K,Savings Account,0,2,435,Lead Form Submitted,1,1,1,1,1,,,0,1,5
3935,S003936,U000824,2025-04-18 22:39:41,2025-04-18,Direct,Mobile,South,25-34,50K-100K,Credit Card,0,7,691,Lead Form Submitted,1,1,1,1,1,,,0,4,16
3936,S003937,U000030,2025-04-15 20:39:59,2025-04-15,Organic Search,Desktop,Central,45-54,50K-100K,Insurance Plan,1,2,518,Product Page Viewed,1,0,0,0,0,Product Page Viewed,Technical issue,9946,4,16
3937,S003938,U003022,2025-05-07 01:41:14,2025-05-07,Social Media,Desktop,West,35-44,100K+,Savings Account,0,4,466,Product Page Viewed,1,0,0,0,0,Product Page Viewed,Technical issue,9053,5,19
3938,S003939,U002075,2025-01-22 18:16:17,2025-01-22,Paid Ads,Desktop,West,55+,25K-50K,Insurance Plan,0,6,281,CTA Clicked,1,1,1,0,0,CTA Clicked,Not ready to apply,5848,1,4
3939,S003940,U003482,2025-01-15 20:37:46,2025-01-15,Referral,Tablet,Central,18-24,25K-50K,Insurance Plan,1,1,81,Product Page Viewed,1,0,0,0,0,Product Page Viewed,Unclear product value,8709,1,3
3940,S003941,U002317,2025-03-20 17:46:28,2025-03-20,Direct,Mobile,South,25-34,25K-50K,Personal Loan,0,6,1109,Lead Form Submitted,1,1,1,1,1,,,0,3,12
3941,S003942,U001025,2025-04-16 22:16:19,2025-04-16,Direct,Mobile,North,55+,50K-100K,Insurance Plan,1,1,873,Lead Form Submitted,1,1,1,1,1,,,0,4,16
3942,S003943,U003858,2025-02-14 23:37:23,2025-02-14,Email,Mobile,East,35-44,Below 25K,Personal Loan,0,3,315,Product Page Viewed,1,0,0,0,0,Product Page Viewed,Technical issue,120817,2,7
3943,S003944,U002231,2025-03-15 08:17:00,2025-03-15,Direct,Mobile,East,25-34,Below 25K,Insurance Plan,0,10,25,Calculator Used,1,1,0,0,0,Calculator Used,Technical issue,5000,3,11
3944,S003945,U002055,2025-06-13 08:37:14,2025-06-13,Organic Search,Desktop,West,45-54,100K+,Credit Card,0,1,1166,Lead Form Submitted,1,1,1,1,1,,,0,6,24
3945,S003946,U000837,2025-03-10 17:38:18,2025-03-10,Organic Search,Desktop,North,45-54,Below 25K,Credit Card,0,11,869,Lead Form Submitted,1,1,1,1,1,,,0,3,11
3946,S003947,U002697,2025-05-26 21:24:41,2025-05-26,Direct,Desktop,East,25-34,Below 25K,Insurance Plan,1,3,332,Lead Form Started,1,1,1,1,0,Lead Form Started,Technical issue,6540,5,22
3947,S003948,U003106,2025-04-13 00:10:59,2025-04-13,Social Media,Desktop,East,25-34,Below 25K,Savings Account,1,2,747,Product Page Viewed,1,0,0,0,0,Product Page Viewed,Comparing alternatives,16499,4,15
3948,S003949,U001366,2025-05-04 22:59:04,2025-05-04,Organic Search,Mobile,West,18-24,100K+,Insurance Plan,0,7,772,Product Page Viewed,1,0,0,0,0,Product Page Viewed,Comparing alternatives,9261,5,18
3949,S003950,U000835,2025-06-05 13:11:10,2025-06-05,Organic Search,Desktop,North,35-44,25K-50K,Personal Loan,0,5,204,Product Page Viewed,1,0,0,0,0,Product Page Viewed,High interest-rate concern,131239,6,23
3950,S003951,U001569,2025-01-22 18:19:58,2025-01-22,Organic Search,Desktop,South,25-34,Below 25K,Credit Card,1,8,142,Product Page Viewed,1,0,0,0,0,Product Page Viewed,High interest-rate concern,21232,1,4
3951,S003952,U003769,2025-01-27 02:06:43,2025-01-27,Direct,Mobile,West,45-54,25K-50K,Credit Card,0,6,1032,Calculator Used,1,1,0,0,0,Calculator Used,Technical issue,29298,1,5
3952,S003953,U000927,2025-02-24 04:22:16,2025-02-24,Organic Search,Desktop,West,35-44,25K-50K,Savings Account,1,7,779,Product Page Viewed,1,0,0,0,0,Product Page Viewed,Comparing alternatives,16063,2,9
3953,S003954,U002770,2025-02-10 18:05:01,2025-02-10,Direct,Desktop,South,18-24,50K-100K,Savings Account,0,9,838,Lead Form Submitted,1,1,1,1,1,,,0,2,7
3954,S003955,U002734,2025-05-02 00:07:27,2025-05-02,Direct,Desktop,South,35-44,25K-50K,Credit Card,0,11,291,Product Page Viewed,1,0,0,0,0,Product Page Viewed,Comparing alternatives,30875,5,18
3955,S003956,U001402,2025-06-23 21:25:44,2025-06-23,Email,Desktop,Central,35-44,25K-50K,Credit Card,0,2,95,CTA Clicked,1,1,1,0,0,CTA Clicked,Not ready to apply,26324,6,26
3956,S003957,U003057,2025-05-01 22:33:16,2025-05-01,Organic Search,Mobile,North,18-24,50K-100K,Personal Loan,0,4,518,Product Page Viewed,1,0,0,0,0,Product Page Viewed,Comparing alternatives,152273,5,18
3957,S003958,U002293,2025-02-28 01:57:39,2025-02-28,Paid Ads,Desktop,Central,25-34,50K-100K,Personal Loan,0,12,652,Product Page Viewed,1,0,0,0,0,Product Page Viewed,Technical issue,64380,2,9
3958,S003959,U000683,2025-06-21 02:27:13,2025-06-21,Direct,Desktop,West,35-44,100K+,Credit Card,0,5,905,CTA Clicked,1,1,1,0,0,CTA Clicked,Technical issue,24162,6,25
3959,S003960,U003428,2025-01-11 12:03:39,2025-01-11,Social Media,Mobile,Central,18-24,Below 25K,Personal Loan,1,6,771,Website Visit,0,0,0,0,0,Website Visit,Slow page load,90671,1,2
3960,S003961,U002364,2025-04-07 09:13:44,2025-04-07,Organic Search,Tablet,West,35-44,25K-50K,Savings Account,0,3,978,Website Visit,0,0,0,0,0,Website Visit,Immediate bounce,12190,4,15
3961,S003962,U002792,2025-06-08 09:11:43,2025-06-08,Organic Search,Desktop,North,35-44,25K-50K,Savings Account,0,2,789,Calculator Used,1,1,0,0,0,Calculator Used,Required information unavailable,16257,6,23
3962,S003963,U003529,2025-06-26 22:23:13,2025-06-26,Email,Mobile,East,18-24,25K-50K,Savings Account,0,8,614,Lead Form Submitted,1,1,1,1,1,,,0,6,26
3963,S003964,U001745,2025-04-01 01:50:24,2025-04-01,Direct,Mobile,Central,35-44,50K-100K,Credit Card,0,2,490,Lead Form Started,1,1,1,1,0,Lead Form Started,Document requirement concern,21337,4,14
3964,S003965,U002200,2025-02-25 16:01:31,2025-02-25,Organic Search,Tablet,North,45-54,100K+,Credit Card,0,2,985,Product Page Viewed,1,0,0,0,0,Product Page Viewed,High interest-rate concern,25923,2,9
3965,S003966,U000738,2025-05-03 23:54:29,2025-05-03,Direct,Desktop,South,25-34,50K-100K,Personal Loan,0,10,1131,Product Page Viewed,1,0,0,0,0,Product Page Viewed,Technical issue,157898,5,18
3966,S003967,U003017,2025-04-30 09:49:18,2025-04-30,Paid Ads,Mobile,South,35-44,25K-50K,Insurance Plan,0,6,771,Product Page Viewed,1,0,0,0,0,Product Page Viewed,Unclear product value,5994,4,18
3967,S003968,U001110,2025-01-28 08:04:55,2025-01-28,Direct,Desktop,South,35-44,50K-100K,Insurance Plan,0,6,1129,Product Page Viewed,1,0,0,0,0,Product Page Viewed,Unclear product value,4616,1,5
3968,S003969,U002554,2025-04-14 03:12:10,2025-04-14,Paid Ads,Mobile,West,35-44,25K-50K,Personal Loan,0,7,69,Product Page Viewed,1,0,0,0,0,Product Page Viewed,Technical issue,108731,4,16
3969,S003970,U000753,2025-05-28 10:40:34,2025-05-28,Paid Ads,Mobile,West,25-34,25K-50K,Insurance Plan,1,5,36,Product Page Viewed,1,0,0,0,0,Product Page Viewed,Unclear product value,10057,5,22
3970,S003971,U000972,2025-05-21 14:51:15,2025-05-21,Email,Mobile,Central,35-44,25K-50K,Savings Account,0,12,956,Lead Form Started,1,1,1,1,0,Lead Form Started,Too many required fields,22201,5,21
3971,S003972,U001483,2025-05-26 23:28:42,2025-05-26,Direct,Mobile,North,18-24,100K+,Savings Account,0,2,373,Product Page Viewed,1,0,0,0,0,Product Page Viewed,High interest-rate concern,19600,5,22
3972,S003973,U003429,2025-04-04 00:49:32,2025-04-04,Social Media,Desktop,East,55+,Below 25K,Credit Card,0,5,175,Product Page Viewed,1,0,0,0,0,Product Page Viewed,High interest-rate concern,21563,4,14
3973,S003974,U003261,2025-03-29 17:02:03,2025-03-29,Referral,Mobile,West,35-44,100K+,Credit Card,0,8,1185,Lead Form Submitted,1,1,1,1,1,,,0,3,13
3974,S003975,U001186,2025-04-24 15:04:01,2025-04-24,Social Media,Desktop,North,45-54,50K-100K,Credit Card,0,3,62,Product Page Viewed,1,0,0,0,0,Product Page Viewed,Technical issue,19817,4,17
3975,S003976,U002771,2025-01-16 16:45:11,2025-01-16,Organic Search,Desktop,Central,35-44,25K-50K,Personal Loan,1,1,164,Product Page Viewed,1,0,0,0,0,Product Page Viewed,Comparing alternatives,83289,1,3
3976,S003977,U002473,2025-04-10 19:51:22,2025-04-10,Social Media,Mobile,North,35-44,25K-50K,Savings Account,0,12,214,Product Page Viewed,1,0,0,0,0,Product Page Viewed,Comparing alternatives,21801,4,15
3977,S003978,U000159,2025-01-24 01:44:51,2025-01-24,Referral,Mobile,West,18-24,Below 25K,Savings Account,0,12,1185,Product Page Viewed,1,0,0,0,0,Product Page Viewed,Technical issue,13322,1,4
3978,S003979,U003257,2025-02-12 17:24:48,2025-02-12,Direct,Desktop,Central,25-34,25K-50K,Savings Account,1,5,387,CTA Clicked,1,1,1,0,0,CTA Clicked,Not ready to apply,18807,2,7
3979,S003980,U002232,2025-02-06 04:29:24,2025-02-06,Email,Desktop,West,25-34,25K-50K,Savings Account,0,1,486,Calculator Used,1,1,0,0,0,Calculator Used,Comparing alternatives,15685,2,6
3980,S003981,U003403,2025-05-11 09:06:11,2025-05-11,Social Media,Desktop,South,45-54,25K-50K,Credit Card,1,3,107,Lead Form Started,1,1,1,1,0,Lead Form Started,Too many required fields,19277,5,19
3981,S003982,U002603,2025-03-22 09:28:27,2025-03-22,Direct,Desktop,West,25-34,100K+,Personal Loan,1,6,1052,Lead Form Submitted,1,1,1,1,1,,,0,3,12
3982,S003983,U000687,2025-05-05 00:12:20,2025-05-05,Email,Desktop,South,55+,Below 25K,Personal Loan,1,11,265,Product Page Viewed,1,0,0,0,0,Product Page Viewed,Comparing alternatives,87391,5,19
3983,S003984,U001967,2025-02-01 02:42:05,2025-02-01,Paid Ads,Mobile,East,45-54,25K-50K,Personal Loan,0,2,998,Product Page Viewed,1,0,0,0,0,Product Page Viewed,Comparing alternatives,78588,2,5
3984,S003985,U000885,2025-01-07 15:47:57,2025-01-07,Email,Mobile,West,35-44,50K-100K,Credit Card,1,12,563,Website Visit,0,0,0,0,0,Website Visit,Not ready to explore,26963,1,2
3985,S003986,U000154,2025-05-09 06:20:53,2025-05-09,Paid Ads,Mobile,South,25-34,100K+,Credit Card,0,5,198,Product Page Viewed,1,0,0,0,0,Product Page Viewed,Technical issue,39788,5,19
3986,S003987,U000721,2025-03-06 06:12:26,2025-03-06,Email,Mobile,North,45-54,25K-50K,Savings Account,0,3,593,Calculator Used,1,1,0,0,0,Calculator Used,Calculator result not attractive,12835,3,10
3987,S003988,U000950,2025-05-07 15:58:47,2025-05-07,Organic Search,Mobile,East,18-24,25K-50K,Personal Loan,0,3,1016,Website Visit,0,0,0,0,0,Website Visit,Slow page load,94309,5,19
3988,S003989,U003893,2025-03-06 06:32:14,2025-03-06,Organic Search,Desktop,Central,25-34,50K-100K,Credit Card,1,8,706,Product Page Viewed,1,0,0,0,0,Product Page Viewed,Comparing alternatives,35161,3,10
3989,S003990,U000939,2025-01-20 14:37:52,2025-01-20,Email,Mobile,North,45-54,Below 25K,Insurance Plan,1,8,298,Product Page Viewed,1,0,0,0,0,Product Page Viewed,High interest-rate concern,4966,1,4
3990,S003991,U003532,2025-06-27 05:33:32,2025-06-27,Social Media,Desktop,Central,35-44,Below 25K,Credit Card,1,3,345,Product Page Viewed,1,0,0,0,0,Product Page Viewed,Comparing alternatives,20061,6,26
3991,S003992,U000587,2025-05-03 03:18:10,2025-05-03,Direct,Mobile,West,25-34,25K-50K,Savings Account,1,8,368,Product Page Viewed,1,0,0,0,0,Product Page Viewed,Comparing alternatives,13454,5,18
3992,S003993,U001097,2025-03-11 07:02:22,2025-03-11,Direct,Tablet,Central,45-54,100K+,Credit Card,0,8,1175,Product Page Viewed,1,0,0,0,0,Product Page Viewed,Comparing alternatives,39099,3,11
3993,S003994,U001193,2025-03-03 03:05:18,2025-03-03,Direct,Mobile,Central,35-44,100K+,Credit Card,0,8,1085,Calculator Used,1,1,0,0,0,Calculator Used,Comparing alternatives,37147,3,10
3994,S003995,U000263,2025-02-08 21:34:08,2025-02-08,Referral,Mobile,South,25-34,Below 25K,Credit Card,1,5,531,Calculator Used,1,1,0,0,0,Calculator Used,Technical issue,24561,2,6
3995,S003996,U003243,2025-06-23 13:52:17,2025-06-23,Direct,Mobile,North,18-24,100K+,Personal Loan,0,2,277,Lead Form Submitted,1,1,1,1,1,,,0,6,26
3996,S003997,U001837,2025-04-27 21:00:26,2025-04-27,Direct,Mobile,East,55+,Below 25K,Savings Account,0,12,812,Product Page Viewed,1,0,0,0,0,Product Page Viewed,High interest-rate concern,18121,4,17
3997,S003998,U000182,2025-06-12 18:21:44,2025-06-12,Paid Ads,Mobile,Central,55+,25K-50K,Savings Account,0,1,548,Product Page Viewed,1,0,0,0,0,Product Page Viewed,Technical issue,10042,6,24
3998,S003999,U000300,2025-06-17 01:20:38,2025-06-17,Organic Search,Mobile,North,25-34,50K-100K,Personal Loan,1,4,696,Lead Form Started,1,1,1,1,0,Lead Form Started,Session timeout,113474,6,25
3999,S004000,U003128,2025-05-28 15:54:18,2025-05-28,Paid Ads,Desktop,Central,25-34,25K-50K,Credit Card,1,2,1094,Calculator Used,1,1,0,0,0,Calculator Used,Technical issue,39683,5,22
4000,S004001,U003309,2025-02-17 09:07:46,2025-02-17,Email,Mobile,South,18-24,25K-50K,Credit Card,0,11,154,Product Page Viewed,1,0,0,0,0,Product Page Viewed,Technical issue,19513,2,8
4001,S004002,U002125,2025-05-16 02:34:05,2025-05-16,Referral,Desktop,West,45-54,25K-50K,Savings Account,0,2,522,Lead Form Submitted,1,1,1,1,1,,,0,5,20
4002,S004003,U001597,2025-04-12 21:23:17,2025-04-12,Paid Ads,Mobile,Central,35-44,25K-50K,Personal Loan,0,12,182,Product Page Viewed,1,0,0,0,0,Product Page Viewed,Technical issue,125320,4,15
4003,S004004,U002764,2025-01-17 04:56:31,2025-01-17,Email,Mobile,North,35-44,25K-50K,Savings Account,0,8,139,Product Page Viewed,1,0,0,0,0,Product Page Viewed,Technical issue,14730,1,3
4004,S004005,U003823,2025-06-27 01:52:59,2025-06-27,Paid Ads,Tablet,Central,25-34,25K-50K,Personal Loan,0,8,774,Calculator Used,1,1,0,0,0,Calculator Used,Required information unavailable,128149,6,26
4005,S004006,U001127,2025-02-24 06:31:18,2025-02-24,Direct,Desktop,West,25-34,50K-100K,Personal Loan,0,10,965,Calculator Used,1,1,0,0,0,Calculator Used,Comparing alternatives,64874,2,9
4006,S004007,U003798,2025-05-21 09:14:50,2025-05-21,Organic Search,Mobile,North,25-34,Below 25K,Credit Card,0,6,683,Product Page Viewed,1,0,0,0,0,Product Page Viewed,Technical issue,20293,5,21
4007,S004008,U003239,2025-03-16 20:00:28,2025-03-16,Direct,Mobile,West,35-44,100K+,Credit Card,0,10,407,CTA Clicked,1,1,1,0,0,CTA Clicked,Form looked too long,23395,3,11
4008,S004009,U001728,2025-04-25 21:13:31,2025-04-25,Organic Search,Desktop,West,25-34,25K-50K,Personal Loan,0,1,259,Calculator Used,1,1,0,0,0,Calculator Used,Calculator result not attractive,125363,4,17
4009,S004010,U002196,2025-06-21 17:27:58,2025-06-21,Direct,Mobile,Central,25-34,25K-50K,Savings Account,0,8,137,Product Page Viewed,1,0,0,0,0,Product Page Viewed,High interest-rate concern,16334,6,25
4010,S004011,U000584,2025-05-24 18:59:31,2025-05-24,Organic Search,Mobile,Central,35-44,Below 25K,Insurance Plan,0,3,296,Product Page Viewed,1,0,0,0,0,Product Page Viewed,Technical issue,10684,5,21
4011,S004012,U001846,2025-06-13 08:30:44,2025-06-13,Email,Desktop,West,25-34,100K+,Savings Account,0,9,520,Product Page Viewed,1,0,0,0,0,Product Page Viewed,Unclear product value,17465,6,24
4012,S004013,U002896,2025-04-10 04:50:40,2025-04-10,Organic Search,Mobile,West,55+,25K-50K,Credit Card,0,6,425,Lead Form Submitted,1,1,1,1,1,,,0,4,15
4013,S004014,U001743,2025-02-21 20:57:01,2025-02-21,Organic Search,Mobile,West,18-24,25K-50K,Savings Account,1,12,1152,Website Visit,0,0,0,0,0,Website Visit,Landing page mismatch,11658,2,8
4014,S004015,U003017,2025-06-09 00:42:51,2025-06-09,Organic Search,Mobile,Central,35-44,25K-50K,Personal Loan,1,12,755,Product Page Viewed,1,0,0,0,0,Product Page Viewed,Technical issue,152424,6,24
4015,S004016,U002630,2025-05-06 07:58:33,2025-05-06,Email,Mobile,North,45-54,100K+,Savings Account,0,1,509,Lead Form Submitted,1,1,1,1,1,,,0,5,19
4016,S004017,U000587,2025-02-15 07:13:57,2025-02-15,Organic Search,Mobile,West,18-24,50K-100K,Insurance Plan,0,10,161,Lead Form Started,1,1,1,1,0,Lead Form Started,Too many required fields,5870,2,7
4017,S004018,U001915,2025-03-24 20:58:50,2025-03-24,Direct,Mobile,North,45-54,50K-100K,Credit Card,0,11,1073,Calculator Used,1,1,0,0,0,Calculator Used,Technical issue,37852,3,13
4018,S004019,U003168,2025-01-30 01:14:32,2025-01-30,Organic Search,Mobile,East,45-54,25K-50K,Personal Loan,0,3,23,Calculator Used,1,1,0,0,0,Calculator Used,Comparing alternatives,111590,1,5
4019,S004020,U000489,2025-06-08 00:59:55,2025-06-08,Organic Search,Mobile,North,25-34,25K-50K,Insurance Plan,0,2,837,Website Visit,0,0,0,0,0,Website Visit,Immediate bounce,6798,6,23
4020,S004021,U002791,2025-02-26 05:05:33,2025-02-26,Email,Desktop,South,18-24,100K+,Personal Loan,1,4,110,Product Page Viewed,1,0,0,0,0,Product Page Viewed,Comparing alternatives,158487,2,9
4021,S004022,U001948,2025-05-01 03:35:24,2025-05-01,Organic Search,Desktop,North,25-34,25K-50K,Credit Card,0,8,47,Product Page Viewed,1,0,0,0,0,Product Page Viewed,Unclear product value,35088,5,18
4022,S004023,U000096,2025-01-23 00:12:55,2025-01-23,Paid Ads,Desktop,West,45-54,25K-50K,Savings Account,1,6,1010,Website Visit,0,0,0,0,0,Website Visit,Landing page mismatch,14196,1,4
4023,S004024,U001826,2025-03-31 21:06:11,2025-03-31,Social Media,Mobile,West,25-34,100K+,Personal Loan,0,7,1093,Product Page Viewed,1,0,0,0,0,Product Page Viewed,Technical issue,100585,3,14
4024,S004025,U000037,2025-02-01 02:37:06,2025-02-01,Direct,Mobile,South,25-34,50K-100K,Insurance Plan,0,9,142,Product Page Viewed,1,0,0,0,0,Product Page Viewed,Unclear product value,7417,2,5
4025,S004026,U002994,2025-02-15 01:20:45,2025-02-15,Social Media,Mobile,South,25-34,100K+,Credit Card,1,6,528,Product Page Viewed,1,0,0,0,0,Product Page Viewed,Unclear product value,21249,2,7
4026,S004027,U001611,2025-05-11 13:26:29,2025-05-11,Direct,Desktop,North,18-24,50K-100K,Credit Card,0,12,735,Product Page Viewed,1,0,0,0,0,Product Page Viewed,Technical issue,29068,5,19
4027,S004028,U003111,2025-05-21 05:26:09,2025-05-21,Organic Search,Desktop,West,25-34,25K-50K,Personal Loan,0,8,756,Calculator Used,1,1,0,0,0,Calculator Used,Required information unavailable,127429,5,21
4028,S004029,U003149,2025-06-25 11:41:00,2025-06-25,Organic Search,Mobile,East,45-54,Below 25K,Personal Loan,1,9,662,Product Page Viewed,1,0,0,0,0,Product Page Viewed,Comparing alternatives,89770,6,26
4029,S004030,U000533,2025-03-14 00:06:09,2025-03-14,Social Media,Desktop,South,45-54,100K+,Credit Card,0,9,1128,Product Page Viewed,1,0,0,0,0,Product Page Viewed,High interest-rate concern,19037,3,11
4030,S004031,U001316,2025-01-25 19:15:44,2025-01-25,Paid Ads,Desktop,North,55+,25K-50K,Savings Account,0,1,833,Calculator Used,1,1,0,0,0,Calculator Used,Comparing alternatives,10876,1,4
4031,S004032,U002488,2025-01-30 13:31:37,2025-01-30,Direct,Desktop,East,45-54,25K-50K,Savings Account,0,10,575,Website Visit,0,0,0,0,0,Website Visit,Slow page load,19706,1,5
4032,S004033,U002622,2025-06-20 00:26:39,2025-06-20,Organic Search,Mobile,North,18-24,Below 25K,Personal Loan,1,2,557,Calculator Used,1,1,0,0,0,Calculator Used,Required information unavailable,93051,6,25
4033,S004034,U001711,2025-02-24 04:02:25,2025-02-24,Organic Search,Mobile,Central,45-54,50K-100K,Credit Card,0,11,355,Calculator Used,1,1,0,0,0,Calculator Used,Calculator result not attractive,18821,2,9
4034,S004035,U001394,2025-01-12 12:43:29,2025-01-12,Referral,Mobile,West,45-54,Below 25K,Credit Card,1,12,178,Website Visit,0,0,0,0,0,Website Visit,Immediate bounce,15855,1,2
4035,S004036,U000457,2025-01-03 10:53:44,2025-01-03,Referral,Tablet,North,35-44,25K-50K,Personal Loan,1,1,909,Calculator Used,1,1,0,0,0,Calculator Used,Calculator result not attractive,146328,1,1
4036,S004037,U002116,2025-05-29 13:17:01,2025-05-29,Direct,Tablet,West,35-44,Below 25K,Credit Card,0,2,814,Product Page Viewed,1,0,0,0,0,Product Page Viewed,High interest-rate concern,35842,5,22
4037,S004038,U000563,2025-01-22 01:34:23,2025-01-22,Paid Ads,Mobile,West,55+,Below 25K,Credit Card,0,1,877,Product Page Viewed,1,0,0,0,0,Product Page Viewed,Technical issue,30529,1,4
4038,S004039,U003722,2025-02-14 20:21:49,2025-02-14,Direct,Mobile,North,18-24,Below 25K,Personal Loan,1,5,341,Lead Form Submitted,1,1,1,1,1,,,0,2,7
4039,S004040,U003278,2025-01-16 04:14:05,2025-01-16,Organic Search,Mobile,West,25-34,50K-100K,Personal Loan,1,8,176,Product Page Viewed,1,0,0,0,0,Product Page Viewed,Comparing alternatives,68182,1,3
4040,S004041,U001820,2025-03-19 11:16:29,2025-03-19,Organic Search,Mobile,West,35-44,100K+,Personal Loan,1,12,32,Lead Form Submitted,1,1,1,1,1,,,0,3,12
4041,S004042,U002309,2025-06-02 17:12:19,2025-06-02,Direct,Mobile,East,25-34,25K-50K,Savings Account,1,10,492,Product Page Viewed,1,0,0,0,0,Product Page Viewed,Technical issue,17079,6,23
4042,S004043,U002827,2025-01-02 19:21:52,2025-01-02,Direct,Mobile,South,25-34,25K-50K,Personal Loan,1,11,728,Lead Form Started,1,1,1,1,0,Lead Form Started,Session timeout,108570,1,1
4043,S004044,U002072,2025-01-08 02:58:56,2025-01-08,Direct,Mobile,West,25-34,50K-100K,Insurance Plan,0,3,723,Lead Form Submitted,1,1,1,1,1,,,0,1,2
4044,S004045,U003950,2025-02-22 09:55:25,2025-02-22,Referral,Desktop,South,45-54,Below 25K,Savings Account,0,1,76,CTA Clicked,1,1,1,0,0,CTA Clicked,Form looked too long,20731,2,8
4045,S004046,U002430,2025-06-18 13:40:24,2025-06-18,Organic Search,Mobile,South,45-54,Below 25K,Savings Account,1,3,1019,Lead Form Submitted,1,1,1,1,1,,,0,6,25
4046,S004047,U003042,2025-06-07 16:28:05,2025-06-07,Organic Search,Tablet,Central,25-34,50K-100K,Insurance Plan,0,12,410,Product Page Viewed,1,0,0,0,0,Product Page Viewed,Technical issue,10255,6,23
4047,S004048,U000811,2025-01-05 14:34:54,2025-01-05,Referral,Mobile,North,35-44,25K-50K,Personal Loan,1,7,761,Product Page Viewed,1,0,0,0,0,Product Page Viewed,Technical issue,139496,1,1
4048,S004049,U002675,2025-05-03 03:27:37,2025-05-03,Paid Ads,Desktop,East,25-34,50K-100K,Insurance Plan,0,2,911,Product Page Viewed,1,0,0,0,0,Product Page Viewed,Unclear product value,7809,5,18
4049,S004050,U001172,2025-03-28 04:52:19,2025-03-28,Referral,Desktop,West,45-54,Below 25K,Credit Card,0,12,721,Website Visit,0,0,0,0,0,Website Visit,Not ready to explore,21970,3,13
4050,S004051,U002317,2025-01-27 09:53:26,2025-01-27,Social Media,Desktop,East,45-54,100K+,Insurance Plan,0,4,155,Product Page Viewed,1,0,0,0,0,Product Page Viewed,Technical issue,7029,1,5
4051,S004052,U003832,2025-05-13 10:54:23,2025-05-13,Email,Mobile,South,25-34,50K-100K,Savings Account,1,10,48,Product Page Viewed,1,0,0,0,0,Product Page Viewed,Unclear product value,18019,5,20
4052,S004053,U003849,2025-03-21 23:27:40,2025-03-21,Organic Search,Mobile,South,18-24,50K-100K,Personal Loan,0,6,1105,Lead Form Started,1,1,1,1,0,Lead Form Started,Too many required fields,157825,3,12
4053,S004054,U002816,2025-03-03 21:41:32,2025-03-03,Direct,Mobile,West,35-44,50K-100K,Credit Card,0,5,264,Website Visit,0,0,0,0,0,Website Visit,Landing page mismatch,15928,3,10
4054,S004055,U002072,2025-04-11 12:35:07,2025-04-11,Email,Mobile,South,35-44,25K-50K,Credit Card,0,11,996,Calculator Used,1,1,0,0,0,Calculator Used,Required information unavailable,35787,4,15
4055,S004056,U001199,2025-03-23 09:24:25,2025-03-23,Direct,Mobile,North,18-24,50K-100K,Savings Account,0,7,397,Product Page Viewed,1,0,0,0,0,Product Page Viewed,High interest-rate concern,21235,3,12
4056,S004057,U002819,2025-03-16 04:24:20,2025-03-16,Paid Ads,Mobile,South,45-54,50K-100K,Personal Loan,0,10,207,Calculator Used,1,1,0,0,0,Calculator Used,Comparing alternatives,96317,3,11
4057,S004058,U001948,2025-04-20 00:27:56,2025-04-20,Referral,Mobile,West,25-34,50K-100K,Credit Card,0,9,1029,CTA Clicked,1,1,1,0,0,CTA Clicked,Privacy concern,21938,4,16
4058,S004059,U002075,2025-03-28 23:52:44,2025-03-28,Paid Ads,Mobile,South,25-34,50K-100K,Personal Loan,0,8,598,Lead Form Submitted,1,1,1,1,1,,,0,3,13
4059,S004060,U001857,2025-04-20 01:20:59,2025-04-20,Paid Ads,Mobile,North,55+,Below 25K,Insurance Plan,0,2,593,Product Page Viewed,1,0,0,0,0,Product Page Viewed,Unclear product value,9615,4,16
4060,S004061,U003183,2025-06-09 04:49:54,2025-06-09,Organic Search,Tablet,Central,25-34,25K-50K,Savings Account,0,1,116,Lead Form Started,1,1,1,1,0,Lead Form Started,Session timeout,21350,6,24
4061,S004062,U003581,2025-03-13 16:16:08,2025-03-13,Paid Ads,Desktop,East,45-54,25K-50K,Savings Account,1,9,110,Product Page Viewed,1,0,0,0,0,Product Page Viewed,Comparing alternatives,20890,3,11
4062,S004063,U001972,2025-03-12 14:31:52,2025-03-12,Social Media,Desktop,West,25-34,25K-50K,Credit Card,0,6,867,Product Page Viewed,1,0,0,0,0,Product Page Viewed,Technical issue,27320,3,11
4063,S004064,U000942,2025-03-16 19:08:51,2025-03-16,Organic Search,Mobile,West,45-54,25K-50K,Personal Loan,0,9,1140,Lead Form Submitted,1,1,1,1,1,,,0,3,11
4064,S004065,U001911,2025-02-23 13:24:26,2025-02-23,Referral,Mobile,North,35-44,25K-50K,Credit Card,1,1,910,Product Page Viewed,1,0,0,0,0,Product Page Viewed,High interest-rate concern,32783,2,8
4065,S004066,U003767,2025-01-21 13:09:53,2025-01-21,Organic Search,Desktop,Central,18-24,50K-100K,Personal Loan,0,10,808,Product Page Viewed,1,0,0,0,0,Product Page Viewed,Comparing alternatives,96778,1,4
4066,S004067,U002482,2025-01-24 16:30:03,2025-01-24,Organic Search,Mobile,West,25-34,25K-50K,Credit Card,0,11,266,Product Page Viewed,1,0,0,0,0,Product Page Viewed,High interest-rate concern,39194,1,4
4067,S004068,U003121,2025-02-16 18:32:13,2025-02-16,Paid Ads,Desktop,West,25-34,50K-100K,Personal Loan,1,1,363,Product Page Viewed,1,0,0,0,0,Product Page Viewed,Comparing alternatives,126822,2,7
4068,S004069,U002792,2025-03-19 20:58:13,2025-03-19,Referral,Desktop,East,35-44,Below 25K,Personal Loan,0,10,103,Calculator Used,1,1,0,0,0,Calculator Used,Comparing alternatives,108600,3,12
4069,S004070,U002971,2025-02-13 11:28:37,2025-02-13,Social Media,Desktop,South,35-44,25K-50K,Credit Card,1,10,766,Lead Form Submitted,1,1,1,1,1,,,0,2,7
4070,S004071,U001657,2025-02-18 23:41:05,2025-02-18,Direct,Desktop,Central,25-34,100K+,Credit Card,1,1,563,Product Page Viewed,1,0,0,0,0,Product Page Viewed,Comparing alternatives,15978,2,8
4071,S004072,U001546,2025-02-23 16:40:53,2025-02-23,Direct,Desktop,East,35-44,Below 25K,Insurance Plan,0,6,228,Product Page Viewed,1,0,0,0,0,Product Page Viewed,Unclear product value,7643,2,8
4072,S004073,U000556,2025-04-27 20:40:35,2025-04-27,Paid Ads,Mobile,East,25-34,50K-100K,Insurance Plan,0,12,44,Lead Form Submitted,1,1,1,1,1,,,0,4,17
4073,S004074,U001610,2025-05-28 13:44:56,2025-05-28,Organic Search,Mobile,East,35-44,25K-50K,Savings Account,0,8,1003,Product Page Viewed,1,0,0,0,0,Product Page Viewed,High interest-rate concern,10758,5,22
4074,S004075,U001017,2025-01-22 06:00:05,2025-01-22,Paid Ads,Desktop,East,25-34,50K-100K,Credit Card,0,2,921,Website Visit,0,0,0,0,0,Website Visit,Landing page mismatch,24870,1,4
4075,S004076,U001698,2025-05-03 08:38:11,2025-05-03,Email,Desktop,North,45-54,25K-50K,Personal Loan,0,9,63,Calculator Used,1,1,0,0,0,Calculator Used,Required information unavailable,134163,5,18
4076,S004077,U000640,2025-02-23 12:02:38,2025-02-23,Organic Search,Tablet,South,25-34,50K-100K,Personal Loan,0,2,1012,Product Page Viewed,1,0,0,0,0,Product Page Viewed,Unclear product value,149604,2,8
4077,S004078,U001784,2025-03-14 17:36:45,2025-03-14,Organic Search,Desktop,South,25-34,25K-50K,Savings Account,1,3,1010,Lead Form Submitted,1,1,1,1,1,,,0,3,11
4078,S004079,U000764,2025-01-11 17:27:20,2025-01-11,Direct,Mobile,North,55+,50K-100K,Savings Account,0,9,247,Lead Form Submitted,1,1,1,1,1,,,0,1,2
4079,S004080,U001751,2025-05-07 03:01:53,2025-05-07,Organic Search,Mobile,East,45-54,100K+,Credit Card,0,11,198,Calculator Used,1,1,0,0,0,Calculator Used,Calculator result not attractive,21680,5,19
4080,S004081,U002778,2025-02-01 06:33:01,2025-02-01,Referral,Mobile,West,25-34,100K+,Insurance Plan,1,4,792,Lead Form Submitted,1,1,1,1,1,,,0,2,5
4081,S004082,U000456,2025-02-11 15:06:42,2025-02-11,Organic Search,Mobile,North,18-24,25K-50K,Personal Loan,0,9,97,Product Page Viewed,1,0,0,0,0,Product Page Viewed,High interest-rate concern,75652,2,7
4082,S004083,U001685,2025-02-09 01:54:00,2025-02-09,Paid Ads,Mobile,North,18-24,Below 25K,Insurance Plan,1,5,107,Product Page Viewed,1,0,0,0,0,Product Page Viewed,Comparing alternatives,6258,2,6
4083,S004084,U002776,2025-02-02 12:41:29,2025-02-02,Direct,Mobile,West,55+,25K-50K,Personal Loan,1,10,289,Product Page Viewed,1,0,0,0,0,Product Page Viewed,High interest-rate concern,65232,2,5
4084,S004085,U001117,2025-04-03 00:32:41,2025-04-03,Organic Search,Mobile,East,25-34,25K-50K,Insurance Plan,0,7,1003,Calculator Used,1,1,0,0,0,Calculator Used,Comparing alternatives,4509,4,14
4085,S004086,U003037,2025-02-18 14:24:05,2025-02-18,Referral,Desktop,East,25-34,50K-100K,Personal Loan,1,2,456,Lead Form Submitted,1,1,1,1,1,,,0,2,8
4086,S004087,U002750,2025-02-23 09:56:10,2025-02-23,Referral,Mobile,Central,55+,50K-100K,Savings Account,0,8,331,Calculator Used,1,1,0,0,0,Calculator Used,Calculator result not attractive,13740,2,8
4087,S004088,U003183,2025-02-26 11:01:56,2025-02-26,Paid Ads,Mobile,North,25-34,100K+,Insurance Plan,1,8,608,CTA Clicked,1,1,1,0,0,CTA Clicked,Privacy concern,9178,2,9
4088,S004089,U001030,2025-06-03 07:03:41,2025-06-03,Social Media,Desktop,East,45-54,Below 25K,Credit Card,0,7,76,Website Visit,0,0,0,0,0,Website Visit,Immediate bounce,38631,6,23
4089,S004090,U002079,2025-02-04 04:22:55,2025-02-04,Referral,Desktop,East,25-34,50K-100K,Credit Card,0,12,169,Product Page Viewed,1,0,0,0,0,Product Page Viewed,Unclear product value,32767,2,6
4090,S004091,U003023,2025-03-14 09:02:50,2025-03-14,Paid Ads,Tablet,West,35-44,100K+,Savings Account,1,11,524,Calculator Used,1,1,0,0,0,Calculator Used,Required information unavailable,21528,3,11
4091,S004092,U003939,2025-05-08 09:46:34,2025-05-08,Email,Desktop,South,35-44,Below 25K,Personal Loan,0,9,448,Calculator Used,1,1,0,0,0,Calculator Used,Calculator result not attractive,128120,5,19
4092,S004093,U001063,2025-06-16 02:41:59,2025-06-16,Paid Ads,Mobile,East,18-24,50K-100K,Credit Card,0,1,830,Calculator Used,1,1,0,0,0,Calculator Used,Calculator result not attractive,27206,6,25
4093,S004094,U003159,2025-02-01 09:33:21,2025-02-01,Direct,Desktop,West,25-34,50K-100K,Personal Loan,0,4,1039,Lead Form Submitted,1,1,1,1,1,,,0,2,5
4094,S004095,U002651,2025-03-19 17:42:29,2025-03-19,Referral,Mobile,West,35-44,Below 25K,Personal Loan,0,5,821,Product Page Viewed,1,0,0,0,0,Product Page Viewed,Unclear product value,146577,3,12
4095,S004096,U000871,2025-01-02 00:37:11,2025-01-02,Referral,Desktop,North,25-34,Below 25K,Personal Loan,0,4,126,Website Visit,0,0,0,0,0,Website Visit,Immediate bounce,76100,1,1
4096,S004097,U002735,2025-06-17 05:05:41,2025-06-17,Referral,Tablet,South,45-54,25K-50K,Personal Loan,1,8,833,Lead Form Submitted,1,1,1,1,1,,,0,6,25
4097,S004098,U002446,2025-04-04 11:41:53,2025-04-04,Organic Search,Mobile,West,25-34,25K-50K,Credit Card,0,3,107,Product Page Viewed,1,0,0,0,0,Product Page Viewed,Technical issue,17803,4,14
4098,S004099,U000337,2025-05-11 01:00:19,2025-05-11,Referral,Mobile,South,35-44,25K-50K,Savings Account,0,2,265,CTA Clicked,1,1,1,0,0,CTA Clicked,Privacy concern,15491,5,19
4099,S004100,U000440,2025-02-16 14:50:06,2025-02-16,Paid Ads,Desktop,South,25-34,Below 25K,Insurance Plan,0,7,168,Product Page Viewed,1,0,0,0,0,Product Page Viewed,Technical issue,6097,2,7
4100,S004101,U002403,2025-04-02 15:23:45,2025-04-02,Direct,Mobile,North,18-24,50K-100K,Personal Loan,0,10,117,Website Visit,0,0,0,0,0,Website Visit,Landing page mismatch,93692,4,14
4101,S004102,U003482,2025-06-17 13:35:29,2025-06-17,Organic Search,Desktop,South,25-34,Below 25K,Insurance Plan,1,4,306,Product Page Viewed,1,0,0,0,0,Product Page Viewed,High interest-rate concern,7845,6,25
4102,S004103,U001439,2025-03-20 16:56:14,2025-03-20,Social Media,Mobile,East,45-54,100K+,Credit Card,0,1,899,Product Page Viewed,1,0,0,0,0,Product Page Viewed,Unclear product value,29839,3,12
4103,S004104,U000111,2025-03-31 04:12:27,2025-03-31,Paid Ads,Desktop,West,45-54,50K-100K,Personal Loan,0,7,383,Website Visit,0,0,0,0,0,Website Visit,Slow page load,112237,3,14
4104,S004105,U003298,2025-03-19 15:42:14,2025-03-19,Social Media,Mobile,North,18-24,25K-50K,Insurance Plan,0,10,23,Product Page Viewed,1,0,0,0,0,Product Page Viewed,High interest-rate concern,8465,3,12
4105,S004106,U002017,2025-03-06 08:01:06,2025-03-06,Direct,Desktop,West,55+,100K+,Savings Account,0,9,909,Website Visit,0,0,0,0,0,Website Visit,Landing page mismatch,21146,3,10
4106,S004107,U002107,2025-05-28 18:49:41,2025-05-28,Paid Ads,Mobile,West,45-54,50K-100K,Savings Account,1,9,846,Calculator Used,1,1,0,0,0,Calculator Used,Comparing alternatives,14607,5,22
4107,S004108,U002531,2025-06-27 23:58:39,2025-06-27,Paid Ads,Mobile,Central,45-54,50K-100K,Savings Account,0,11,775,CTA Clicked,1,1,1,0,0,CTA Clicked,Privacy concern,11833,6,26
4108,S004109,U000059,2025-02-20 09:08:50,2025-02-20,Social Media,Desktop,North,25-34,Below 25K,Insurance Plan,1,12,717,CTA Clicked,1,1,1,0,0,CTA Clicked,Privacy concern,10180,2,8
4109,S004110,U002712,2025-02-13 14:08:34,2025-02-13,Social Media,Mobile,West,18-24,50K-100K,Personal Loan,0,1,1084,Calculator Used,1,1,0,0,0,Calculator Used,Required information unavailable,141101,2,7
4110,S004111,U003195,2025-05-12 20:36:54,2025-05-12,Organic Search,Mobile,South,25-34,25K-50K,Personal Loan,0,11,532,Product Page Viewed,1,0,0,0,0,Product Page Viewed,Unclear product value,138171,5,20
4111,S004112,U000577,2025-03-16 18:00:50,2025-03-16,Organic Search,Tablet,South,35-44,100K+,Personal Loan,0,4,949,Lead Form Submitted,1,1,1,1,1,,,0,3,11
4112,S004113,U002312,2025-05-13 19:12:05,2025-05-13,Direct,Mobile,West,35-44,25K-50K,Credit Card,0,5,442,Lead Form Started,1,1,1,1,0,Lead Form Started,Session timeout,34682,5,20
4113,S004114,U000978,2025-03-11 08:36:55,2025-03-11,Referral,Mobile,West,35-44,100K+,Credit Card,0,12,400,Product Page Viewed,1,0,0,0,0,Product Page Viewed,Technical issue,32022,3,11
4114,S004115,U000279,2025-06-19 16:23:56,2025-06-19,Direct,Desktop,North,35-44,25K-50K,Personal Loan,1,6,78,CTA Clicked,1,1,1,0,0,CTA Clicked,Form looked too long,80987,6,25
4115,S004116,U001300,2025-04-22 21:57:25,2025-04-22,Paid Ads,Mobile,West,35-44,100K+,Savings Account,1,11,468,Website Visit,0,0,0,0,0,Website Visit,Slow page load,14315,4,17
4116,S004117,U002478,2025-06-07 23:25:18,2025-06-07,Paid Ads,Tablet,South,25-34,100K+,Personal Loan,0,6,65,Calculator Used,1,1,0,0,0,Calculator Used,Technical issue,106272,6,23
4117,S004118,U001079,2025-01-25 09:56:27,2025-01-25,Paid Ads,Desktop,South,35-44,50K-100K,Credit Card,0,1,787,Calculator Used,1,1,0,0,0,Calculator Used,Required information unavailable,28007,1,4
4118,S004119,U000839,2025-04-05 10:17:35,2025-04-05,Email,Desktop,South,25-34,25K-50K,Personal Loan,0,7,141,Product Page Viewed,1,0,0,0,0,Product Page Viewed,Comparing alternatives,74402,4,14
4119,S004120,U004050,2025-02-22 03:52:02,2025-02-22,Email,Mobile,West,35-44,50K-100K,Personal Loan,0,8,567,Website Visit,0,0,0,0,0,Website Visit,Landing page mismatch,93226,2,8
4120,S004121,U001042,2025-03-19 06:27:57,2025-03-19,Paid Ads,Mobile,South,25-34,25K-50K,Personal Loan,0,3,792,Product Page Viewed,1,0,0,0,0,Product Page Viewed,Comparing alternatives,153985,3,12
4121,S004122,U000377,2025-06-06 19:27:29,2025-06-06,Paid Ads,Mobile,East,35-44,Below 25K,Credit Card,1,8,415,Calculator Used,1,1,0,0,0,Calculator Used,Comparing alternatives,36479,6,23
4122,S004123,U002285,2025-06-17 04:43:43,2025-06-17,Organic Search,Desktop,West,35-44,25K-50K,Credit Card,0,1,1078,Product Page Viewed,1,0,0,0,0,Product Page Viewed,Unclear product value,35677,6,25
4123,S004124,U001554,2025-05-26 07:23:30,2025-05-26,Direct,Mobile,West,55+,25K-50K,Credit Card,1,3,700,Product Page Viewed,1,0,0,0,0,Product Page Viewed,High interest-rate concern,25835,5,22
4124,S004125,U001757,2025-03-10 20:59:57,2025-03-10,Paid Ads,Mobile,West,25-34,Below 25K,Credit Card,0,10,182,Product Page Viewed,1,0,0,0,0,Product Page Viewed,Technical issue,21145,3,11
4125,S004126,U002049,2025-05-04 20:33:39,2025-05-04,Email,Desktop,Central,35-44,Below 25K,Personal Loan,0,9,101,Calculator Used,1,1,0,0,0,Calculator Used,Comparing alternatives,123852,5,18
4126,S004127,U003767,2025-06-22 20:46:26,2025-06-22,Direct,Mobile,North,25-34,Below 25K,Savings Account,0,12,234,Product Page Viewed,1,0,0,0,0,Product Page Viewed,High interest-rate concern,16344,6,25
4127,S004128,U001757,2025-02-03 23:32:45,2025-02-03,Social Media,Mobile,North,55+,100K+,Credit Card,1,1,913,Product Page Viewed,1,0,0,0,0,Product Page Viewed,Comparing alternatives,30720,2,6
4128,S004129,U002028,2025-04-17 19:38:45,2025-04-17,Referral,Mobile,East,55+,25K-50K,Credit Card,0,10,242,Lead Form Submitted,1,1,1,1,1,,,0,4,16
4129,S004130,U002923,2025-01-30 17:35:23,2025-01-30,Organic Search,Desktop,West,25-34,50K-100K,Personal Loan,0,6,485,Product Page Viewed,1,0,0,0,0,Product Page Viewed,Unclear product value,139552,1,5
4130,S004131,U001359,2025-04-27 16:31:26,2025-04-27,Paid Ads,Mobile,North,35-44,100K+,Insurance Plan,0,11,1097,Product Page Viewed,1,0,0,0,0,Product Page Viewed,Unclear product value,7959,4,17
4131,S004132,U000757,2025-06-16 03:51:46,2025-06-16,Organic Search,Mobile,Central,25-34,25K-50K,Credit Card,0,9,1185,Product Page Viewed,1,0,0,0,0,Product Page Viewed,Technical issue,19157,6,25
4132,S004133,U002303,2025-03-22 02:51:38,2025-03-22,Organic Search,Mobile,West,45-54,50K-100K,Credit Card,1,5,409,Product Page Viewed,1,0,0,0,0,Product Page Viewed,Technical issue,35291,3,12
4133,S004134,U000236,2025-03-30 15:03:30,2025-03-30,Direct,Mobile,North,25-34,100K+,Insurance Plan,0,2,967,Product Page Viewed,1,0,0,0,0,Product Page Viewed,High interest-rate concern,7941,3,13
4134,S004135,U000333,2025-05-17 05:50:06,2025-05-17,Social Media,Mobile,West,55+,50K-100K,Insurance Plan,0,3,307,Product Page Viewed,1,0,0,0,0,Product Page Viewed,Comparing alternatives,6940,5,20
4135,S004136,U001558,2025-06-21 05:39:51,2025-06-21,Referral,Mobile,Central,25-34,25K-50K,Personal Loan,0,11,157,Lead Form Submitted,1,1,1,1,1,,,0,6,25
4136,S004137,U003147,2025-02-14 06:54:06,2025-02-14,Direct,Mobile,Central,35-44,25K-50K,Credit Card,1,8,659,Lead Form Submitted,1,1,1,1,1,,,0,2,7
4137,S004138,U003747,2025-04-21 12:55:36,2025-04-21,Organic Search,Desktop,East,25-34,25K-50K,Savings Account,0,8,137,Product Page Viewed,1,0,0,0,0,Product Page Viewed,Technical issue,15747,4,17
4138,S004139,U003924,2025-04-09 22:37:45,2025-04-09,Organic Search,Mobile,North,35-44,25K-50K,Insurance Plan,0,11,672,Lead Form Submitted,1,1,1,1,1,,,0,4,15
4139,S004140,U003260,2025-05-17 22:28:58,2025-05-17,Organic Search,Desktop,East,35-44,25K-50K,Personal Loan,0,12,1108,Lead Form Submitted,1,1,1,1,1,,,0,5,20
4140,S004141,U000272,2025-04-08 21:31:58,2025-04-08,Paid Ads,Desktop,North,18-24,100K+,Personal Loan,1,8,619,Lead Form Submitted,1,1,1,1,1,,,0,4,15
4141,S004142,U000682,2025-06-20 11:16:45,2025-06-20,Social Media,Mobile,North,25-34,100K+,Credit Card,0,12,699,Website Visit,0,0,0,0,0,Website Visit,Landing page mismatch,27748,6,25
4142,S004143,U004136,2025-03-05 06:54:44,2025-03-05,Direct,Desktop,South,35-44,Below 25K,Savings Account,1,2,531,Product Page Viewed,1,0,0,0,0,Product Page Viewed,Unclear product value,16448,3,10
4143,S004144,U003828,2025-06-06 07:21:02,2025-06-06,Direct,Mobile,North,35-44,Below 25K,Credit Card,0,12,637,Calculator Used,1,1,0,0,0,Calculator Used,Calculator result not attractive,27684,6,23
4144,S004145,U002710,2025-01-29 05:46:46,2025-01-29,Paid Ads,Mobile,North,18-24,25K-50K,Personal Loan,0,2,90,Website Visit,0,0,0,0,0,Website Visit,Landing page mismatch,155964,1,5
4145,S004146,U000921,2025-03-10 05:31:27,2025-03-10,Organic Search,Mobile,South,45-54,50K-100K,Personal Loan,0,4,711,Product Page Viewed,1,0,0,0,0,Product Page Viewed,Technical issue,123308,3,11
4146,S004147,U001364,2025-05-16 23:15:34,2025-05-16,Direct,Desktop,South,25-34,50K-100K,Personal Loan,0,12,912,Website Visit,0,0,0,0,0,Website Visit,Slow page load,70195,5,20
4147,S004148,U003277,2025-04-04 03:48:18,2025-04-04,Direct,Desktop,East,35-44,25K-50K,Credit Card,0,8,431,Calculator Used,1,1,0,0,0,Calculator Used,Calculator result not attractive,33849,4,14
4148,S004149,U000146,2025-03-15 23:08:44,2025-03-15,Organic Search,Mobile,West,55+,25K-50K,Credit Card,0,8,393,Lead Form Submitted,1,1,1,1,1,,,0,3,11
4149,S004150,U002028,2025-01-04 10:38:04,2025-01-04,Paid Ads,Mobile,Central,25-34,25K-50K,Credit Card,1,8,1070,Lead Form Submitted,1,1,1,1,1,,,0,1,1
4150,S004151,U001650,2025-01-07 19:56:32,2025-01-07,Organic Search,Desktop,Central,25-34,50K-100K,Personal Loan,1,9,669,Lead Form Submitted,1,1,1,1,1,,,0,1,2
4151,S004152,U002512,2025-01-07 15:06:49,2025-01-07,Referral,Mobile,West,25-34,Below 25K,Credit Card,0,4,571,Product Page Viewed,1,0,0,0,0,Product Page Viewed,Unclear product value,30289,1,2
4152,S004153,U003422,2025-04-21 18:38:30,2025-04-21,Organic Search,Desktop,West,35-44,25K-50K,Credit Card,0,9,740,Product Page Viewed,1,0,0,0,0,Product Page Viewed,Comparing alternatives,24997,4,17
4153,S004154,U002544,2025-05-04 02:07:27,2025-05-04,Social Media,Desktop,East,45-54,Below 25K,Insurance Plan,0,7,876,CTA Clicked,1,1,1,0,0,CTA Clicked,Technical issue,9608,5,18
4154,S004155,U003350,2025-05-23 23:48:41,2025-05-23,Direct,Desktop,South,18-24,25K-50K,Personal Loan,1,4,801,Product Page Viewed,1,0,0,0,0,Product Page Viewed,Comparing alternatives,148091,5,21
4155,S004156,U000567,2025-05-04 00:54:50,2025-05-04,Referral,Desktop,West,35-44,50K-100K,Savings Account,0,2,119,Calculator Used,1,1,0,0,0,Calculator Used,Technical issue,21125,5,18
4156,S004157,U001231,2025-04-10 13:59:43,2025-04-10,Paid Ads,Desktop,West,35-44,25K-50K,Insurance Plan,0,11,574,Product Page Viewed,1,0,0,0,0,Product Page Viewed,Unclear product value,7926,4,15
4157,S004158,U002613,2025-05-25 16:26:21,2025-05-25,Organic Search,Desktop,North,25-34,100K+,Insurance Plan,1,12,498,Calculator Used,1,1,0,0,0,Calculator Used,Technical issue,7425,5,21
4158,S004159,U002573,2025-01-18 16:55:42,2025-01-18,Direct,Mobile,West,25-34,25K-50K,Credit Card,1,5,1066,Calculator Used,1,1,0,0,0,Calculator Used,Calculator result not attractive,34761,1,3
4159,S004160,U002094,2025-03-28 17:41:22,2025-03-28,Organic Search,Mobile,South,35-44,25K-50K,Personal Loan,1,8,1200,Product Page Viewed,1,0,0,0,0,Product Page Viewed,Unclear product value,78348,3,13
4160,S004161,U003110,2025-05-14 09:05:11,2025-05-14,Organic Search,Desktop,South,25-34,25K-50K,Credit Card,0,5,707,Product Page Viewed,1,0,0,0,0,Product Page Viewed,Comparing alternatives,36587,5,20
4161,S004162,U003401,2025-03-28 19:25:57,2025-03-28,Paid Ads,Mobile,North,25-34,25K-50K,Personal Loan,1,10,192,Product Page Viewed,1,0,0,0,0,Product Page Viewed,Technical issue,145245,3,13
4162,S004163,U000537,2025-01-05 18:14:52,2025-01-05,Paid Ads,Desktop,East,35-44,100K+,Personal Loan,0,2,636,Calculator Used,1,1,0,0,0,Calculator Used,Required information unavailable,97461,1,1
4163,S004164,U000031,2025-05-31 21:02:17,2025-05-31,Direct,Desktop,East,35-44,50K-100K,Personal Loan,1,9,580,Lead Form Submitted,1,1,1,1,1,,,0,5,22
4164,S004165,U001573,2025-02-15 10:44:55,2025-02-15,Paid Ads,Tablet,West,18-24,25K-50K,Credit Card,0,7,344,Product Page Viewed,1,0,0,0,0,Product Page Viewed,High interest-rate concern,29704,2,7
4165,S004166,U002349,2025-02-27 10:58:00,2025-02-27,Social Media,Mobile,East,35-44,50K-100K,Credit Card,1,7,1037,Calculator Used,1,1,0,0,0,Calculator Used,Required information unavailable,32467,2,9
4166,S004167,U000853,2025-05-31 10:11:30,2025-05-31,Email,Mobile,East,18-24,25K-50K,Personal Loan,0,10,988,Product Page Viewed,1,0,0,0,0,Product Page Viewed,Unclear product value,81574,5,22
4167,S004168,U003478,2025-06-05 01:22:31,2025-06-05,Email,Mobile,North,35-44,25K-50K,Savings Account,0,11,317,Product Page Viewed,1,0,0,0,0,Product Page Viewed,Unclear product value,10672,6,23
4168,S004169,U002846,2025-02-16 19:32:34,2025-02-16,Direct,Desktop,North,35-44,25K-50K,Personal Loan,0,3,936,Product Page Viewed,1,0,0,0,0,Product Page Viewed,Technical issue,75257,2,7
4169,S004170,U001351,2025-06-21 21:54:57,2025-06-21,Organic Search,Tablet,East,25-34,25K-50K,Savings Account,0,1,711,Product Page Viewed,1,0,0,0,0,Product Page Viewed,Comparing alternatives,12869,6,25
4170,S004171,U000503,2025-01-31 08:24:47,2025-01-31,Direct,Tablet,West,25-34,50K-100K,Credit Card,0,4,891,Lead Form Submitted,1,1,1,1,1,,,0,1,5
4171,S004172,U000745,2025-05-06 11:51:36,2025-05-06,Organic Search,Mobile,West,35-44,50K-100K,Credit Card,1,6,327,CTA Clicked,1,1,1,0,0,CTA Clicked,Not ready to apply,37215,5,19
4172,S004173,U003253,2025-06-24 11:08:45,2025-06-24,Referral,Desktop,Central,35-44,25K-50K,Personal Loan,0,3,737,Lead Form Submitted,1,1,1,1,1,,,0,6,26
4173,S004174,U001243,2025-05-07 16:22:16,2025-05-07,Organic Search,Desktop,North,55+,Below 25K,Credit Card,0,1,932,Product Page Viewed,1,0,0,0,0,Product Page Viewed,Unclear product value,24556,5,19
4174,S004175,U002528,2025-06-18 08:34:30,2025-06-18,Referral,Mobile,East,35-44,25K-50K,Personal Loan,0,3,583,Lead Form Submitted,1,1,1,1,1,,,0,6,25
4175,S004176,U000395,2025-05-31 09:28:35,2025-05-31,Direct,Desktop,North,18-24,25K-50K,Insurance Plan,0,12,557,Website Visit,0,0,0,0,0,Website Visit,Slow page load,8362,5,22
4176,S004177,U003637,2025-01-09 07:56:11,2025-01-09,Direct,Mobile,South,25-34,50K-100K,Insurance Plan,1,3,880,CTA Clicked,1,1,1,0,0,CTA Clicked,Not ready to apply,8376,1,2
4177,S004178,U003972,2025-03-23 06:18:01,2025-03-23,Paid Ads,Mobile,North,45-54,100K+,Credit Card,0,8,576,Product Page Viewed,1,0,0,0,0,Product Page Viewed,Technical issue,30057,3,12
4178,S004179,U002554,2025-02-10 14:54:41,2025-02-10,Email,Mobile,South,55+,50K-100K,Insurance Plan,0,6,1024,Calculator Used,1,1,0,0,0,Calculator Used,Technical issue,9701,2,7
4179,S004180,U002816,2025-05-15 18:11:50,2025-05-15,Referral,Mobile,Central,35-44,50K-100K,Credit Card,0,10,737,Lead Form Started,1,1,1,1,0,Lead Form Started,Too many required fields,34474,5,20
4180,S004181,U001213,2025-03-31 20:06:36,2025-03-31,Paid Ads,Mobile,South,35-44,100K+,Insurance Plan,0,12,263,Product Page Viewed,1,0,0,0,0,Product Page Viewed,High interest-rate concern,7417,3,14
4181,S004182,U002820,2025-01-25 14:46:54,2025-01-25,Organic Search,Desktop,North,25-34,100K+,Credit Card,0,8,679,Product Page Viewed,1,0,0,0,0,Product Page Viewed,High interest-rate concern,33516,1,4
4182,S004183,U002955,2025-03-29 05:43:52,2025-03-29,Organic Search,Mobile,West,25-34,25K-50K,Credit Card,0,1,216,Lead Form Started,1,1,1,1,0,Lead Form Started,Technical issue,31459,3,13
4183,S004184,U001838,2025-06-29 17:01:50,2025-06-29,Paid Ads,Mobile,South,18-24,100K+,Credit Card,1,4,1031,Lead Form Started,1,1,1,1,0,Lead Form Started,Document requirement concern,35722,6,26
4184,S004185,U000796,2025-06-19 20:20:15,2025-06-19,Organic Search,Mobile,West,35-44,100K+,Personal Loan,0,6,335,Website Visit,0,0,0,0,0,Website Visit,Landing page mismatch,89251,6,25
4185,S004186,U001864,2025-01-15 01:35:59,2025-01-15,Organic Search,Mobile,South,18-24,50K-100K,Personal Loan,0,1,1200,Product Page Viewed,1,0,0,0,0,Product Page Viewed,Unclear product value,98856,1,3
4186,S004187,U001965,2025-06-01 03:11:20,2025-06-01,Social Media,Mobile,East,18-24,Below 25K,Personal Loan,0,7,1122,Product Page Viewed,1,0,0,0,0,Product Page Viewed,Technical issue,147293,6,22
4187,S004188,U002347,2025-02-10 19:58:13,2025-02-10,Referral,Mobile,West,35-44,Below 25K,Personal Loan,0,1,978,Lead Form Submitted,1,1,1,1,1,,,0,2,7
4188,S004189,U001286,2025-04-02 11:09:13,2025-04-02,Email,Mobile,North,25-34,50K-100K,Personal Loan,0,2,15,Calculator Used,1,1,0,0,0,Calculator Used,Required information unavailable,97694,4,14
4189,S004190,U000564,2025-06-07 04:11:44,2025-06-07,Referral,Mobile,East,18-24,25K-50K,Personal Loan,0,7,513,Product Page Viewed,1,0,0,0,0,Product Page Viewed,Technical issue,135051,6,23
4190,S004191,U002760,2025-03-30 16:26:04,2025-03-30,Organic Search,Desktop,South,45-54,50K-100K,Insurance Plan,0,2,322,Product Page Viewed,1,0,0,0,0,Product Page Viewed,Technical issue,8938,3,13
4191,S004192,U003390,2025-03-24 14:43:08,2025-03-24,Paid Ads,Mobile,West,45-54,25K-50K,Personal Loan,0,7,295,Product Page Viewed,1,0,0,0,0,Product Page Viewed,Technical issue,69209,3,13
4192,S004193,U003808,2025-03-29 13:49:04,2025-03-29,Organic Search,Mobile,East,35-44,25K-50K,Personal Loan,0,6,42,Product Page Viewed,1,0,0,0,0,Product Page Viewed,Comparing alternatives,67439,3,13
4193,S004194,U003648,2025-06-16 08:22:51,2025-06-16,Direct,Mobile,East,25-34,25K-50K,Credit Card,1,2,781,CTA Clicked,1,1,1,0,0,CTA Clicked,Not ready to apply,27771,6,25
4194,S004195,U001915,2025-05-24 23:41:27,2025-05-24,Paid Ads,Mobile,East,25-34,50K-100K,Credit Card,0,12,538,Product Page Viewed,1,0,0,0,0,Product Page Viewed,Comparing alternatives,21687,5,21
4195,S004196,U002360,2025-03-25 05:24:46,2025-03-25,Paid Ads,Mobile,South,45-54,50K-100K,Credit Card,1,3,728,Lead Form Submitted,1,1,1,1,1,,,0,3,13
4196,S004197,U000241,2025-03-22 18:42:41,2025-03-22,Paid Ads,Mobile,East,45-54,Below 25K,Personal Loan,0,7,970,Product Page Viewed,1,0,0,0,0,Product Page Viewed,Technical issue,151402,3,12
4197,S004198,U004169,2025-04-29 02:33:51,2025-04-29,Paid Ads,Mobile,Central,45-54,100K+,Credit Card,0,10,177,Calculator Used,1,1,0,0,0,Calculator Used,Comparing alternatives,34597,4,18
4198,S004199,U000796,2025-01-23 13:19:00,2025-01-23,Organic Search,Mobile,North,25-34,50K-100K,Savings Account,0,1,704,Product Page Viewed,1,0,0,0,0,Product Page Viewed,High interest-rate concern,12339,1,4
4199,S004200,U000828,2025-04-20 02:34:38,2025-04-20,Paid Ads,Tablet,North,25-34,50K-100K,Credit Card,0,9,50,Product Page Viewed,1,0,0,0,0,Product Page Viewed,Technical issue,25220,4,16
4200,S004201,U001881,2025-02-27 05:03:52,2025-02-27,Paid Ads,Tablet,West,45-54,50K-100K,Savings Account,1,10,993,Product Page Viewed,1,0,0,0,0,Product Page Viewed,High interest-rate concern,18965,2,9
4201,S004202,U000774,2025-02-05 06:37:29,2025-02-05,Referral,Desktop,North,35-44,50K-100K,Personal Loan,1,5,1199,Website Visit,0,0,0,0,0,Website Visit,Immediate bounce,69996,2,6
4202,S004203,U002956,2025-03-11 18:27:21,2025-03-11,Social Media,Mobile,North,25-34,25K-50K,Personal Loan,0,9,177,Website Visit,0,0,0,0,0,Website Visit,Slow page load,100876,3,11
4203,S004204,U003022,2025-05-13 02:58:00,2025-05-13,Email,Mobile,West,25-34,25K-50K,Personal Loan,1,1,743,Product Page Viewed,1,0,0,0,0,Product Page Viewed,Technical issue,82162,5,20
4204,S004205,U002803,2025-03-11 04:33:53,2025-03-11,Direct,Desktop,South,45-54,25K-50K,Personal Loan,0,5,657,Lead Form Submitted,1,1,1,1,1,,,0,3,11
4205,S004206,U003763,2025-04-19 13:51:10,2025-04-19,Organic Search,Mobile,East,25-34,25K-50K,Savings Account,0,10,109,CTA Clicked,1,1,1,0,0,CTA Clicked,Form looked too long,17997,4,16
4206,S004207,U003024,2025-03-23 10:39:23,2025-03-23,Organic Search,Desktop,East,35-44,50K-100K,Insurance Plan,0,9,1155,Lead Form Submitted,1,1,1,1,1,,,0,3,12
4207,S004208,U000241,2025-05-23 09:26:02,2025-05-23,Referral,Mobile,West,25-34,25K-50K,Insurance Plan,0,1,825,Calculator Used,1,1,0,0,0,Calculator Used,Comparing alternatives,5281,5,21
4208,S004209,U003363,2025-02-20 20:36:39,2025-02-20,Organic Search,Mobile,East,45-54,50K-100K,Insurance Plan,0,9,186,Product Page Viewed,1,0,0,0,0,Product Page Viewed,Technical issue,10626,2,8
4209,S004210,U004140,2025-03-18 10:49:30,2025-03-18,Direct,Mobile,East,25-34,50K-100K,Credit Card,0,6,142,CTA Clicked,1,1,1,0,0,CTA Clicked,Technical issue,28333,3,12
4210,S004211,U003433,2025-03-16 22:05:10,2025-03-16,Referral,Mobile,North,18-24,100K+,Credit Card,0,3,633,Lead Form Submitted,1,1,1,1,1,,,0,3,11
4211,S004212,U004067,2025-04-29 22:00:27,2025-04-29,Email,Mobile,South,35-44,25K-50K,Credit Card,0,8,1153,Lead Form Submitted,1,1,1,1,1,,,0,4,18
4212,S004213,U000824,2025-05-27 15:30:20,2025-05-27,Email,Mobile,West,35-44,25K-50K,Credit Card,0,8,859,CTA Clicked,1,1,1,0,0,CTA Clicked,Technical issue,22876,5,22
4213,S004214,U001705,2025-04-21 18:43:19,2025-04-21,Direct,Mobile,South,25-34,50K-100K,Credit Card,0,3,795,Calculator Used,1,1,0,0,0,Calculator Used,Comparing alternatives,30808,4,17
4214,S004215,U002489,2025-04-06 07:39:29,2025-04-06,Organic Search,Mobile,South,25-34,Below 25K,Credit Card,1,9,68,Lead Form Started,1,1,1,1,0,Lead Form Started,Technical issue,15930,4,14
4215,S004216,U004189,2025-06-05 20:54:13,2025-06-05,Paid Ads,Desktop,East,55+,25K-50K,Credit Card,0,4,1128,Product Page Viewed,1,0,0,0,0,Product Page Viewed,Comparing alternatives,38670,6,23
4216,S004217,U003376,2025-04-17 00:31:51,2025-04-17,Direct,Desktop,East,55+,25K-50K,Personal Loan,0,7,1022,Website Visit,0,0,0,0,0,Website Visit,Slow page load,110653,4,16
4217,S004218,U003840,2025-01-10 18:23:30,2025-01-10,Paid Ads,Mobile,South,35-44,Below 25K,Personal Loan,0,2,815,Product Page Viewed,1,0,0,0,0,Product Page Viewed,Unclear product value,115273,1,2
4218,S004219,U002458,2025-05-10 11:14:54,2025-05-10,Direct,Mobile,South,18-24,50K-100K,Personal Loan,0,8,121,Product Page Viewed,1,0,0,0,0,Product Page Viewed,Unclear product value,140008,5,19
4219,S004220,U001147,2025-01-14 23:37:36,2025-01-14,Paid Ads,Desktop,West,35-44,50K-100K,Savings Account,0,11,889,Product Page Viewed,1,0,0,0,0,Product Page Viewed,Unclear product value,19669,1,3
4220,S004221,U002740,2025-04-17 12:19:34,2025-04-17,Paid Ads,Mobile,South,35-44,Below 25K,Insurance Plan,0,8,157,Calculator Used,1,1,0,0,0,Calculator Used,Comparing alternatives,7812,4,16
4221,S004222,U002168,2025-04-10 01:04:12,2025-04-10,Email,Mobile,Central,45-54,50K-100K,Insurance Plan,1,8,338,Product Page Viewed,1,0,0,0,0,Product Page Viewed,Comparing alternatives,10165,4,15
4222,S004223,U002653,2025-04-03 21:18:22,2025-04-03,Organic Search,Mobile,North,25-34,Below 25K,Personal Loan,1,12,898,Product Page Viewed,1,0,0,0,0,Product Page Viewed,Unclear product value,123975,4,14
4223,S004224,U000328,2025-01-24 04:00:22,2025-01-24,Referral,Desktop,East,45-54,100K+,Insurance Plan,0,1,1197,CTA Clicked,1,1,1,0,0,CTA Clicked,Technical issue,4840,1,4
4224,S004225,U001407,2025-01-17 13:03:05,2025-01-17,Social Media,Desktop,North,35-44,Below 25K,Personal Loan,1,8,395,Product Page Viewed,1,0,0,0,0,Product Page Viewed,Unclear product value,94940,1,3
4225,S004226,U003839,2025-02-18 11:57:50,2025-02-18,Organic Search,Desktop,West,45-54,25K-50K,Credit Card,1,12,825,Product Page Viewed,1,0,0,0,0,Product Page Viewed,Comparing alternatives,30527,2,8
4226,S004227,U003939,2025-03-10 09:09:49,2025-03-10,Organic Search,Desktop,East,35-44,25K-50K,Savings Account,0,11,977,Lead Form Submitted,1,1,1,1,1,,,0,3,11
4227,S004228,U003136,2025-02-08 10:29:36,2025-02-08,Referral,Mobile,North,35-44,25K-50K,Personal Loan,1,5,662,Lead Form Submitted,1,1,1,1,1,,,0,2,6
4228,S004229,U001922,2025-03-22 22:07:58,2025-03-22,Paid Ads,Mobile,South,25-34,50K-100K,Personal Loan,0,6,19,CTA Clicked,1,1,1,0,0,CTA Clicked,Technical issue,130523,3,12
4229,S004230,U000830,2025-06-27 03:42:53,2025-06-27,Organic Search,Desktop,North,25-34,50K-100K,Savings Account,1,3,370,Lead Form Submitted,1,1,1,1,1,,,0,6,26
4230,S004231,U001253,2025-02-27 19:11:02,2025-02-27,Referral,Mobile,West,55+,25K-50K,Credit Card,0,2,969,Lead Form Submitted,1,1,1,1,1,,,0,2,9
4231,S004232,U000544,2025-02-12 05:07:32,2025-02-12,Referral,Desktop,West,25-34,100K+,Personal Loan,0,12,598,Lead Form Submitted,1,1,1,1,1,,,0,2,7
4232,S004233,U002539,2025-04-23 19:42:18,2025-04-23,Referral,Desktop,North,25-34,100K+,Insurance Plan,0,7,334,Lead Form Submitted,1,1,1,1,1,,,0,4,17
4233,S004234,U000270,2025-05-07 01:58:34,2025-05-07,Organic Search,Mobile,Central,25-34,25K-50K,Savings Account,0,8,1192,Calculator Used,1,1,0,0,0,Calculator Used,Calculator result not attractive,12009,5,19
4234,S004235,U002904,2025-05-04 21:40:09,2025-05-04,Email,Mobile,Central,25-34,50K-100K,Credit Card,0,6,817,Product Page Viewed,1,0,0,0,0,Product Page Viewed,Technical issue,31134,5,18
4235,S004236,U001538,2025-01-16 09:25:38,2025-01-16,Paid Ads,Mobile,East,45-54,50K-100K,Personal Loan,1,10,104,Product Page Viewed,1,0,0,0,0,Product Page Viewed,Technical issue,79369,1,3
4236,S004237,U003910,2025-02-20 13:14:59,2025-02-20,Referral,Mobile,North,35-44,Below 25K,Personal Loan,0,9,926,Lead Form Submitted,1,1,1,1,1,,,0,2,8
4237,S004238,U002408,2025-01-15 04:30:10,2025-01-15,Email,Tablet,West,25-34,50K-100K,Insurance Plan,1,8,977,Product Page Viewed,1,0,0,0,0,Product Page Viewed,Comparing alternatives,10095,1,3
4238,S004239,U001332,2025-06-07 01:38:14,2025-06-07,Paid Ads,Mobile,West,35-44,100K+,Personal Loan,0,10,802,Lead Form Submitted,1,1,1,1,1,,,0,6,23
4239,S004240,U003856,2025-03-23 18:10:22,2025-03-23,Referral,Desktop,East,25-34,25K-50K,Insurance Plan,0,9,964,Product Page Viewed,1,0,0,0,0,Product Page Viewed,High interest-rate concern,10340,3,12
4240,S004241,U004066,2025-01-26 15:32:21,2025-01-26,Referral,Mobile,Central,18-24,50K-100K,Credit Card,1,8,819,Product Page Viewed,1,0,0,0,0,Product Page Viewed,Technical issue,23805,1,4
4241,S004242,U000341,2025-05-14 06:05:15,2025-05-14,Social Media,Tablet,North,25-34,25K-50K,Personal Loan,0,8,1179,Product Page Viewed,1,0,0,0,0,Product Page Viewed,High interest-rate concern,152987,5,20
4242,S004243,U001179,2025-06-23 17:17:28,2025-06-23,Referral,Tablet,Central,25-34,25K-50K,Credit Card,0,7,733,Product Page Viewed,1,0,0,0,0,Product Page Viewed,Unclear product value,39746,6,26
4243,S004244,U002503,2025-04-29 16:26:56,2025-04-29,Social Media,Mobile,North,35-44,50K-100K,Personal Loan,0,6,775,CTA Clicked,1,1,1,0,0,CTA Clicked,Privacy concern,117598,4,18
4244,S004245,U001225,2025-06-10 03:26:20,2025-06-10,Email,Mobile,North,45-54,Below 25K,Savings Account,0,11,34,Product Page Viewed,1,0,0,0,0,Product Page Viewed,Comparing alternatives,10023,6,24
4245,S004246,U003907,2025-06-26 03:56:55,2025-06-26,Direct,Mobile,East,25-34,50K-100K,Credit Card,0,2,595,Website Visit,0,0,0,0,0,Website Visit,Immediate bounce,23531,6,26
4246,S004247,U001495,2025-05-26 17:32:27,2025-05-26,Paid Ads,Mobile,West,35-44,25K-50K,Savings Account,0,6,715,Product Page Viewed,1,0,0,0,0,Product Page Viewed,Technical issue,22157,5,22
4247,S004248,U000271,2025-06-20 22:40:02,2025-06-20,Paid Ads,Mobile,West,45-54,Below 25K,Credit Card,0,2,690,Product Page Viewed,1,0,0,0,0,Product Page Viewed,High interest-rate concern,40015,6,25
4248,S004249,U003256,2025-01-21 04:42:47,2025-01-21,Paid Ads,Mobile,Central,45-54,50K-100K,Credit Card,0,10,322,Lead Form Started,1,1,1,1,0,Lead Form Started,Document requirement concern,21316,1,4
4249,S004250,U003877,2025-04-01 16:43:14,2025-04-01,Organic Search,Mobile,North,45-54,Below 25K,Personal Loan,0,1,203,Lead Form Started,1,1,1,1,0,Lead Form Started,Too many required fields,141107,4,14
4250,S004251,U004233,2025-06-18 12:56:17,2025-06-18,Email,Desktop,East,35-44,50K-100K,Personal Loan,0,3,865,Lead Form Submitted,1,1,1,1,1,,,0,6,25
4251,S004252,U003213,2025-06-06 08:38:14,2025-06-06,Organic Search,Mobile,South,18-24,50K-100K,Personal Loan,1,2,1035,Website Visit,0,0,0,0,0,Website Visit,Not ready to explore,78220,6,23
4252,S004253,U003201,2025-02-15 19:45:54,2025-02-15,Direct,Mobile,North,35-44,25K-50K,Credit Card,0,10,216,Product Page Viewed,1,0,0,0,0,Product Page Viewed,Unclear product value,27007,2,7
4253,S004254,U001692,2025-01-22 20:38:04,2025-01-22,Paid Ads,Desktop,Central,25-34,25K-50K,Personal Loan,0,4,90,Lead Form Started,1,1,1,1,0,Lead Form Started,Document requirement concern,136153,1,4
4254,S004255,U003241,2025-06-03 00:37:57,2025-06-03,Email,Mobile,South,35-44,50K-100K,Insurance Plan,0,11,1132,Product Page Viewed,1,0,0,0,0,Product Page Viewed,High interest-rate concern,9904,6,23
4255,S004256,U003468,2025-06-07 02:32:16,2025-06-07,Direct,Mobile,Central,45-54,25K-50K,Credit Card,0,3,506,Product Page Viewed,1,0,0,0,0,Product Page Viewed,Comparing alternatives,33037,6,23
4256,S004257,U001392,2025-06-17 22:56:59,2025-06-17,Direct,Mobile,East,45-54,25K-50K,Credit Card,0,10,682,Product Page Viewed,1,0,0,0,0,Product Page Viewed,Technical issue,35190,6,25
4257,S004258,U002152,2025-04-17 09:18:36,2025-04-17,Organic Search,Mobile,East,18-24,50K-100K,Credit Card,0,9,713,Product Page Viewed,1,0,0,0,0,Product Page Viewed,Technical issue,38608,4,16
4258,S004259,U001475,2025-06-16 00:03:18,2025-06-16,Social Media,Desktop,South,35-44,Below 25K,Personal Loan,0,2,725,Product Page Viewed,1,0,0,0,0,Product Page Viewed,Technical issue,127586,6,25
4259,S004260,U004151,2025-06-24 02:49:39,2025-06-24,Organic Search,Desktop,Central,25-34,100K+,Credit Card,0,2,405,Lead Form Submitted,1,1,1,1,1,,,0,6,26
4260,S004261,U001310,2025-02-25 02:40:35,2025-02-25,Social Media,Mobile,East,25-34,50K-100K,Credit Card,1,7,732,Product Page Viewed,1,0,0,0,0,Product Page Viewed,High interest-rate concern,19329,2,9
4261,S004262,U003137,2025-01-16 10:07:08,2025-01-16,Email,Desktop,South,18-24,100K+,Personal Loan,1,1,1052,Product Page Viewed,1,0,0,0,0,Product Page Viewed,Technical issue,155426,1,3
4262,S004263,U002360,2025-03-27 16:05:47,2025-03-27,Direct,Mobile,West,25-34,Below 25K,Insurance Plan,1,2,1086,Product Page Viewed,1,0,0,0,0,Product Page Viewed,Technical issue,6459,3,13
4263,S004264,U002944,2025-06-26 08:25:36,2025-06-26,Organic Search,Mobile,North,55+,100K+,Personal Loan,0,9,110,Lead Form Submitted,1,1,1,1,1,,,0,6,26
4264,S004265,U003705,2025-02-08 15:41:06,2025-02-08,Organic Search,Mobile,West,45-54,25K-50K,Credit Card,1,8,324,Lead Form Submitted,1,1,1,1,1,,,0,2,6
4265,S004266,U000927,2025-05-18 21:02:39,2025-05-18,Direct,Tablet,North,35-44,25K-50K,Savings Account,0,3,781,Lead Form Submitted,1,1,1,1,1,,,0,5,20
4266,S004267,U003437,2025-01-01 11:59:56,2025-01-01,Email,Mobile,North,18-24,25K-50K,Personal Loan,0,12,843,Product Page Viewed,1,0,0,0,0,Product Page Viewed,Unclear product value,117562,1,1
4267,S004268,U000159,2025-01-21 11:56:04,2025-01-21,Paid Ads,Tablet,North,18-24,Below 25K,Personal Loan,0,8,1169,Product Page Viewed,1,0,0,0,0,Product Page Viewed,Unclear product value,78458,1,4
4268,S004269,U003107,2025-02-14 16:04:51,2025-02-14,Social Media,Desktop,South,25-34,100K+,Credit Card,0,7,186,Calculator Used,1,1,0,0,0,Calculator Used,Technical issue,36115,2,7
4269,S004270,U003183,2025-04-08 09:23:40,2025-04-08,Organic Search,Desktop,North,35-44,25K-50K,Credit Card,0,4,1164,Product Page Viewed,1,0,0,0,0,Product Page Viewed,Unclear product value,30480,4,15
4270,S004271,U000041,2025-04-05 12:56:39,2025-04-05,Organic Search,Mobile,Central,35-44,100K+,Savings Account,1,11,87,Calculator Used,1,1,0,0,0,Calculator Used,Required information unavailable,15544,4,14
4271,S004272,U000809,2025-03-30 19:20:30,2025-03-30,Paid Ads,Mobile,West,25-34,50K-100K,Credit Card,0,2,162,Lead Form Started,1,1,1,1,0,Lead Form Started,Too many required fields,33289,3,13
4272,S004273,U003756,2025-01-01 21:50:59,2025-01-01,Paid Ads,Mobile,North,35-44,100K+,Insurance Plan,0,6,966,Website Visit,0,0,0,0,0,Website Visit,Immediate bounce,10639,1,1
4273,S004274,U002973,2025-03-30 18:50:00,2025-03-30,Organic Search,Desktop,Central,45-54,25K-50K,Personal Loan,0,9,927,Product Page Viewed,1,0,0,0,0,Product Page Viewed,Technical issue,75600,3,13
4274,S004275,U000720,2025-02-01 00:29:38,2025-02-01,Paid Ads,Desktop,North,45-54,Below 25K,Savings Account,1,2,530,CTA Clicked,1,1,1,0,0,CTA Clicked,Privacy concern,11132,2,5
4275,S004276,U001525,2025-04-28 21:21:09,2025-04-28,Social Media,Mobile,Central,25-34,50K-100K,Savings Account,1,6,26,Calculator Used,1,1,0,0,0,Calculator Used,Comparing alternatives,20360,4,18
4276,S004277,U000759,2025-01-20 04:53:55,2025-01-20,Email,Mobile,West,35-44,25K-50K,Personal Loan,0,11,894,Lead Form Submitted,1,1,1,1,1,,,0,1,4
4277,S004278,U004265,2025-03-17 17:24:25,2025-03-17,Paid Ads,Desktop,South,18-24,50K-100K,Credit Card,1,5,293,Product Page Viewed,1,0,0,0,0,Product Page Viewed,Unclear product value,30720,3,12
4278,S004279,U002719,2025-06-17 15:44:15,2025-06-17,Direct,Mobile,Central,25-34,50K-100K,Personal Loan,0,7,958,Product Page Viewed,1,0,0,0,0,Product Page Viewed,Technical issue,89013,6,25
4279,S004280,U003025,2025-01-29 12:41:50,2025-01-29,Social Media,Mobile,West,25-34,25K-50K,Credit Card,0,2,145,Product Page Viewed,1,0,0,0,0,Product Page Viewed,Technical issue,16703,1,5
4280,S004281,U001417,2025-01-26 00:51:57,2025-01-26,Organic Search,Mobile,Central,25-34,25K-50K,Savings Account,0,12,83,Product Page Viewed,1,0,0,0,0,Product Page Viewed,High interest-rate concern,14638,1,4
4281,S004282,U003287,2025-03-03 17:39:02,2025-03-03,Paid Ads,Mobile,West,35-44,100K+,Credit Card,1,10,634,Lead Form Submitted,1,1,1,1,1,,,0,3,10
4282,S004283,U004108,2025-04-17 16:20:31,2025-04-17,Referral,Mobile,North,18-24,50K-100K,Savings Account,0,9,579,Lead Form Submitted,1,1,1,1,1,,,0,4,16
4283,S004284,U001784,2025-01-28 23:07:24,2025-01-28,Organic Search,Mobile,Central,25-34,50K-100K,Personal Loan,1,6,743,Product Page Viewed,1,0,0,0,0,Product Page Viewed,Technical issue,89148,1,5
4284,S004285,U002047,2025-06-25 15:43:00,2025-06-25,Organic Search,Mobile,South,25-34,Below 25K,Personal Loan,0,4,909,Product Page Viewed,1,0,0,0,0,Product Page Viewed,Unclear product value,118118,6,26
4285,S004286,U001650,2025-05-01 20:26:10,2025-05-01,Email,Mobile,South,25-34,25K-50K,Credit Card,0,11,469,Lead Form Started,1,1,1,1,0,Lead Form Started,Technical issue,19633,5,18
4286,S004287,U002070,2025-04-09 04:55:52,2025-04-09,Paid Ads,Mobile,East,35-44,50K-100K,Credit Card,0,3,916,Product Page Viewed,1,0,0,0,0,Product Page Viewed,High interest-rate concern,31104,4,15
4287,S004288,U001370,2025-03-07 13:59:36,2025-03-07,Direct,Mobile,South,35-44,100K+,Personal Loan,0,12,359,Product Page Viewed,1,0,0,0,0,Product Page Viewed,High interest-rate concern,92856,3,10
4288,S004289,U000201,2025-05-03 04:04:39,2025-05-03,Organic Search,Mobile,East,18-24,50K-100K,Credit Card,1,5,1001,Calculator Used,1,1,0,0,0,Calculator Used,Comparing alternatives,27626,5,18
4289,S004290,U000282,2025-03-26 03:53:23,2025-03-26,Referral,Desktop,South,45-54,25K-50K,Savings Account,0,11,331,Lead Form Submitted,1,1,1,1,1,,,0,3,13
4290,S004291,U000702,2025-01-07 09:45:38,2025-01-07,Social Media,Mobile,West,25-34,25K-50K,Personal Loan,0,7,217,Lead Form Submitted,1,1,1,1,1,,,0,1,2
4291,S004292,U001327,2025-01-11 23:12:15,2025-01-11,Organic Search,Desktop,East,35-44,Below 25K,Credit Card,0,2,1003,Product Page Viewed,1,0,0,0,0,Product Page Viewed,Unclear product value,26485,1,2
4292,S004293,U003748,2025-04-06 13:08:22,2025-04-06,Direct,Mobile,West,55+,50K-100K,Savings Account,0,7,479,CTA Clicked,1,1,1,0,0,CTA Clicked,Technical issue,18958,4,14
4293,S004294,U003082,2025-02-28 22:45:22,2025-02-28,Referral,Tablet,Central,35-44,100K+,Credit Card,0,12,724,Calculator Used,1,1,0,0,0,Calculator Used,Calculator result not attractive,28470,2,9
4294,S004295,U004281,2025-04-22 14:24:02,2025-04-22,Organic Search,Mobile,South,25-34,100K+,Insurance Plan,1,5,664,Website Visit,0,0,0,0,0,Website Visit,Slow page load,7018,4,17
4295,S004296,U003997,2025-06-09 21:54:27,2025-06-09,Organic Search,Desktop,South,35-44,50K-100K,Personal Loan,0,8,889,Calculator Used,1,1,0,0,0,Calculator Used,Technical issue,113351,6,24
4296,S004297,U002691,2025-06-08 09:35:21,2025-06-08,Email,Desktop,West,35-44,100K+,Insurance Plan,0,5,1094,Calculator Used,1,1,0,0,0,Calculator Used,Required information unavailable,9328,6,23
4297,S004298,U001540,2025-01-21 03:18:58,2025-01-21,Organic Search,Mobile,West,35-44,Below 25K,Personal Loan,0,11,1157,Product Page Viewed,1,0,0,0,0,Product Page Viewed,Comparing alternatives,153636,1,4
4298,S004299,U002447,2025-03-18 03:17:21,2025-03-18,Organic Search,Mobile,Central,25-34,50K-100K,Insurance Plan,0,6,727,Product Page Viewed,1,0,0,0,0,Product Page Viewed,High interest-rate concern,9729,3,12
4299,S004300,U003224,2025-04-16 22:32:11,2025-04-16,Email,Mobile,West,45-54,Below 25K,Personal Loan,0,9,388,Website Visit,0,0,0,0,0,Website Visit,Immediate bounce,69815,4,16
4300,S004301,U002754,2025-06-28 07:06:54,2025-06-28,Direct,Mobile,West,45-54,25K-50K,Insurance Plan,0,9,503,Calculator Used,1,1,0,0,0,Calculator Used,Technical issue,6052,6,26
4301,S004302,U001685,2025-06-12 04:55:18,2025-06-12,Social Media,Desktop,South,18-24,25K-50K,Credit Card,1,10,197,Lead Form Submitted,1,1,1,1,1,,,0,6,24
4302,S004303,U001395,2025-04-28 16:25:29,2025-04-28,Paid Ads,Desktop,South,45-54,100K+,Savings Account,0,12,700,Product Page Viewed,1,0,0,0,0,Product Page Viewed,Unclear product value,9368,4,18
4303,S004304,U003978,2025-01-18 12:49:24,2025-01-18,Email,Mobile,East,35-44,25K-50K,Credit Card,1,8,532,Product Page Viewed,1,0,0,0,0,Product Page Viewed,Technical issue,24201,1,3
4304,S004305,U004249,2025-06-04 10:57:12,2025-06-04,Paid Ads,Desktop,South,35-44,50K-100K,Credit Card,1,4,791,CTA Clicked,1,1,1,0,0,CTA Clicked,Privacy concern,19946,6,23
4305,S004306,U003993,2025-02-21 05:09:01,2025-02-21,Paid Ads,Mobile,South,35-44,50K-100K,Savings Account,0,3,437,Website Visit,0,0,0,0,0,Website Visit,Immediate bounce,16444,2,8
4306,S004307,U001743,2025-03-28 05:31:32,2025-03-28,Email,Mobile,South,25-34,50K-100K,Personal Loan,0,7,487,Calculator Used,1,1,0,0,0,Calculator Used,Calculator result not attractive,80113,3,13
4307,S004308,U001060,2025-01-10 23:31:53,2025-01-10,Email,Mobile,East,45-54,50K-100K,Insurance Plan,1,9,1118,Website Visit,0,0,0,0,0,Website Visit,Landing page mismatch,7307,1,2
4308,S004309,U002112,2025-04-22 08:50:56,2025-04-22,Paid Ads,Mobile,West,18-24,Below 25K,Savings Account,0,5,214,CTA Clicked,1,1,1,0,0,CTA Clicked,Form looked too long,14915,4,17
4309,S004310,U001235,2025-02-08 19:42:32,2025-02-08,Organic Search,Mobile,Central,25-34,50K-100K,Personal Loan,0,8,307,Product Page Viewed,1,0,0,0,0,Product Page Viewed,Technical issue,157096,2,6
4310,S004311,U001355,2025-04-24 09:19:28,2025-04-24,Referral,Desktop,South,18-24,100K+,Credit Card,0,7,925,Product Page Viewed,1,0,0,0,0,Product Page Viewed,Unclear product value,22969,4,17
4311,S004312,U001459,2025-01-18 16:41:26,2025-01-18,Referral,Mobile,East,25-34,50K-100K,Credit Card,0,8,923,Lead Form Submitted,1,1,1,1,1,,,0,1,3
4312,S004313,U000057,2025-01-16 14:33:33,2025-01-16,Social Media,Mobile,West,35-44,50K-100K,Personal Loan,0,10,591,Product Page Viewed,1,0,0,0,0,Product Page Viewed,Comparing alternatives,101575,1,3
4313,S004314,U001576,2025-01-17 04:44:50,2025-01-17,Organic Search,Desktop,East,25-34,100K+,Personal Loan,0,2,327,Lead Form Submitted,1,1,1,1,1,,,0,1,3
4314,S004315,U001355,2025-03-22 17:53:19,2025-03-22,Direct,Desktop,Central,55+,25K-50K,Personal Loan,0,2,525,Calculator Used,1,1,0,0,0,Calculator Used,Technical issue,144788,3,12
4315,S004316,U001712,2025-04-13 02:13:37,2025-04-13,Direct,Desktop,West,18-24,Below 25K,Savings Account,0,10,497,CTA Clicked,1,1,1,0,0,CTA Clicked,Technical issue,12797,4,15
4316,S004317,U003037,2025-06-11 00:01:20,2025-06-11,Paid Ads,Mobile,South,18-24,100K+,Personal Loan,0,6,186,Lead Form Submitted,1,1,1,1,1,,,0,6,24
4317,S004318,U003595,2025-06-16 01:19:20,2025-06-16,Organic Search,Mobile,South,25-34,100K+,Personal Loan,0,1,1042,Product Page Viewed,1,0,0,0,0,Product Page Viewed,High interest-rate concern,145670,6,25
4318,S004319,U002296,2025-02-13 14:47:08,2025-02-13,Direct,Mobile,South,35-44,50K-100K,Credit Card,0,12,391,Lead Form Submitted,1,1,1,1,1,,,0,2,7
4319,S004320,U001328,2025-01-16 01:39:23,2025-01-16,Direct,Mobile,South,45-54,25K-50K,Personal Loan,1,11,780,Calculator Used,1,1,0,0,0,Calculator Used,Required information unavailable,94817,1,3
4320,S004321,U003212,2025-01-30 01:49:42,2025-01-30,Paid Ads,Mobile,South,45-54,50K-100K,Credit Card,1,4,900,Lead Form Started,1,1,1,1,0,Lead Form Started,Session timeout,22202,1,5
4321,S004322,U004106,2025-04-17 18:43:27,2025-04-17,Organic Search,Tablet,South,25-34,100K+,Insurance Plan,0,11,617,Product Page Viewed,1,0,0,0,0,Product Page Viewed,High interest-rate concern,9248,4,16
4322,S004323,U003442,2025-02-23 20:57:46,2025-02-23,Referral,Desktop,West,18-24,50K-100K,Credit Card,0,6,293,Product Page Viewed,1,0,0,0,0,Product Page Viewed,Unclear product value,29624,2,8
4323,S004324,U002574,2025-05-03 21:48:15,2025-05-03,Paid Ads,Mobile,East,45-54,100K+,Personal Loan,0,1,790,Product Page Viewed,1,0,0,0,0,Product Page Viewed,Comparing alternatives,77125,5,18
4324,S004325,U002200,2025-06-08 17:01:35,2025-06-08,Email,Mobile,East,35-44,50K-100K,Credit Card,0,2,845,Lead Form Submitted,1,1,1,1,1,,,0,6,23
4325,S004326,U001859,2025-05-26 12:27:02,2025-05-26,Social Media,Desktop,East,25-34,Below 25K,Savings Account,1,5,646,Product Page Viewed,1,0,0,0,0,Product Page Viewed,Technical issue,18448,5,22
4326,S004327,U003288,2025-04-04 00:46:27,2025-04-04,Referral,Mobile,South,18-24,100K+,Insurance Plan,0,6,525,Product Page Viewed,1,0,0,0,0,Product Page Viewed,Technical issue,10292,4,14
4327,S004328,U001902,2025-01-09 03:17:04,2025-01-09,Organic Search,Mobile,North,25-34,100K+,Credit Card,0,12,566,Lead Form Started,1,1,1,1,0,Lead Form Started,Too many required fields,39573,1,2
4328,S004329,U001571,2025-03-26 10:30:48,2025-03-26,Organic Search,Mobile,North,25-34,25K-50K,Credit Card,0,1,431,Product Page Viewed,1,0,0,0,0,Product Page Viewed,Technical issue,21681,3,13
4329,S004330,U000312,2025-01-06 17:07:30,2025-01-06,Organic Search,Desktop,North,25-34,50K-100K,Savings Account,1,1,1167,CTA Clicked,1,1,1,0,0,CTA Clicked,Technical issue,16252,1,2
4330,S004331,U002214,2025-06-28 00:29:44,2025-06-28,Direct,Mobile,Central,35-44,Below 25K,Personal Loan,0,2,205,Website Visit,0,0,0,0,0,Website Visit,Landing page mismatch,154156,6,26
4331,S004332,U001516,2025-01-15 05:06:15,2025-01-15,Direct,Desktop,South,35-44,100K+,Savings Account,1,2,1077,Lead Form Submitted,1,1,1,1,1,,,0,1,3
4332,S004333,U003135,2025-06-04 01:01:34,2025-06-04,Social Media,Mobile,West,25-34,25K-50K,Savings Account,1,7,499,Website Visit,0,0,0,0,0,Website Visit,Immediate bounce,17944,6,23
4333,S004334,U000849,2025-06-18 02:23:11,2025-06-18,Direct,Desktop,North,35-44,25K-50K,Insurance Plan,0,10,1035,Product Page Viewed,1,0,0,0,0,Product Page Viewed,Technical issue,6464,6,25
4334,S004335,U000075,2025-06-23 04:06:20,2025-06-23,Referral,Desktop,North,35-44,100K+,Credit Card,1,6,118,Lead Form Submitted,1,1,1,1,1,,,0,6,26
4335,S004336,U001398,2025-02-01 17:50:38,2025-02-01,Referral,Tablet,West,35-44,Below 25K,Credit Card,1,12,877,Product Page Viewed,1,0,0,0,0,Product Page Viewed,High interest-rate concern,29497,2,5
4336,S004337,U001133,2025-01-15 03:05:25,2025-01-15,Direct,Desktop,North,35-44,50K-100K,Savings Account,1,8,1160,Calculator Used,1,1,0,0,0,Calculator Used,Technical issue,18680,1,3
4337,S004338,U001217,2025-01-22 13:03:02,2025-01-22,Paid Ads,Mobile,East,25-34,Below 25K,Personal Loan,1,4,915,Lead Form Submitted,1,1,1,1,1,,,0,1,4
4338,S004339,U003161,2025-03-07 23:06:20,2025-03-07,Email,Desktop,North,25-34,50K-100K,Credit Card,0,1,161,Calculator Used,1,1,0,0,0,Calculator Used,Technical issue,19722,3,10
4339,S004340,U002387,2025-05-25 12:07:23,2025-05-25,Paid Ads,Desktop,East,35-44,25K-50K,Credit Card,1,12,320,Product Page Viewed,1,0,0,0,0,Product Page Viewed,Comparing alternatives,36650,5,21
4340,S004341,U001020,2025-02-09 11:48:57,2025-02-09,Organic Search,Tablet,East,18-24,50K-100K,Personal Loan,0,5,1038,Product Page Viewed,1,0,0,0,0,Product Page Viewed,Technical issue,71412,2,6
4341,S004342,U003485,2025-06-21 19:57:07,2025-06-21,Email,Mobile,Central,25-34,50K-100K,Credit Card,0,10,15,Calculator Used,1,1,0,0,0,Calculator Used,Technical issue,39054,6,25
4342,S004343,U000978,2025-05-04 14:49:06,2025-05-04,Direct,Desktop,East,35-44,50K-100K,Insurance Plan,0,7,1128,Product Page Viewed,1,0,0,0,0,Product Page Viewed,High interest-rate concern,4715,5,18
4343,S004344,U000207,2025-01-04 11:06:25,2025-01-04,Direct,Desktop,South,35-44,25K-50K,Credit Card,0,4,962,Product Page Viewed,1,0,0,0,0,Product Page Viewed,High interest-rate concern,33896,1,1
4344,S004345,U000481,2025-06-16 10:50:24,2025-06-16,Email,Mobile,East,25-34,100K+,Credit Card,0,1,896,Website Visit,0,0,0,0,0,Website Visit,Landing page mismatch,30433,6,25
4345,S004346,U000963,2025-01-10 16:09:10,2025-01-10,Direct,Mobile,West,25-34,50K-100K,Personal Loan,0,6,715,Product Page Viewed,1,0,0,0,0,Product Page Viewed,Comparing alternatives,142556,1,2
4346,S004347,U003886,2025-04-03 09:40:21,2025-04-03,Organic Search,Mobile,East,55+,Below 25K,Personal Loan,0,1,603,Calculator Used,1,1,0,0,0,Calculator Used,Calculator result not attractive,84895,4,14
4347,S004348,U002596,2025-02-25 03:48:05,2025-02-25,Email,Desktop,South,45-54,25K-50K,Credit Card,1,4,289,CTA Clicked,1,1,1,0,0,CTA Clicked,Technical issue,29477,2,9
4348,S004349,U000360,2025-04-18 08:32:37,2025-04-18,Organic Search,Mobile,North,25-34,100K+,Savings Account,0,11,425,Lead Form Started,1,1,1,1,0,Lead Form Started,Too many required fields,10985,4,16
4349,S004350,U002786,2025-04-15 07:43:42,2025-04-15,Referral,Desktop,North,35-44,50K-100K,Personal Loan,1,3,318,Product Page Viewed,1,0,0,0,0,Product Page Viewed,High interest-rate concern,158400,4,16
4350,S004351,U001940,2025-06-05 00:17:35,2025-06-05,Email,Mobile,West,35-44,50K-100K,Credit Card,1,6,1084,Product Page Viewed,1,0,0,0,0,Product Page Viewed,Technical issue,34913,6,23
4351,S004352,U003192,2025-06-04 02:32:37,2025-06-04,Direct,Mobile,Central,25-34,25K-50K,Credit Card,0,3,743,Product Page Viewed,1,0,0,0,0,Product Page Viewed,Unclear product value,18164,6,23
4352,S004353,U001748,2025-04-01 17:33:41,2025-04-01,Paid Ads,Tablet,East,25-34,50K-100K,Insurance Plan,0,10,849,Product Page Viewed,1,0,0,0,0,Product Page Viewed,High interest-rate concern,6738,4,14
4353,S004354,U002889,2025-01-18 05:07:51,2025-01-18,Social Media,Mobile,Central,35-44,100K+,Credit Card,0,3,1026,Product Page Viewed,1,0,0,0,0,Product Page Viewed,Unclear product value,30664,1,3
4354,S004355,U001527,2025-04-12 12:47:14,2025-04-12,Direct,Desktop,South,35-44,25K-50K,Credit Card,0,9,469,Product Page Viewed,1,0,0,0,0,Product Page Viewed,High interest-rate concern,30206,4,15
4355,S004356,U001833,2025-02-24 16:39:07,2025-02-24,Paid Ads,Mobile,Central,45-54,50K-100K,Credit Card,0,10,1084,Product Page Viewed,1,0,0,0,0,Product Page Viewed,Technical issue,35792,2,9
4356,S004357,U001968,2025-04-09 08:35:13,2025-04-09,Direct,Desktop,West,25-34,50K-100K,Personal Loan,0,10,263,Calculator Used,1,1,0,0,0,Calculator Used,Technical issue,152986,4,15
4357,S004358,U004046,2025-05-19 11:19:30,2025-05-19,Referral,Mobile,East,45-54,Below 25K,Credit Card,0,7,1005,Lead Form Submitted,1,1,1,1,1,,,0,5,21
4358,S004359,U001094,2025-01-16 18:15:30,2025-01-16,Direct,Desktop,Central,35-44,100K+,Credit Card,1,5,595,Product Page Viewed,1,0,0,0,0,Product Page Viewed,Technical issue,19846,1,3
4359,S004360,U001180,2025-01-31 19:03:53,2025-01-31,Email,Mobile,West,25-34,Below 25K,Personal Loan,0,7,331,Lead Form Submitted,1,1,1,1,1,,,0,1,5
4360,S004361,U003409,2025-02-13 01:45:20,2025-02-13,Paid Ads,Mobile,Central,18-24,50K-100K,Credit Card,0,10,807,Calculator Used,1,1,0,0,0,Calculator Used,Calculator result not attractive,33340,2,7
4361,S004362,U000413,2025-05-22 16:05:31,2025-05-22,Email,Desktop,East,35-44,100K+,Credit Card,0,1,930,CTA Clicked,1,1,1,0,0,CTA Clicked,Form looked too long,23985,5,21
4362,S004363,U000236,2025-01-12 15:31:10,2025-01-12,Direct,Desktop,North,35-44,50K-100K,Credit Card,0,6,946,Lead Form Submitted,1,1,1,1,1,,,0,1,2
4363,S004364,U001462,2025-03-02 21:10:51,2025-03-02,Direct,Desktop,East,25-34,25K-50K,Savings Account,0,3,1079,Calculator Used,1,1,0,0,0,Calculator Used,Comparing alternatives,12665,3,9
4364,S004365,U002290,2025-04-06 17:49:53,2025-04-06,Paid Ads,Mobile,North,25-34,25K-50K,Credit Card,0,4,921,Product Page Viewed,1,0,0,0,0,Product Page Viewed,High interest-rate concern,37515,4,14
4365,S004366,U002822,2025-06-12 05:46:09,2025-06-12,Referral,Mobile,West,18-24,25K-50K,Credit Card,1,12,754,Product Page Viewed,1,0,0,0,0,Product Page Viewed,Technical issue,16860,6,24
4366,S004367,U000863,2025-05-15 05:28:23,2025-05-15,Referral,Mobile,West,25-34,Below 25K,Credit Card,0,10,836,Lead Form Submitted,1,1,1,1,1,,,0,5,20
4367,S004368,U000439,2025-05-21 22:28:55,2025-05-21,Direct,Mobile,North,25-34,25K-50K,Personal Loan,0,9,359,Calculator Used,1,1,0,0,0,Calculator Used,Comparing alternatives,135630,5,21
4368,S004369,U003635,2025-05-17 11:31:41,2025-05-17,Organic Search,Mobile,South,55+,25K-50K,Insurance Plan,0,9,201,Calculator Used,1,1,0,0,0,Calculator Used,Calculator result not attractive,6977,5,20
4369,S004370,U003850,2025-01-17 04:24:05,2025-01-17,Referral,Mobile,South,35-44,Below 25K,Personal Loan,0,11,1001,Calculator Used,1,1,0,0,0,Calculator Used,Technical issue,125604,1,3
4370,S004371,U003328,2025-05-25 01:40:34,2025-05-25,Paid Ads,Desktop,Central,35-44,25K-50K,Savings Account,0,6,89,Product Page Viewed,1,0,0,0,0,Product Page Viewed,Technical issue,16509,5,21
4371,S004372,U001328,2025-02-10 13:06:22,2025-02-10,Social Media,Tablet,East,45-54,50K-100K,Personal Loan,0,5,569,Lead Form Submitted,1,1,1,1,1,,,0,2,7
4372,S004373,U003878,2025-04-19 02:57:28,2025-04-19,Paid Ads,Mobile,East,18-24,50K-100K,Personal Loan,0,10,264,Website Visit,0,0,0,0,0,Website Visit,Not ready to explore,158353,4,16
4373,S004374,U002112,2025-05-02 15:24:30,2025-05-02,Organic Search,Mobile,North,18-24,50K-100K,Credit Card,0,2,446,Calculator Used,1,1,0,0,0,Calculator Used,Technical issue,26337,5,18
4374,S004375,U000186,2025-06-07 20:21:27,2025-06-07,Organic Search,Mobile,Central,25-34,25K-50K,Savings Account,0,11,161,Product Page Viewed,1,0,0,0,0,Product Page Viewed,Unclear product value,13475,6,23
4375,S004376,U000973,2025-03-28 20:50:33,2025-03-28,Organic Search,Mobile,East,18-24,25K-50K,Credit Card,0,12,683,Lead Form Submitted,1,1,1,1,1,,,0,3,13
4376,S004377,U003337,2025-05-06 14:51:27,2025-05-06,Direct,Mobile,North,25-34,50K-100K,Personal Loan,0,11,615,Product Page Viewed,1,0,0,0,0,Product Page Viewed,Unclear product value,120272,5,19
4377,S004378,U002665,2025-03-06 14:07:32,2025-03-06,Email,Mobile,East,25-34,50K-100K,Credit Card,0,3,749,Lead Form Submitted,1,1,1,1,1,,,0,3,10
4378,S004379,U003460,2025-06-24 03:11:48,2025-06-24,Email,Mobile,West,35-44,100K+,Insurance Plan,0,12,999,Website Visit,0,0,0,0,0,Website Visit,Slow page load,4871,6,26
4379,S004380,U003049,2025-03-09 07:13:12,2025-03-09,Referral,Mobile,West,55+,Below 25K,Credit Card,0,10,555,Product Page Viewed,1,0,0,0,0,Product Page Viewed,Comparing alternatives,18013,3,10
4380,S004381,U003097,2025-01-31 02:35:38,2025-01-31,Direct,Mobile,Central,55+,25K-50K,Credit Card,1,8,981,Lead Form Started,1,1,1,1,0,Lead Form Started,Technical issue,21080,1,5
4381,S004382,U000824,2025-01-03 19:14:22,2025-01-03,Paid Ads,Mobile,North,35-44,25K-50K,Personal Loan,0,8,456,Website Visit,0,0,0,0,0,Website Visit,Immediate bounce,107219,1,1
4382,S004383,U003778,2025-04-14 00:21:59,2025-04-14,Paid Ads,Mobile,West,25-34,Below 25K,Savings Account,1,4,49,Product Page Viewed,1,0,0,0,0,Product Page Viewed,High interest-rate concern,13398,4,16
4383,S004384,U003339,2025-01-30 07:12:42,2025-01-30,Direct,Mobile,East,18-24,Below 25K,Personal Loan,0,11,1198,Lead Form Started,1,1,1,1,0,Lead Form Started,Technical issue,124877,1,5
4384,S004385,U003253,2025-06-25 18:30:04,2025-06-25,Social Media,Desktop,East,18-24,25K-50K,Credit Card,0,10,1063,Website Visit,0,0,0,0,0,Website Visit,Slow page load,17202,6,26
4385,S004386,U000422,2025-05-20 14:57:50,2025-05-20,Referral,Mobile,Central,25-34,25K-50K,Personal Loan,0,1,567,Lead Form Started,1,1,1,1,0,Lead Form Started,Too many required fields,150072,5,21
4386,S004387,U000442,2025-05-15 12:06:19,2025-05-15,Email,Desktop,Central,25-34,Below 25K,Personal Loan,1,10,677,Website Visit,0,0,0,0,0,Website Visit,Immediate bounce,125060,5,20
4387,S004388,U000375,2025-06-06 01:51:28,2025-06-06,Paid Ads,Mobile,Central,45-54,25K-50K,Personal Loan,0,6,1066,Product Page Viewed,1,0,0,0,0,Product Page Viewed,Technical issue,99938,6,23
4388,S004389,U002969,2025-03-21 15:46:20,2025-03-21,Email,Mobile,South,35-44,50K-100K,Savings Account,0,9,842,Lead Form Submitted,1,1,1,1,1,,,0,3,12
4389,S004390,U000682,2025-03-07 02:55:05,2025-03-07,Paid Ads,Mobile,East,25-34,50K-100K,Credit Card,0,1,662,Product Page Viewed,1,0,0,0,0,Product Page Viewed,Technical issue,18644,3,10
4390,S004391,U004132,2025-05-29 08:05:29,2025-05-29,Direct,Mobile,East,18-24,25K-50K,Credit Card,0,10,904,Product Page Viewed,1,0,0,0,0,Product Page Viewed,Comparing alternatives,27287,5,22
4391,S004392,U003184,2025-05-19 16:42:26,2025-05-19,Email,Mobile,West,25-34,50K-100K,Credit Card,0,12,823,Product Page Viewed,1,0,0,0,0,Product Page Viewed,Comparing alternatives,32499,5,21
4392,S004393,U004164,2025-02-23 06:25:53,2025-02-23,Paid Ads,Desktop,East,18-24,50K-100K,Personal Loan,0,8,755,Lead Form Started,1,1,1,1,0,Lead Form Started,Too many required fields,129893,2,8
4393,S004394,U004171,2025-05-29 08:03:06,2025-05-29,Direct,Tablet,West,18-24,50K-100K,Credit Card,1,3,121,Product Page Viewed,1,0,0,0,0,Product Page Viewed,High interest-rate concern,31122,5,22
4394,S004395,U000616,2025-05-05 03:03:25,2025-05-05,Email,Mobile,South,18-24,100K+,Savings Account,0,8,934,Calculator Used,1,1,0,0,0,Calculator Used,Required information unavailable,19473,5,19
4395,S004396,U002160,2025-04-16 08:51:30,2025-04-16,Email,Mobile,Central,55+,100K+,Credit Card,1,6,320,Lead Form Started,1,1,1,1,0,Lead Form Started,Document requirement concern,20709,4,16
4396,S004397,U001222,2025-02-13 14:52:51,2025-02-13,Organic Search,Desktop,South,45-54,50K-100K,Insurance Plan,0,10,691,Product Page Viewed,1,0,0,0,0,Product Page Viewed,High interest-rate concern,8017,2,7
4397,S004398,U002375,2025-04-02 11:30:41,2025-04-02,Direct,Desktop,South,25-34,Below 25K,Personal Loan,0,1,618,Calculator Used,1,1,0,0,0,Calculator Used,Required information unavailable,141106,4,14
4398,S004399,U000228,2025-01-06 21:58:13,2025-01-06,Direct,Mobile,North,25-34,25K-50K,Savings Account,1,8,1098,Calculator Used,1,1,0,0,0,Calculator Used,Calculator result not attractive,13847,1,2
4399,S004400,U001015,2025-02-05 22:27:57,2025-02-05,Organic Search,Desktop,Central,25-34,50K-100K,Personal Loan,0,3,981,Product Page Viewed,1,0,0,0,0,Product Page Viewed,Technical issue,120252,2,6
4400,S004401,U003601,2025-03-15 16:16:33,2025-03-15,Organic Search,Mobile,East,25-34,25K-50K,Credit Card,0,8,821,Website Visit,0,0,0,0,0,Website Visit,Slow page load,29600,3,11
4401,S004402,U000422,2025-02-17 04:46:36,2025-02-17,Email,Mobile,Central,35-44,25K-50K,Credit Card,1,6,180,Lead Form Started,1,1,1,1,0,Lead Form Started,Document requirement concern,29298,2,8
4402,S004403,U004302,2025-01-07 19:13:36,2025-01-07,Social Media,Desktop,South,45-54,Below 25K,Credit Card,1,10,231,Product Page Viewed,1,0,0,0,0,Product Page Viewed,Technical issue,35784,1,2
4403,S004404,U003016,2025-04-21 12:48:06,2025-04-21,Organic Search,Desktop,North,35-44,100K+,Credit Card,1,9,64,Product Page Viewed,1,0,0,0,0,Product Page Viewed,Unclear product value,29548,4,17
4404,S004405,U003979,2025-04-27 07:39:32,2025-04-27,Paid Ads,Desktop,North,25-34,25K-50K,Credit Card,0,11,154,Calculator Used,1,1,0,0,0,Calculator Used,Comparing alternatives,33974,4,17
4405,S004406,U002362,2025-03-22 04:15:49,2025-03-22,Paid Ads,Desktop,South,25-34,25K-50K,Insurance Plan,0,11,54,Product Page Viewed,1,0,0,0,0,Product Page Viewed,High interest-rate concern,5870,3,12
4406,S004407,U003911,2025-04-24 06:48:05,2025-04-24,Organic Search,Mobile,East,35-44,100K+,Credit Card,1,9,457,Lead Form Submitted,1,1,1,1,1,,,0,4,17
4407,S004408,U001432,2025-06-06 08:19:34,2025-06-06,Organic Search,Mobile,West,25-34,25K-50K,Savings Account,0,4,120,Calculator Used,1,1,0,0,0,Calculator Used,Comparing alternatives,10655,6,23
4408,S004409,U000893,2025-04-15 22:54:55,2025-04-15,Email,Mobile,South,25-34,25K-50K,Insurance Plan,1,11,663,Product Page Viewed,1,0,0,0,0,Product Page Viewed,Technical issue,6623,4,16
4409,S004410,U000256,2025-06-19 16:43:00,2025-06-19,Paid Ads,Tablet,Central,25-34,Below 25K,Personal Loan,1,12,679,Product Page Viewed,1,0,0,0,0,Product Page Viewed,Unclear product value,115103,6,25
4410,S004411,U003703,2025-05-29 09:58:35,2025-05-29,Paid Ads,Desktop,West,25-34,25K-50K,Savings Account,0,4,1086,Website Visit,0,0,0,0,0,Website Visit,Not ready to explore,14869,5,22
4411,S004412,U001129,2025-02-19 09:50:28,2025-02-19,Email,Mobile,Central,25-34,25K-50K,Personal Loan,1,6,724,Calculator Used,1,1,0,0,0,Calculator Used,Required information unavailable,75793,2,8
4412,S004413,U001423,2025-05-26 22:23:20,2025-05-26,Social Media,Desktop,West,25-34,25K-50K,Savings Account,0,11,720,Product Page Viewed,1,0,0,0,0,Product Page Viewed,Technical issue,21732,5,22
4413,S004414,U001145,2025-06-25 04:50:27,2025-06-25,Paid Ads,Mobile,East,35-44,25K-50K,Savings Account,0,10,879,Calculator Used,1,1,0,0,0,Calculator Used,Comparing alternatives,21355,6,26
4414,S004415,U002954,2025-01-27 10:11:38,2025-01-27,Direct,Desktop,East,25-34,25K-50K,Savings Account,0,2,321,Product Page Viewed,1,0,0,0,0,Product Page Viewed,Comparing alternatives,21266,1,5
4415,S004416,U001621,2025-01-03 10:14:21,2025-01-03,Organic Search,Mobile,North,55+,Below 25K,Credit Card,0,10,497,Lead Form Started,1,1,1,1,0,Lead Form Started,Session timeout,34928,1,1
4416,S004417,U002595,2025-03-11 12:32:28,2025-03-11,Email,Desktop,East,45-54,100K+,Insurance Plan,1,10,867,Product Page Viewed,1,0,0,0,0,Product Page Viewed,Comparing alternatives,7853,3,11
4417,S004418,U000587,2025-03-18 08:52:37,2025-03-18,Email,Desktop,East,45-54,50K-100K,Savings Account,0,11,1051,Product Page Viewed,1,0,0,0,0,Product Page Viewed,Unclear product value,19564,3,12
4418,S004419,U002126,2025-03-14 08:38:21,2025-03-14,Paid Ads,Desktop,Central,25-34,25K-50K,Personal Loan,0,5,140,Lead Form Submitted,1,1,1,1,1,,,0,3,11
4419,S004420,U003008,2025-03-02 02:23:38,2025-03-02,Referral,Mobile,West,45-54,50K-100K,Personal Loan,1,11,1067,Lead Form Started,1,1,1,1,0,Lead Form Started,Session timeout,78964,3,9
4420,S004421,U003287,2025-01-19 23:28:57,2025-01-19,Direct,Mobile,North,45-54,Below 25K,Insurance Plan,0,12,130,Calculator Used,1,1,0,0,0,Calculator Used,Comparing alternatives,6954,1,3
4421,S004422,U002745,2025-05-03 20:41:15,2025-05-03,Paid Ads,Mobile,North,25-34,25K-50K,Insurance Plan,0,8,1086,Lead Form Submitted,1,1,1,1,1,,,0,5,18
4422,S004423,U001807,2025-03-19 17:42:52,2025-03-19,Organic Search,Mobile,South,25-34,25K-50K,Credit Card,0,9,308,Calculator Used,1,1,0,0,0,Calculator Used,Technical issue,23400,3,12
4423,S004424,U000221,2025-02-24 12:56:15,2025-02-24,Organic Search,Mobile,South,25-34,Below 25K,Savings Account,0,4,548,Website Visit,0,0,0,0,0,Website Visit,Immediate bounce,14308,2,9
4424,S004425,U003747,2025-02-17 17:56:23,2025-02-17,Paid Ads,Desktop,West,25-34,100K+,Personal Loan,0,12,936,CTA Clicked,1,1,1,0,0,CTA Clicked,Technical issue,102067,2,8
4425,S004426,U001629,2025-01-18 00:19:18,2025-01-18,Organic Search,Desktop,Central,18-24,25K-50K,Savings Account,1,3,835,Product Page Viewed,1,0,0,0,0,Product Page Viewed,Unclear product value,14914,1,3
4426,S004427,U000573,2025-01-10 22:38:25,2025-01-10,Direct,Mobile,West,45-54,50K-100K,Credit Card,1,6,893,Product Page Viewed,1,0,0,0,0,Product Page Viewed,Technical issue,22705,1,2
4427,S004428,U001809,2025-04-17 22:38:31,2025-04-17,Social Media,Tablet,West,25-34,Below 25K,Credit Card,1,11,36,Product Page Viewed,1,0,0,0,0,Product Page Viewed,Unclear product value,35729,4,16
4428,S004429,U003132,2025-01-22 04:11:57,2025-01-22,Direct,Desktop,West,55+,25K-50K,Credit Card,1,2,876,Website Visit,0,0,0,0,0,Website Visit,Slow page load,21389,1,4
4429,S004430,U002262,2025-02-17 11:54:35,2025-02-17,Paid Ads,Mobile,East,35-44,50K-100K,Personal Loan,0,3,1057,Lead Form Submitted,1,1,1,1,1,,,0,2,8
4430,S004431,U003770,2025-02-11 16:33:42,2025-02-11,Social Media,Desktop,East,55+,100K+,Savings Account,0,2,904,Product Page Viewed,1,0,0,0,0,Product Page Viewed,Unclear product value,10918,2,7
4431,S004432,U000358,2025-03-27 19:02:50,2025-03-27,Email,Desktop,West,55+,25K-50K,Credit Card,0,2,1019,Product Page Viewed,1,0,0,0,0,Product Page Viewed,Technical issue,29397,3,13
4432,S004433,U000043,2025-03-10 08:23:00,2025-03-10,Direct,Desktop,East,35-44,Below 25K,Insurance Plan,1,8,1017,Website Visit,0,0,0,0,0,Website Visit,Slow page load,7075,3,11
4433,S004434,U004056,2025-04-03 16:00:30,2025-04-03,Referral,Mobile,East,55+,Below 25K,Personal Loan,1,12,931,Product Page Viewed,1,0,0,0,0,Product Page Viewed,Comparing alternatives,64015,4,14
4434,S004435,U001878,2025-05-08 02:41:15,2025-05-08,Email,Desktop,East,25-34,25K-50K,Savings Account,0,7,168,Product Page Viewed,1,0,0,0,0,Product Page Viewed,Technical issue,11455,5,19
4435,S004436,U001936,2025-04-07 13:00:52,2025-04-07,Paid Ads,Tablet,West,55+,25K-50K,Credit Card,0,4,572,Product Page Viewed,1,0,0,0,0,Product Page Viewed,Comparing alternatives,33835,4,15
4436,S004437,U001381,2025-05-08 19:25:25,2025-05-08,Organic Search,Mobile,East,25-34,50K-100K,Credit Card,0,2,374,Website Visit,0,0,0,0,0,Website Visit,Slow page load,38456,5,19
4437,S004438,U003667,2025-04-24 15:29:28,2025-04-24,Direct,Mobile,Central,55+,100K+,Personal Loan,0,11,534,Calculator Used,1,1,0,0,0,Calculator Used,Technical issue,108913,4,17
4438,S004439,U003968,2025-04-26 19:52:48,2025-04-26,Referral,Desktop,South,35-44,100K+,Savings Account,0,8,372,Product Page Viewed,1,0,0,0,0,Product Page Viewed,Unclear product value,13955,4,17
4439,S004440,U004410,2025-05-23 20:21:50,2025-05-23,Organic Search,Mobile,West,25-34,50K-100K,Personal Loan,0,10,1045,Product Page Viewed,1,0,0,0,0,Product Page Viewed,Technical issue,160457,5,21
4440,S004441,U002107,2025-01-20 18:56:56,2025-01-20,Organic Search,Mobile,North,35-44,50K-100K,Insurance Plan,0,3,432,Product Page Viewed,1,0,0,0,0,Product Page Viewed,High interest-rate concern,7477,1,4
4441,S004442,U002847,2025-02-15 01:33:13,2025-02-15,Direct,Tablet,North,25-34,50K-100K,Personal Loan,0,1,191,Product Page Viewed,1,0,0,0,0,Product Page Viewed,High interest-rate concern,158540,2,7
4442,S004443,U001640,2025-01-16 18:22:40,2025-01-16,Organic Search,Desktop,West,55+,Below 25K,Credit Card,0,4,440,Lead Form Submitted,1,1,1,1,1,,,0,1,3
4443,S004444,U001782,2025-05-01 04:33:34,2025-05-01,Organic Search,Mobile,Central,45-54,50K-100K,Savings Account,0,3,668,Calculator Used,1,1,0,0,0,Calculator Used,Comparing alternatives,15470,5,18
4444,S004445,U001572,2025-06-22 04:15:37,2025-06-22,Organic Search,Desktop,South,25-34,50K-100K,Personal Loan,1,4,72,Lead Form Submitted,1,1,1,1,1,,,0,6,25
4445,S004446,U002046,2025-06-28 18:41:59,2025-06-28,Email,Mobile,West,55+,50K-100K,Credit Card,0,4,1146,Product Page Viewed,1,0,0,0,0,Product Page Viewed,High interest-rate concern,33281,6,26
4446,S004447,U000262,2025-06-24 04:52:56,2025-06-24,Referral,Desktop,North,25-34,100K+,Personal Loan,0,3,755,Lead Form Submitted,1,1,1,1,1,,,0,6,26
4447,S004448,U000738,2025-05-12 18:05:07,2025-05-12,Social Media,Mobile,South,45-54,50K-100K,Credit Card,0,9,727,Lead Form Started,1,1,1,1,0,Lead Form Started,Document requirement concern,20916,5,20
4448,S004449,U002331,2025-01-19 15:55:54,2025-01-19,Organic Search,Mobile,West,35-44,25K-50K,Credit Card,0,9,801,Lead Form Submitted,1,1,1,1,1,,,0,1,3
4449,S004450,U003680,2025-02-10 23:26:13,2025-02-10,Direct,Mobile,West,45-54,Below 25K,Insurance Plan,0,1,248,Product Page Viewed,1,0,0,0,0,Product Page Viewed,Comparing alternatives,10459,2,7
4450,S004451,U001712,2025-02-20 07:14:26,2025-02-20,Social Media,Mobile,North,35-44,50K-100K,Savings Account,0,3,118,Product Page Viewed,1,0,0,0,0,Product Page Viewed,Technical issue,9347,2,8
4451,S004452,U000844,2025-03-30 11:04:58,2025-03-30,Organic Search,Desktop,Central,35-44,100K+,Credit Card,1,4,486,Website Visit,0,0,0,0,0,Website Visit,Not ready to explore,40128,3,13
4452,S004453,U003671,2025-03-10 00:38:24,2025-03-10,Paid Ads,Mobile,East,25-34,50K-100K,Personal Loan,0,10,1154,Product Page Viewed,1,0,0,0,0,Product Page Viewed,High interest-rate concern,159393,3,11
4453,S004454,U001371,2025-01-06 16:36:19,2025-01-06,Referral,Mobile,South,25-34,100K+,Credit Card,1,10,247,Lead Form Started,1,1,1,1,0,Lead Form Started,Session timeout,20924,1,2
4454,S004455,U000118,2025-06-16 17:10:27,2025-06-16,Email,Tablet,North,35-44,50K-100K,Personal Loan,0,7,897,Calculator Used,1,1,0,0,0,Calculator Used,Required information unavailable,131810,6,25
4455,S004456,U001512,2025-03-18 07:36:27,2025-03-18,Paid Ads,Desktop,South,55+,50K-100K,Credit Card,0,11,951,Product Page Viewed,1,0,0,0,0,Product Page Viewed,Comparing alternatives,21732,3,12
4456,S004457,U001794,2025-03-08 12:28:21,2025-03-08,Email,Mobile,South,18-24,25K-50K,Credit Card,0,10,715,Product Page Viewed,1,0,0,0,0,Product Page Viewed,Technical issue,20585,3,10
4457,S004458,U004326,2025-03-20 00:34:45,2025-03-20,Organic Search,Desktop,South,35-44,25K-50K,Personal Loan,1,2,134,Calculator Used,1,1,0,0,0,Calculator Used,Comparing alternatives,109063,3,12
4458,S004459,U003123,2025-01-08 11:16:05,2025-01-08,Email,Mobile,North,45-54,25K-50K,Credit Card,0,5,207,Website Visit,0,0,0,0,0,Website Visit,Immediate bounce,20619,1,2
4459,S004460,U001549,2025-01-22 08:33:13,2025-01-22,Paid Ads,Tablet,West,18-24,100K+,Personal Loan,0,6,708,Product Page Viewed,1,0,0,0,0,Product Page Viewed,Unclear product value,95294,1,4
4460,S004461,U002319,2025-02-10 04:44:10,2025-02-10,Paid Ads,Mobile,West,25-34,Below 25K,Personal Loan,0,12,570,Product Page Viewed,1,0,0,0,0,Product Page Viewed,Comparing alternatives,156621,2,7
4461,S004462,U004049,2025-01-23 11:06:33,2025-01-23,Organic Search,Tablet,South,25-34,100K+,Personal Loan,0,9,686,Product Page Viewed,1,0,0,0,0,Product Page Viewed,Technical issue,109808,1,4
4462,S004463,U000688,2025-06-14 23:27:12,2025-06-14,Paid Ads,Desktop,North,45-54,25K-50K,Savings Account,0,12,368,Product Page Viewed,1,0,0,0,0,Product Page Viewed,High interest-rate concern,14008,6,24
4463,S004464,U001685,2025-06-26 19:44:46,2025-06-26,Direct,Tablet,Central,45-54,Below 25K,Savings Account,0,12,600,Product Page Viewed,1,0,0,0,0,Product Page Viewed,Unclear product value,9690,6,26
4464,S004465,U003846,2025-05-28 20:17:49,2025-05-28,Organic Search,Desktop,East,25-34,Below 25K,Credit Card,1,8,870,Product Page Viewed,1,0,0,0,0,Product Page Viewed,High interest-rate concern,32777,5,22
4465,S004466,U001758,2025-02-19 16:45:51,2025-02-19,Email,Desktop,West,45-54,25K-50K,Credit Card,0,1,392,Lead Form Submitted,1,1,1,1,1,,,0,2,8
4466,S004467,U004116,2025-01-14 16:47:06,2025-01-14,Paid Ads,Mobile,South,45-54,25K-50K,Personal Loan,0,8,25,CTA Clicked,1,1,1,0,0,CTA Clicked,Privacy concern,130271,1,3
4467,S004468,U001231,2025-01-01 15:25:49,2025-01-01,Direct,Mobile,East,25-34,25K-50K,Credit Card,0,1,454,Product Page Viewed,1,0,0,0,0,Product Page Viewed,Unclear product value,27771,1,1
4468,S004469,U002101,2025-02-20 05:08:39,2025-02-20,Social Media,Mobile,Central,25-34,100K+,Personal Loan,0,10,986,Calculator Used,1,1,0,0,0,Calculator Used,Calculator result not attractive,158766,2,8
4469,S004470,U002835,2025-06-07 15:44:07,2025-06-07,Direct,Tablet,Central,35-44,25K-50K,Personal Loan,1,5,150,Calculator Used,1,1,0,0,0,Calculator Used,Calculator result not attractive,134911,6,23
4470,S004471,U000397,2025-03-09 13:26:05,2025-03-09,Organic Search,Mobile,Central,25-34,100K+,Savings Account,0,8,923,Website Visit,0,0,0,0,0,Website Visit,Landing page mismatch,10663,3,10
4471,S004472,U003807,2025-03-31 13:24:35,2025-03-31,Referral,Mobile,North,35-44,Below 25K,Credit Card,1,1,528,Calculator Used,1,1,0,0,0,Calculator Used,Comparing alternatives,25998,3,14
4472,S004473,U001785,2025-03-19 19:04:46,2025-03-19,Social Media,Mobile,North,45-54,50K-100K,Credit Card,0,9,316,Lead Form Submitted,1,1,1,1,1,,,0,3,12
4473,S004474,U000386,2025-04-04 11:39:13,2025-04-04,Social Media,Mobile,West,45-54,50K-100K,Credit Card,1,9,52,Product Page Viewed,1,0,0,0,0,Product Page Viewed,High interest-rate concern,39087,4,14
4474,S004475,U004313,2025-03-07 20:37:14,2025-03-07,Email,Tablet,South,25-34,25K-50K,Credit Card,1,4,835,Product Page Viewed,1,0,0,0,0,Product Page Viewed,High interest-rate concern,22997,3,10
4475,S004476,U004333,2025-02-05 17:38:43,2025-02-05,Organic Search,Desktop,Central,25-34,100K+,Credit Card,0,10,864,Calculator Used,1,1,0,0,0,Calculator Used,Calculator result not attractive,18528,2,6
4476,S004477,U003244,2025-03-24 18:58:12,2025-03-24,Social Media,Tablet,South,25-34,25K-50K,Insurance Plan,0,6,709,CTA Clicked,1,1,1,0,0,CTA Clicked,Not ready to apply,6089,3,13
4477,S004478,U002621,2025-02-15 13:12:30,2025-02-15,Direct,Mobile,South,18-24,25K-50K,Personal Loan,0,10,946,Product Page Viewed,1,0,0,0,0,Product Page Viewed,Unclear product value,125984,2,7
4478,S004479,U004228,2025-05-15 05:47:41,2025-05-15,Paid Ads,Mobile,South,25-34,25K-50K,Credit Card,1,2,67,Product Page Viewed,1,0,0,0,0,Product Page Viewed,Technical issue,39971,5,20
4479,S004480,U002973,2025-05-28 01:10:09,2025-05-28,Email,Mobile,North,25-34,50K-100K,Credit Card,0,12,94,Calculator Used,1,1,0,0,0,Calculator Used,Comparing alternatives,16902,5,22
4480,S004481,U002158,2025-05-28 20:10:00,2025-05-28,Organic Search,Mobile,West,25-34,Below 25K,Credit Card,1,4,35,CTA Clicked,1,1,1,0,0,CTA Clicked,Privacy concern,25195,5,22
4481,S004482,U002399,2025-06-25 05:29:34,2025-06-25,Organic Search,Desktop,East,25-34,25K-50K,Savings Account,0,7,625,Product Page Viewed,1,0,0,0,0,Product Page Viewed,High interest-rate concern,21411,6,26
4482,S004483,U000241,2025-02-13 11:59:16,2025-02-13,Social Media,Desktop,East,18-24,25K-50K,Insurance Plan,0,7,821,Product Page Viewed,1,0,0,0,0,Product Page Viewed,Technical issue,10614,2,7
4483,S004484,U003543,2025-05-29 08:31:08,2025-05-29,Organic Search,Desktop,West,35-44,100K+,Personal Loan,0,7,16,Lead Form Submitted,1,1,1,1,1,,,0,5,22
4484,S004485,U001363,2025-03-17 18:53:24,2025-03-17,Social Media,Mobile,East,25-34,Below 25K,Credit Card,0,2,313,Calculator Used,1,1,0,0,0,Calculator Used,Required information unavailable,28201,3,12
4485,S004486,U003789,2025-01-01 17:26:04,2025-01-01,Organic Search,Desktop,West,35-44,100K+,Personal Loan,1,9,934,Calculator Used,1,1,0,0,0,Calculator Used,Calculator result not attractive,161792,1,1
4486,S004487,U003618,2025-06-15 20:00:39,2025-06-15,Social Media,Desktop,South,25-34,25K-50K,Personal Loan,0,4,442,Product Page Viewed,1,0,0,0,0,Product Page Viewed,Comparing alternatives,137477,6,24
4487,S004488,U002926,2025-03-16 17:54:42,2025-03-16,Organic Search,Mobile,North,45-54,25K-50K,Personal Loan,1,10,1072,Product Page Viewed,1,0,0,0,0,Product Page Viewed,Unclear product value,78401,3,11
4488,S004489,U000455,2025-01-30 09:38:22,2025-01-30,Email,Mobile,South,18-24,25K-50K,Credit Card,0,2,899,Lead Form Submitted,1,1,1,1,1,,,0,1,5
4489,S004490,U000306,2025-04-10 11:28:35,2025-04-10,Paid Ads,Mobile,Central,45-54,100K+,Personal Loan,1,5,812,Product Page Viewed,1,0,0,0,0,Product Page Viewed,Technical issue,103165,4,15
4490,S004491,U004486,2025-05-03 12:45:52,2025-05-03,Organic Search,Desktop,West,18-24,50K-100K,Insurance Plan,0,12,876,Lead Form Started,1,1,1,1,0,Lead Form Started,Session timeout,10281,5,18
4491,S004492,U000283,2025-03-19 21:10:03,2025-03-19,Organic Search,Mobile,North,25-34,50K-100K,Credit Card,0,1,344,Product Page Viewed,1,0,0,0,0,Product Page Viewed,High interest-rate concern,25265,3,12
4492,S004493,U000098,2025-04-01 18:02:46,2025-04-01,Paid Ads,Desktop,North,55+,25K-50K,Personal Loan,0,10,499,Calculator Used,1,1,0,0,0,Calculator Used,Calculator result not attractive,87818,4,14
4493,S004494,U003075,2025-05-05 02:52:43,2025-05-05,Email,Desktop,South,35-44,25K-50K,Personal Loan,1,7,184,Calculator Used,1,1,0,0,0,Calculator Used,Comparing alternatives,73462,5,19
4494,S004495,U000281,2025-03-20 00:27:59,2025-03-20,Organic Search,Desktop,Central,35-44,100K+,Credit Card,1,2,617,CTA Clicked,1,1,1,0,0,CTA Clicked,Not ready to apply,31206,3,12
4495,S004496,U001858,2025-03-08 18:54:07,2025-03-08,Referral,Mobile,North,45-54,50K-100K,Personal Loan,0,10,176,Calculator Used,1,1,0,0,0,Calculator Used,Calculator result not attractive,126695,3,10
4496,S004497,U003565,2025-05-12 06:59:43,2025-05-12,Referral,Mobile,West,45-54,100K+,Savings Account,0,10,837,Product Page Viewed,1,0,0,0,0,Product Page Viewed,Technical issue,11390,5,20
4497,S004498,U003685,2025-01-19 02:45:36,2025-01-19,Direct,Mobile,South,35-44,Below 25K,Personal Loan,0,10,563,Lead Form Submitted,1,1,1,1,1,,,0,1,3
4498,S004499,U003085,2025-05-26 21:27:34,2025-05-26,Organic Search,Mobile,West,55+,25K-50K,Credit Card,0,10,198,Lead Form Submitted,1,1,1,1,1,,,0,5,22
4499,S004500,U003501,2025-06-04 00:16:10,2025-06-04,Direct,Mobile,Central,35-44,25K-50K,Credit Card,0,1,1066,Website Visit,0,0,0,0,0,Website Visit,Landing page mismatch,28857,6,23
4500,S004501,U003798,2025-02-16 19:13:33,2025-02-16,Organic Search,Mobile,West,55+,25K-50K,Personal Loan,0,1,910,Product Page Viewed,1,0,0,0,0,Product Page Viewed,High interest-rate concern,150572,2,7
4501,S004502,U003991,2025-01-21 08:38:05,2025-01-21,Paid Ads,Mobile,South,35-44,50K-100K,Personal Loan,0,3,610,Product Page Viewed,1,0,0,0,0,Product Page Viewed,Comparing alternatives,129308,1,4
4502,S004503,U002724,2025-02-13 00:10:48,2025-02-13,Direct,Desktop,South,35-44,50K-100K,Insurance Plan,0,3,330,Product Page Viewed,1,0,0,0,0,Product Page Viewed,Comparing alternatives,5214,2,7
4503,S004504,U002095,2025-06-26 14:15:58,2025-06-26,Social Media,Desktop,South,55+,25K-50K,Savings Account,0,10,897,Calculator Used,1,1,0,0,0,Calculator Used,Calculator result not attractive,11596,6,26
4504,S004505,U002440,2025-04-13 13:15:43,2025-04-13,Organic Search,Mobile,North,25-34,50K-100K,Credit Card,0,8,434,Product Page Viewed,1,0,0,0,0,Product Page Viewed,High interest-rate concern,35308,4,15
4505,S004506,U004424,2025-04-05 17:13:44,2025-04-05,Referral,Mobile,South,25-34,25K-50K,Savings Account,0,1,614,CTA Clicked,1,1,1,0,0,CTA Clicked,Privacy concern,22189,4,14
4506,S004507,U003955,2025-02-24 10:43:56,2025-02-24,Direct,Desktop,North,55+,25K-50K,Personal Loan,0,5,160,Calculator Used,1,1,0,0,0,Calculator Used,Required information unavailable,73183,2,9
4507,S004508,U001289,2025-06-27 12:51:23,2025-06-27,Email,Desktop,East,55+,25K-50K,Savings Account,1,6,176,Calculator Used,1,1,0,0,0,Calculator Used,Calculator result not attractive,14304,6,26
4508,S004509,U003617,2025-06-28 17:37:33,2025-06-28,Paid Ads,Mobile,North,55+,25K-50K,Savings Account,0,3,247,CTA Clicked,1,1,1,0,0,CTA Clicked,Technical issue,14873,6,26
4509,S004510,U001740,2025-05-08 17:20:32,2025-05-08,Direct,Mobile,Central,45-54,50K-100K,Personal Loan,0,11,1021,Website Visit,0,0,0,0,0,Website Visit,Slow page load,161746,5,19
4510,S004511,U000752,2025-01-26 01:59:42,2025-01-26,Referral,Mobile,South,18-24,100K+,Personal Loan,0,7,368,Lead Form Submitted,1,1,1,1,1,,,0,1,4
4511,S004512,U000474,2025-01-19 17:57:29,2025-01-19,Organic Search,Mobile,South,18-24,50K-100K,Savings Account,0,10,256,Calculator Used,1,1,0,0,0,Calculator Used,Required information unavailable,19695,1,3
4512,S004513,U002528,2025-01-18 04:13:36,2025-01-18,Direct,Mobile,West,25-34,50K-100K,Personal Loan,0,2,577,Lead Form Submitted,1,1,1,1,1,,,0,1,3
4513,S004514,U003825,2025-01-21 11:59:32,2025-01-21,Paid Ads,Mobile,East,35-44,Below 25K,Personal Loan,0,7,352,Product Page Viewed,1,0,0,0,0,Product Page Viewed,High interest-rate concern,95074,1,4
4514,S004515,U002286,2025-03-09 18:37:38,2025-03-09,Paid Ads,Mobile,East,35-44,25K-50K,Personal Loan,1,5,961,Product Page Viewed,1,0,0,0,0,Product Page Viewed,Technical issue,152708,3,10
4515,S004516,U002156,2025-05-26 03:07:04,2025-05-26,Direct,Mobile,East,25-34,50K-100K,Credit Card,0,9,214,Calculator Used,1,1,0,0,0,Calculator Used,Calculator result not attractive,25748,5,22
4516,S004517,U003515,2025-01-09 13:53:14,2025-01-09,Referral,Desktop,West,25-34,Below 25K,Savings Account,0,6,29,Product Page Viewed,1,0,0,0,0,Product Page Viewed,Technical issue,14743,1,2
4517,S004518,U002976,2025-01-21 13:17:40,2025-01-21,Referral,Mobile,Central,45-54,Below 25K,Insurance Plan,1,1,1124,Lead Form Started,1,1,1,1,0,Lead Form Started,Document requirement concern,7436,1,4
4518,S004519,U000154,2025-05-31 22:39:27,2025-05-31,Referral,Mobile,North,45-54,25K-50K,Credit Card,0,6,1145,Product Page Viewed,1,0,0,0,0,Product Page Viewed,High interest-rate concern,17181,5,22
4519,S004520,U001579,2025-04-27 11:47:40,2025-04-27,Email,Desktop,West,25-34,Below 25K,Savings Account,0,9,578,Product Page Viewed,1,0,0,0,0,Product Page Viewed,Technical issue,22191,4,17
4520,S004521,U003361,2025-04-20 16:51:13,2025-04-20,Organic Search,Mobile,East,25-34,100K+,Personal Loan,0,2,419,Product Page Viewed,1,0,0,0,0,Product Page Viewed,High interest-rate concern,91643,4,16
4521,S004522,U004499,2025-02-26 15:58:41,2025-02-26,Social Media,Mobile,Central,25-34,25K-50K,Savings Account,0,11,355,Calculator Used,1,1,0,0,0,Calculator Used,Calculator result not attractive,15561,2,9
4522,S004523,U003593,2025-02-03 23:27:06,2025-02-03,Direct,Mobile,North,55+,50K-100K,Credit Card,0,1,252,Calculator Used,1,1,0,0,0,Calculator Used,Technical issue,22180,2,6
4523,S004524,U000903,2025-05-20 17:56:00,2025-05-20,Direct,Desktop,Central,35-44,50K-100K,Credit Card,1,2,320,Lead Form Submitted,1,1,1,1,1,,,0,5,21
4524,S004525,U000521,2025-03-19 20:25:56,2025-03-19,Social Media,Mobile,Central,25-34,Below 25K,Personal Loan,0,8,787,Product Page Viewed,1,0,0,0,0,Product Page Viewed,Comparing alternatives,94285,3,12
4525,S004526,U002206,2025-02-21 17:18:58,2025-02-21,Email,Desktop,West,45-54,25K-50K,Insurance Plan,0,11,167,Product Page Viewed,1,0,0,0,0,Product Page Viewed,Comparing alternatives,7902,2,8
4526,S004527,U000264,2025-05-17 11:52:47,2025-05-17,Referral,Mobile,Central,25-34,100K+,Credit Card,0,12,1147,Product Page Viewed,1,0,0,0,0,Product Page Viewed,Unclear product value,22048,5,20
4527,S004528,U002320,2025-06-29 03:22:22,2025-06-29,Paid Ads,Tablet,East,25-34,Below 25K,Savings Account,0,6,512,CTA Clicked,1,1,1,0,0,CTA Clicked,Privacy concern,9455,6,26
4528,S004529,U003162,2025-05-21 14:22:22,2025-05-21,Paid Ads,Mobile,Central,25-34,50K-100K,Credit Card,0,5,26,CTA Clicked,1,1,1,0,0,CTA Clicked,Form looked too long,37620,5,21
4529,S004530,U003667,2025-02-01 05:41:00,2025-02-01,Paid Ads,Mobile,East,35-44,Below 25K,Personal Loan,1,11,387,Lead Form Submitted,1,1,1,1,1,,,0,2,5
4530,S004531,U004362,2025-01-09 00:56:56,2025-01-09,Referral,Mobile,West,55+,100K+,Savings Account,0,2,105,Product Page Viewed,1,0,0,0,0,Product Page Viewed,Comparing alternatives,19971,1,2
4531,S004532,U002605,2025-05-27 19:17:42,2025-05-27,Referral,Mobile,Central,35-44,100K+,Credit Card,0,4,557,CTA Clicked,1,1,1,0,0,CTA Clicked,Privacy concern,39680,5,22
4532,S004533,U000315,2025-02-28 06:37:24,2025-02-28,Direct,Desktop,West,35-44,25K-50K,Personal Loan,1,4,944,Product Page Viewed,1,0,0,0,0,Product Page Viewed,Technical issue,145589,2,9
4533,S004534,U002611,2025-03-27 10:50:24,2025-03-27,Direct,Desktop,Central,55+,50K-100K,Credit Card,0,6,1045,Lead Form Started,1,1,1,1,0,Lead Form Started,Technical issue,17033,3,13
4534,S004535,U003163,2025-04-20 22:52:07,2025-04-20,Organic Search,Mobile,North,35-44,50K-100K,Personal Loan,0,4,569,Product Page Viewed,1,0,0,0,0,Product Page Viewed,Comparing alternatives,126138,4,16
4535,S004536,U001793,2025-05-02 09:16:30,2025-05-02,Direct,Desktop,West,45-54,Below 25K,Personal Loan,0,1,462,Product Page Viewed,1,0,0,0,0,Product Page Viewed,High interest-rate concern,64872,5,18
4536,S004537,U000451,2025-04-03 23:42:07,2025-04-03,Organic Search,Desktop,West,25-34,50K-100K,Insurance Plan,0,12,449,Product Page Viewed,1,0,0,0,0,Product Page Viewed,High interest-rate concern,8511,4,14
4537,S004538,U002497,2025-01-10 01:19:48,2025-01-10,Social Media,Desktop,Central,25-34,50K-100K,Personal Loan,0,11,1047,Product Page Viewed,1,0,0,0,0,Product Page Viewed,Unclear product value,89167,1,2
4538,S004539,U003768,2025-04-23 22:10:47,2025-04-23,Direct,Mobile,West,18-24,Below 25K,Credit Card,0,6,605,Product Page Viewed,1,0,0,0,0,Product Page Viewed,Comparing alternatives,30245,4,17
4539,S004540,U001440,2025-06-02 19:52:56,2025-06-02,Direct,Mobile,North,25-34,25K-50K,Savings Account,0,2,117,Website Visit,0,0,0,0,0,Website Visit,Immediate bounce,10941,6,23
4540,S004541,U001231,2025-05-15 07:57:59,2025-05-15,Social Media,Mobile,Central,35-44,50K-100K,Credit Card,1,11,1170,Product Page Viewed,1,0,0,0,0,Product Page Viewed,Unclear product value,20542,5,20
4541,S004542,U000730,2025-05-19 14:54:45,2025-05-19,Organic Search,Desktop,North,45-54,50K-100K,Insurance Plan,0,6,1174,Product Page Viewed,1,0,0,0,0,Product Page Viewed,Comparing alternatives,5509,5,21
4542,S004543,U003952,2025-05-07 10:28:24,2025-05-07,Paid Ads,Mobile,Central,35-44,100K+,Savings Account,0,7,1118,Lead Form Started,1,1,1,1,0,Lead Form Started,Technical issue,12037,5,19
4543,S004544,U004218,2025-04-20 14:08:17,2025-04-20,Referral,Desktop,South,45-54,100K+,Savings Account,1,3,262,Lead Form Submitted,1,1,1,1,1,,,0,4,16
4544,S004545,U000460,2025-01-20 05:09:04,2025-01-20,Organic Search,Tablet,East,25-34,50K-100K,Personal Loan,0,10,511,Product Page Viewed,1,0,0,0,0,Product Page Viewed,Unclear product value,117236,1,4
4545,S004546,U002099,2025-06-19 22:26:33,2025-06-19,Paid Ads,Mobile,South,25-34,25K-50K,Personal Loan,0,1,1158,Website Visit,0,0,0,0,0,Website Visit,Not ready to explore,129158,6,25
4546,S004547,U004063,2025-02-02 17:15:42,2025-02-02,Referral,Mobile,Central,45-54,100K+,Savings Account,1,11,775,Lead Form Started,1,1,1,1,0,Lead Form Started,Session timeout,10747,2,5
4547,S004548,U003044,2025-03-26 08:14:36,2025-03-26,Direct,Mobile,East,25-34,25K-50K,Credit Card,1,4,1048,Product Page Viewed,1,0,0,0,0,Product Page Viewed,Technical issue,28636,3,13
4548,S004549,U000156,2025-01-15 05:57:04,2025-01-15,Social Media,Desktop,Central,25-34,25K-50K,Credit Card,0,9,254,Product Page Viewed,1,0,0,0,0,Product Page Viewed,Unclear product value,26579,1,3
4549,S004550,U001373,2025-02-19 12:04:23,2025-02-19,Paid Ads,Mobile,North,35-44,100K+,Insurance Plan,0,2,129,Product Page Viewed,1,0,0,0,0,Product Page Viewed,Comparing alternatives,7428,2,8
4550,S004551,U002988,2025-04-28 19:21:37,2025-04-28,Paid Ads,Mobile,South,55+,50K-100K,Insurance Plan,0,12,1012,CTA Clicked,1,1,1,0,0,CTA Clicked,Form looked too long,5999,4,18
4551,S004552,U003660,2025-04-14 02:34:18,2025-04-14,Organic Search,Mobile,South,25-34,50K-100K,Personal Loan,1,10,526,Calculator Used,1,1,0,0,0,Calculator Used,Comparing alternatives,104348,4,16
4552,S004553,U000547,2025-06-18 15:42:26,2025-06-18,Paid Ads,Tablet,North,25-34,25K-50K,Savings Account,1,9,983,Calculator Used,1,1,0,0,0,Calculator Used,Required information unavailable,13464,6,25
4553,S004554,U003483,2025-04-01 19:57:14,2025-04-01,Organic Search,Desktop,North,18-24,50K-100K,Credit Card,1,4,339,Product Page Viewed,1,0,0,0,0,Product Page Viewed,Comparing alternatives,31075,4,14
4554,S004555,U001320,2025-01-17 10:58:44,2025-01-17,Paid Ads,Mobile,East,35-44,25K-50K,Insurance Plan,0,12,863,Product Page Viewed,1,0,0,0,0,Product Page Viewed,High interest-rate concern,6778,1,3
4555,S004556,U002120,2025-02-18 13:55:46,2025-02-18,Direct,Desktop,East,18-24,Below 25K,Credit Card,0,5,705,Product Page Viewed,1,0,0,0,0,Product Page Viewed,Technical issue,21227,2,8
4556,S004557,U004048,2025-03-12 08:30:15,2025-03-12,Organic Search,Mobile,Central,45-54,25K-50K,Insurance Plan,0,5,1080,Product Page Viewed,1,0,0,0,0,Product Page Viewed,High interest-rate concern,7179,3,11
4557,S004558,U003443,2025-06-02 06:10:49,2025-06-02,Paid Ads,Desktop,East,35-44,50K-100K,Credit Card,0,1,1156,Calculator Used,1,1,0,0,0,Calculator Used,Calculator result not attractive,18222,6,23
4558,S004559,U003684,2025-01-15 15:28:27,2025-01-15,Email,Tablet,Central,45-54,25K-50K,Personal Loan,1,12,1164,Product Page Viewed,1,0,0,0,0,Product Page Viewed,Comparing alternatives,63762,1,3
4559,S004560,U001221,2025-06-23 19:57:19,2025-06-23,Direct,Desktop,North,35-44,100K+,Credit Card,0,10,174,Product Page Viewed,1,0,0,0,0,Product Page Viewed,Technical issue,16577,6,26
4560,S004561,U002032,2025-05-27 12:07:35,2025-05-27,Paid Ads,Desktop,South,45-54,100K+,Credit Card,1,12,893,Calculator Used,1,1,0,0,0,Calculator Used,Comparing alternatives,39124,5,22
4561,S004562,U000664,2025-01-14 16:21:57,2025-01-14,Direct,Desktop,South,45-54,25K-50K,Personal Loan,1,5,868,Website Visit,0,0,0,0,0,Website Visit,Not ready to explore,80614,1,3
4562,S004563,U002390,2025-05-15 18:08:29,2025-05-15,Social Media,Mobile,Central,18-24,50K-100K,Personal Loan,0,11,270,Product Page Viewed,1,0,0,0,0,Product Page Viewed,Unclear product value,107655,5,20
4563,S004564,U001549,2025-06-16 14:06:07,2025-06-16,Paid Ads,Desktop,South,45-54,100K+,Credit Card,1,1,875,Product Page Viewed,1,0,0,0,0,Product Page Viewed,High interest-rate concern,38314,6,25
4564,S004565,U001385,2025-02-19 17:22:52,2025-02-19,Direct,Mobile,West,45-54,25K-50K,Credit Card,1,12,156,Calculator Used,1,1,0,0,0,Calculator Used,Calculator result not attractive,35522,2,8
4565,S004566,U002821,2025-04-09 10:38:06,2025-04-09,Direct,Mobile,East,45-54,50K-100K,Personal Loan,0,9,201,Product Page Viewed,1,0,0,0,0,Product Page Viewed,Comparing alternatives,155875,4,15
4566,S004567,U003660,2025-05-15 01:31:12,2025-05-15,Paid Ads,Desktop,West,35-44,25K-50K,Personal Loan,0,7,119,Calculator Used,1,1,0,0,0,Calculator Used,Required information unavailable,75669,5,20
4567,S004568,U000018,2025-03-15 01:58:11,2025-03-15,Direct,Mobile,South,25-34,50K-100K,Insurance Plan,0,11,304,Calculator Used,1,1,0,0,0,Calculator Used,Required information unavailable,10234,3,11
4568,S004569,U001110,2025-05-18 07:32:05,2025-05-18,Social Media,Tablet,South,55+,100K+,Savings Account,0,8,511,Product Page Viewed,1,0,0,0,0,Product Page Viewed,Comparing alternatives,20244,5,20
4569,S004570,U002042,2025-06-19 06:19:58,2025-06-19,Referral,Desktop,South,35-44,50K-100K,Credit Card,0,4,816,Lead Form Submitted,1,1,1,1,1,,,0,6,25
4570,S004571,U000468,2025-06-24 02:00:41,2025-06-24,Paid Ads,Desktop,East,45-54,100K+,Credit Card,0,12,399,Website Visit,0,0,0,0,0,Website Visit,Immediate bounce,31166,6,26
4571,S004572,U000317,2025-02-10 18:21:51,2025-02-10,Organic Search,Mobile,South,25-34,25K-50K,Insurance Plan,0,8,275,Lead Form Started,1,1,1,1,0,Lead Form Started,Too many required fields,5273,2,7
4572,S004573,U000453,2025-06-10 20:57:36,2025-06-10,Direct,Mobile,South,25-34,50K-100K,Personal Loan,0,6,995,Lead Form Submitted,1,1,1,1,1,,,0,6,24
4573,S004574,U000939,2025-06-11 16:36:09,2025-06-11,Email,Mobile,Central,18-24,50K-100K,Insurance Plan,1,8,476,Lead Form Started,1,1,1,1,0,Lead Form Started,Session timeout,4981,6,24
4574,S004575,U002206,2025-02-03 19:03:21,2025-02-03,Direct,Mobile,West,45-54,25K-50K,Insurance Plan,0,12,843,Lead Form Started,1,1,1,1,0,Lead Form Started,Session timeout,6023,2,6
4575,S004576,U000175,2025-04-20 17:47:51,2025-04-20,Organic Search,Desktop,West,18-24,100K+,Insurance Plan,0,12,834,Lead Form Submitted,1,1,1,1,1,,,0,4,16
4576,S004577,U002723,2025-01-15 07:11:35,2025-01-15,Paid Ads,Mobile,Central,25-34,50K-100K,Insurance Plan,1,6,64,Calculator Used,1,1,0,0,0,Calculator Used,Technical issue,6305,1,3
4577,S004578,U002822,2025-02-08 14:25:03,2025-02-08,Organic Search,Mobile,South,35-44,25K-50K,Personal Loan,1,4,367,Calculator Used,1,1,0,0,0,Calculator Used,Required information unavailable,93164,2,6
4578,S004579,U001574,2025-01-29 10:48:33,2025-01-29,Direct,Desktop,South,25-34,Below 25K,Personal Loan,0,3,1176,Lead Form Started,1,1,1,1,0,Lead Form Started,Technical issue,79869,1,5
4579,S004580,U001074,2025-04-11 13:33:20,2025-04-11,Direct,Mobile,West,45-54,25K-50K,Personal Loan,0,12,586,Product Page Viewed,1,0,0,0,0,Product Page Viewed,Unclear product value,124687,4,15
4580,S004581,U000488,2025-06-07 00:47:59,2025-06-07,Organic Search,Mobile,East,25-34,25K-50K,Personal Loan,0,2,435,Product Page Viewed,1,0,0,0,0,Product Page Viewed,High interest-rate concern,100127,6,23
4581,S004582,U004560,2025-06-09 06:32:46,2025-06-09,Referral,Mobile,South,45-54,50K-100K,Personal Loan,0,9,407,Lead Form Submitted,1,1,1,1,1,,,0,6,24
4582,S004583,U004457,2025-03-31 00:39:58,2025-03-31,Referral,Desktop,West,35-44,100K+,Credit Card,0,5,416,Calculator Used,1,1,0,0,0,Calculator Used,Calculator result not attractive,24464,3,14
4583,S004584,U000518,2025-05-18 10:05:24,2025-05-18,Direct,Mobile,Central,18-24,25K-50K,Credit Card,0,3,1104,Product Page Viewed,1,0,0,0,0,Product Page Viewed,Comparing alternatives,26821,5,20
4584,S004585,U001681,2025-03-25 04:14:22,2025-03-25,Organic Search,Desktop,Central,45-54,100K+,Credit Card,0,5,316,Calculator Used,1,1,0,0,0,Calculator Used,Comparing alternatives,22757,3,13
4585,S004586,U002312,2025-03-09 09:19:08,2025-03-09,Direct,Mobile,East,55+,100K+,Credit Card,1,11,573,CTA Clicked,1,1,1,0,0,CTA Clicked,Technical issue,23141,3,10
4586,S004587,U003467,2025-05-19 19:50:55,2025-05-19,Paid Ads,Desktop,South,55+,25K-50K,Personal Loan,0,2,71,Product Page Viewed,1,0,0,0,0,Product Page Viewed,High interest-rate concern,119864,5,21
4587,S004588,U002264,2025-05-27 18:51:04,2025-05-27,Organic Search,Desktop,South,25-34,50K-100K,Personal Loan,0,12,669,Product Page Viewed,1,0,0,0,0,Product Page Viewed,Unclear product value,104533,5,22
4588,S004589,U000643,2025-02-13 09:44:32,2025-02-13,Organic Search,Mobile,East,35-44,50K-100K,Personal Loan,0,3,946,Product Page Viewed,1,0,0,0,0,Product Page Viewed,Comparing alternatives,148847,2,7
4589,S004590,U002232,2025-04-13 06:42:35,2025-04-13,Organic Search,Mobile,Central,45-54,100K+,Personal Loan,0,4,515,Product Page Viewed,1,0,0,0,0,Product Page Viewed,Unclear product value,70371,4,15
4590,S004591,U001011,2025-04-06 03:47:09,2025-04-06,Email,Mobile,West,35-44,25K-50K,Personal Loan,0,2,487,Calculator Used,1,1,0,0,0,Calculator Used,Required information unavailable,88410,4,14
4591,S004592,U002512,2025-06-19 05:42:38,2025-06-19,Email,Mobile,North,45-54,25K-50K,Personal Loan,0,12,581,Product Page Viewed,1,0,0,0,0,Product Page Viewed,High interest-rate concern,145247,6,25
4592,S004593,U000911,2025-04-19 14:39:28,2025-04-19,Direct,Mobile,Central,45-54,25K-50K,Personal Loan,0,10,551,Product Page Viewed,1,0,0,0,0,Product Page Viewed,Technical issue,144384,4,16
4593,S004594,U003966,2025-05-29 19:07:44,2025-05-29,Paid Ads,Mobile,West,55+,Below 25K,Personal Loan,0,2,144,Lead Form Started,1,1,1,1,0,Lead Form Started,Session timeout,99223,5,22
4594,S004595,U000976,2025-03-18 06:00:28,2025-03-18,Referral,Mobile,West,35-44,50K-100K,Personal Loan,1,11,675,Product Page Viewed,1,0,0,0,0,Product Page Viewed,Comparing alternatives,87624,3,12
4595,S004596,U001213,2025-06-01 08:41:52,2025-06-01,Paid Ads,Tablet,North,25-34,50K-100K,Savings Account,0,1,1084,Calculator Used,1,1,0,0,0,Calculator Used,Technical issue,10330,6,22
4596,S004597,U001562,2025-01-13 07:38:30,2025-01-13,Paid Ads,Mobile,East,35-44,Below 25K,Savings Account,0,6,1069,Website Visit,0,0,0,0,0,Website Visit,Landing page mismatch,13758,1,3
4597,S004598,U000137,2025-02-27 07:22:28,2025-02-27,Referral,Tablet,West,25-34,50K-100K,Savings Account,0,1,345,Product Page Viewed,1,0,0,0,0,Product Page Viewed,High interest-rate concern,18011,2,9
4598,S004599,U002948,2025-05-01 19:15:51,2025-05-01,Paid Ads,Mobile,East,35-44,50K-100K,Personal Loan,0,12,689,Lead Form Submitted,1,1,1,1,1,,,0,5,18
4599,S004600,U000277,2025-06-19 06:31:57,2025-06-19,Direct,Mobile,South,35-44,Below 25K,Credit Card,0,1,1045,Product Page Viewed,1,0,0,0,0,Product Page Viewed,High interest-rate concern,39922,6,25
4600,S004601,U001513,2025-03-09 07:16:29,2025-03-09,Direct,Desktop,West,25-34,25K-50K,Savings Account,0,6,530,Product Page Viewed,1,0,0,0,0,Product Page Viewed,Comparing alternatives,9225,3,10
4601,S004602,U003473,2025-04-28 10:07:49,2025-04-28,Referral,Mobile,East,18-24,100K+,Savings Account,1,10,491,Lead Form Started,1,1,1,1,0,Lead Form Started,Too many required fields,22020,4,18
4602,S004603,U004314,2025-03-10 05:39:50,2025-03-10,Email,Desktop,North,25-34,25K-50K,Savings Account,0,8,362,Lead Form Submitted,1,1,1,1,1,,,0,3,11
4603,S004604,U003668,2025-05-08 12:38:52,2025-05-08,Paid Ads,Mobile,West,25-34,50K-100K,Personal Loan,1,2,1109,Lead Form Submitted,1,1,1,1,1,,,0,5,19
4604,S004605,U004508,2025-01-19 11:32:14,2025-01-19,Organic Search,Mobile,North,25-34,Below 25K,Savings Account,0,12,786,Product Page Viewed,1,0,0,0,0,Product Page Viewed,Unclear product value,8858,1,3
4605,S004606,U002683,2025-05-24 19:51:43,2025-05-24,Direct,Desktop,North,35-44,50K-100K,Personal Loan,1,10,740,Lead Form Submitted,1,1,1,1,1,,,0,5,21
4606,S004607,U000303,2025-04-08 17:39:27,2025-04-08,Email,Mobile,West,25-34,25K-50K,Credit Card,1,5,975,Lead Form Submitted,1,1,1,1,1,,,0,4,15
4607,S004608,U002201,2025-02-17 15:39:26,2025-02-17,Organic Search,Desktop,South,55+,50K-100K,Credit Card,0,7,550,Product Page Viewed,1,0,0,0,0,Product Page Viewed,Unclear product value,23138,2,8
4608,S004609,U000662,2025-03-22 13:05:59,2025-03-22,Referral,Mobile,East,35-44,50K-100K,Savings Account,0,2,217,Lead Form Submitted,1,1,1,1,1,,,0,3,12
4609,S004610,U004209,2025-05-29 15:46:29,2025-05-29,Paid Ads,Tablet,East,25-34,25K-50K,Insurance Plan,0,1,822,Product Page Viewed,1,0,0,0,0,Product Page Viewed,Technical issue,10011,5,22
4610,S004611,U001625,2025-03-20 13:07:57,2025-03-20,Organic Search,Tablet,West,45-54,50K-100K,Insurance Plan,1,4,592,Product Page Viewed,1,0,0,0,0,Product Page Viewed,Comparing alternatives,7997,3,12
4611,S004612,U003822,2025-06-12 05:33:26,2025-06-12,Referral,Mobile,South,18-24,50K-100K,Personal Loan,0,8,25,Product Page Viewed,1,0,0,0,0,Product Page Viewed,Unclear product value,88497,6,24
4612,S004613,U001102,2025-04-12 03:31:56,2025-04-12,Email,Tablet,West,35-44,50K-100K,Savings Account,0,10,1065,Product Page Viewed,1,0,0,0,0,Product Page Viewed,Comparing alternatives,11946,4,15
4613,S004614,U002025,2025-06-06 07:49:04,2025-06-06,Paid Ads,Desktop,West,25-34,25K-50K,Savings Account,0,7,433,Lead Form Submitted,1,1,1,1,1,,,0,6,23
4614,S004615,U001052,2025-06-16 17:03:25,2025-06-16,Direct,Desktop,West,35-44,100K+,Personal Loan,0,6,727,Calculator Used,1,1,0,0,0,Calculator Used,Calculator result not attractive,131854,6,25
4615,S004616,U002390,2025-04-29 13:34:18,2025-04-29,Organic Search,Mobile,Central,25-34,50K-100K,Personal Loan,0,1,479,CTA Clicked,1,1,1,0,0,CTA Clicked,Form looked too long,135460,4,18
4616,S004617,U003454,2025-03-16 04:03:35,2025-03-16,Email,Desktop,West,25-34,Below 25K,Personal Loan,0,7,42,Calculator Used,1,1,0,0,0,Calculator Used,Technical issue,107441,3,11
4617,S004618,U001956,2025-03-12 10:46:05,2025-03-12,Organic Search,Mobile,North,25-34,Below 25K,Credit Card,0,3,947,Product Page Viewed,1,0,0,0,0,Product Page Viewed,Unclear product value,21173,3,11
4618,S004619,U000326,2025-04-17 16:52:53,2025-04-17,Organic Search,Desktop,West,18-24,Below 25K,Personal Loan,0,11,1130,Product Page Viewed,1,0,0,0,0,Product Page Viewed,High interest-rate concern,156201,4,16
4619,S004620,U002981,2025-01-09 18:28:01,2025-01-09,Organic Search,Mobile,Central,25-34,50K-100K,Insurance Plan,0,3,78,Product Page Viewed,1,0,0,0,0,Product Page Viewed,High interest-rate concern,4487,1,2
4620,S004621,U003768,2025-06-18 18:20:19,2025-06-18,Email,Desktop,Central,35-44,25K-50K,Insurance Plan,0,12,279,Product Page Viewed,1,0,0,0,0,Product Page Viewed,High interest-rate concern,9535,6,25
4621,S004622,U002988,2025-06-27 23:47:18,2025-06-27,Email,Mobile,West,45-54,25K-50K,Personal Loan,0,2,1001,Product Page Viewed,1,0,0,0,0,Product Page Viewed,Unclear product value,110497,6,26
4622,S004623,U002842,2025-04-02 12:12:46,2025-04-02,Direct,Tablet,North,45-54,100K+,Personal Loan,0,11,571,Lead Form Submitted,1,1,1,1,1,,,0,4,14
4623,S004624,U002047,2025-06-05 06:49:26,2025-06-05,Direct,Desktop,South,45-54,25K-50K,Credit Card,1,3,838,Product Page Viewed,1,0,0,0,0,Product Page Viewed,Comparing alternatives,31121,6,23
4624,S004625,U003011,2025-05-01 11:52:40,2025-05-01,Email,Tablet,Central,18-24,Below 25K,Personal Loan,0,12,899,Product Page Viewed,1,0,0,0,0,Product Page Viewed,Comparing alternatives,99845,5,18
4625,S004626,U004084,2025-06-03 00:29:49,2025-06-03,Organic Search,Mobile,West,45-54,Below 25K,Savings Account,0,10,384,Product Page Viewed,1,0,0,0,0,Product Page Viewed,High interest-rate concern,17660,6,23
4626,S004627,U002562,2025-03-28 23:18:54,2025-03-28,Direct,Desktop,Central,18-24,50K-100K,Personal Loan,0,7,1059,Lead Form Submitted,1,1,1,1,1,,,0,3,13
4627,S004628,U001892,2025-03-15 01:10:05,2025-03-15,Direct,Mobile,South,55+,100K+,Savings Account,0,1,906,Product Page Viewed,1,0,0,0,0,Product Page Viewed,Unclear product value,19854,3,11
4628,S004629,U003027,2025-06-21 13:02:14,2025-06-21,Social Media,Mobile,South,55+,100K+,Credit Card,0,5,210,Product Page Viewed,1,0,0,0,0,Product Page Viewed,Comparing alternatives,17561,6,25
4629,S004630,U004171,2025-03-13 17:27:58,2025-03-13,Organic Search,Desktop,South,35-44,50K-100K,Credit Card,0,11,1112,Lead Form Submitted,1,1,1,1,1,,,0,3,11
4630,S004631,U003414,2025-01-31 00:20:59,2025-01-31,Paid Ads,Desktop,North,35-44,50K-100K,Insurance Plan,0,6,115,Calculator Used,1,1,0,0,0,Calculator Used,Comparing alternatives,7194,1,5
4631,S004632,U004628,2025-05-09 23:56:16,2025-05-09,Organic Search,Desktop,North,45-54,25K-50K,Credit Card,0,3,732,Product Page Viewed,1,0,0,0,0,Product Page Viewed,Comparing alternatives,30597,5,19
4632,S004633,U002008,2025-05-29 05:00:50,2025-05-29,Direct,Desktop,Central,25-34,50K-100K,Credit Card,0,10,83,Product Page Viewed,1,0,0,0,0,Product Page Viewed,High interest-rate concern,16793,5,22
4633,S004634,U000277,2025-03-16 01:47:32,2025-03-16,Referral,Mobile,North,35-44,50K-100K,Insurance Plan,0,7,1150,Lead Form Started,1,1,1,1,0,Lead Form Started,Document requirement concern,9367,3,11
4634,S004635,U000241,2025-06-29 23:07:30,2025-06-29,Direct,Desktop,West,25-34,25K-50K,Credit Card,0,3,107,Lead Form Submitted,1,1,1,1,1,,,0,6,26
4635,S004636,U001125,2025-04-01 04:43:55,2025-04-01,Organic Search,Mobile,North,35-44,Below 25K,Savings Account,0,7,1005,Product Page Viewed,1,0,0,0,0,Product Page Viewed,Comparing alternatives,15874,4,14
4636,S004637,U004318,2025-04-12 17:19:53,2025-04-12,Paid Ads,Desktop,South,35-44,50K-100K,Credit Card,0,11,481,Lead Form Submitted,1,1,1,1,1,,,0,4,15
4637,S004638,U000820,2025-01-15 06:05:09,2025-01-15,Direct,Mobile,South,45-54,Below 25K,Credit Card,0,1,570,Lead Form Started,1,1,1,1,0,Lead Form Started,Session timeout,36463,1,3
4638,S004639,U001723,2025-03-31 16:23:10,2025-03-31,Social Media,Desktop,East,18-24,50K-100K,Personal Loan,0,4,647,Product Page Viewed,1,0,0,0,0,Product Page Viewed,Comparing alternatives,96388,3,14
4639,S004640,U000715,2025-06-07 19:12:45,2025-06-07,Paid Ads,Mobile,East,18-24,50K-100K,Credit Card,1,6,173,Website Visit,0,0,0,0,0,Website Visit,Slow page load,15982,6,23
4640,S004641,U000073,2025-03-27 09:44:15,2025-03-27,Organic Search,Mobile,South,45-54,25K-50K,Credit Card,0,7,1154,Product Page Viewed,1,0,0,0,0,Product Page Viewed,Technical issue,32450,3,13
4641,S004642,U000478,2025-03-17 14:27:51,2025-03-17,Email,Mobile,Central,35-44,25K-50K,Credit Card,1,7,107,Product Page Viewed,1,0,0,0,0,Product Page Viewed,Comparing alternatives,29742,3,12
4642,S004643,U000413,2025-04-28 12:56:09,2025-04-28,Organic Search,Desktop,Central,25-34,50K-100K,Insurance Plan,0,3,774,Product Page Viewed,1,0,0,0,0,Product Page Viewed,Technical issue,5223,4,18
4643,S004644,U001245,2025-04-11 10:05:15,2025-04-11,Organic Search,Desktop,North,55+,100K+,Insurance Plan,0,11,789,Lead Form Submitted,1,1,1,1,1,,,0,4,15
4644,S004645,U001610,2025-05-27 16:21:54,2025-05-27,Organic Search,Mobile,West,25-34,25K-50K,Credit Card,0,3,168,Product Page Viewed,1,0,0,0,0,Product Page Viewed,Unclear product value,35763,5,22
4645,S004646,U002533,2025-01-07 01:18:28,2025-01-07,Paid Ads,Mobile,Central,25-34,50K-100K,Insurance Plan,1,8,277,Calculator Used,1,1,0,0,0,Calculator Used,Comparing alternatives,10112,1,2
4646,S004647,U000168,2025-06-17 09:48:50,2025-06-17,Social Media,Tablet,West,25-34,25K-50K,Personal Loan,1,1,321,Product Page Viewed,1,0,0,0,0,Product Page Viewed,High interest-rate concern,144498,6,25
4647,S004648,U003990,2025-02-13 10:06:47,2025-02-13,Organic Search,Desktop,South,45-54,100K+,Personal Loan,0,5,586,Website Visit,0,0,0,0,0,Website Visit,Landing page mismatch,120514,2,7
4648,S004649,U004198,2025-05-13 17:30:05,2025-05-13,Direct,Desktop,Central,35-44,100K+,Personal Loan,0,8,581,Product Page Viewed,1,0,0,0,0,Product Page Viewed,Unclear product value,100136,5,20
4649,S004650,U004290,2025-03-20 12:42:48,2025-03-20,Email,Mobile,East,25-34,Below 25K,Credit Card,1,4,76,Product Page Viewed,1,0,0,0,0,Product Page Viewed,Technical issue,26704,3,12
4650,S004651,U003695,2025-06-19 08:12:17,2025-06-19,Social Media,Desktop,Central,25-34,50K-100K,Savings Account,0,11,556,Calculator Used,1,1,0,0,0,Calculator Used,Comparing alternatives,19964,6,25
4651,S004652,U002606,2025-06-18 15:18:30,2025-06-18,Organic Search,Mobile,North,35-44,100K+,Credit Card,0,12,1070,Lead Form Submitted,1,1,1,1,1,,,0,6,25
4652,S004653,U001466,2025-06-22 21:34:13,2025-06-22,Direct,Desktop,East,45-54,25K-50K,Insurance Plan,0,4,407,Website Visit,0,0,0,0,0,Website Visit,Immediate bounce,8489,6,25
4653,S004654,U003837,2025-04-03 21:05:07,2025-04-03,Organic Search,Mobile,West,55+,25K-50K,Credit Card,0,8,144,Product Page Viewed,1,0,0,0,0,Product Page Viewed,Comparing alternatives,25876,4,14
4654,S004655,U002601,2025-02-04 12:43:32,2025-02-04,Social Media,Desktop,East,35-44,100K+,Savings Account,1,11,861,Calculator Used,1,1,0,0,0,Calculator Used,Technical issue,10849,2,6
4655,S004656,U002996,2025-05-20 12:29:53,2025-05-20,Paid Ads,Mobile,East,35-44,50K-100K,Personal Loan,1,5,608,Product Page Viewed,1,0,0,0,0,Product Page Viewed,Unclear product value,157976,5,21
4656,S004657,U002524,2025-01-07 19:46:55,2025-01-07,Social Media,Tablet,North,55+,25K-50K,Credit Card,0,2,792,Product Page Viewed,1,0,0,0,0,Product Page Viewed,Comparing alternatives,25539,1,2
4657,S004658,U000178,2025-02-25 18:25:55,2025-02-25,Organic Search,Mobile,West,35-44,25K-50K,Savings Account,1,9,386,Calculator Used,1,1,0,0,0,Calculator Used,Calculator result not attractive,15998,2,9
4658,S004659,U002396,2025-01-19 14:19:53,2025-01-19,Email,Desktop,South,35-44,Below 25K,Personal Loan,0,10,860,Calculator Used,1,1,0,0,0,Calculator Used,Technical issue,93723,1,3
4659,S004660,U004134,2025-04-01 07:49:29,2025-04-01,Email,Tablet,South,25-34,50K-100K,Personal Loan,1,6,1053,Product Page Viewed,1,0,0,0,0,Product Page Viewed,Unclear product value,130091,4,14
4660,S004661,U004461,2025-04-19 23:44:11,2025-04-19,Direct,Mobile,East,55+,50K-100K,Savings Account,0,11,275,Website Visit,0,0,0,0,0,Website Visit,Slow page load,20817,4,16
4661,S004662,U000735,2025-05-15 11:18:36,2025-05-15,Direct,Desktop,South,25-34,50K-100K,Credit Card,1,12,326,Product Page Viewed,1,0,0,0,0,Product Page Viewed,Technical issue,25039,5,20
4662,S004663,U004572,2025-04-15 22:59:17,2025-04-15,Referral,Desktop,East,35-44,25K-50K,Credit Card,0,7,1092,CTA Clicked,1,1,1,0,0,CTA Clicked,Technical issue,16994,4,16
4663,S004664,U004388,2025-03-18 21:12:36,2025-03-18,Direct,Mobile,East,25-34,Below 25K,Savings Account,0,1,1042,Calculator Used,1,1,0,0,0,Calculator Used,Comparing alternatives,11291,3,12
4664,S004665,U003899,2025-04-18 11:48:08,2025-04-18,Direct,Mobile,West,45-54,Below 25K,Personal Loan,0,11,537,Calculator Used,1,1,0,0,0,Calculator Used,Technical issue,103087,4,16
4665,S004666,U001635,2025-04-13 18:17:46,2025-04-13,Direct,Desktop,East,55+,100K+,Personal Loan,0,2,382,CTA Clicked,1,1,1,0,0,CTA Clicked,Technical issue,161586,4,15
4666,S004667,U003668,2025-06-27 20:18:20,2025-06-27,Organic Search,Desktop,North,35-44,50K-100K,Credit Card,0,8,219,Product Page Viewed,1,0,0,0,0,Product Page Viewed,Unclear product value,21054,6,26
4667,S004668,U001234,2025-03-05 14:56:24,2025-03-05,Organic Search,Desktop,East,18-24,25K-50K,Savings Account,0,6,382,Product Page Viewed,1,0,0,0,0,Product Page Viewed,Technical issue,18747,3,10
4668,S004669,U001653,2025-06-03 03:11:21,2025-06-03,Social Media,Mobile,West,25-34,25K-50K,Credit Card,0,10,143,Product Page Viewed,1,0,0,0,0,Product Page Viewed,Comparing alternatives,19593,6,23
4669,S004670,U000459,2025-05-24 13:33:12,2025-05-24,Organic Search,Mobile,East,35-44,25K-50K,Savings Account,0,9,946,Lead Form Submitted,1,1,1,1,1,,,0,5,21
4670,S004671,U003442,2025-04-07 01:37:06,2025-04-07,Paid Ads,Desktop,Central,35-44,50K-100K,Credit Card,0,10,476,Lead Form Started,1,1,1,1,0,Lead Form Started,Too many required fields,34801,4,15
4671,S004672,U004415,2025-04-24 12:49:45,2025-04-24,Paid Ads,Desktop,Central,35-44,25K-50K,Credit Card,0,6,115,Lead Form Submitted,1,1,1,1,1,,,0,4,17
4672,S004673,U002843,2025-02-17 06:55:20,2025-02-17,Paid Ads,Mobile,North,35-44,100K+,Credit Card,0,4,326,Product Page Viewed,1,0,0,0,0,Product Page Viewed,High interest-rate concern,23134,2,8
4673,S004674,U001251,2025-01-25 18:46:36,2025-01-25,Email,Mobile,East,18-24,25K-50K,Credit Card,1,2,172,Product Page Viewed,1,0,0,0,0,Product Page Viewed,Unclear product value,32164,1,4
4674,S004675,U004144,2025-02-21 19:03:15,2025-02-21,Social Media,Desktop,East,25-34,50K-100K,Personal Loan,0,2,1142,Product Page Viewed,1,0,0,0,0,Product Page Viewed,Unclear product value,90841,2,8
4675,S004676,U004043,2025-03-06 02:15:06,2025-03-06,Referral,Mobile,North,25-34,50K-100K,Savings Account,0,4,969,CTA Clicked,1,1,1,0,0,CTA Clicked,Not ready to apply,12541,3,10
4676,S004677,U003043,2025-05-11 09:20:04,2025-05-11,Social Media,Desktop,East,45-54,25K-50K,Credit Card,1,1,739,CTA Clicked,1,1,1,0,0,CTA Clicked,Not ready to apply,35679,5,19
4677,S004678,U000666,2025-03-07 22:19:19,2025-03-07,Direct,Mobile,East,35-44,25K-50K,Savings Account,0,5,119,Product Page Viewed,1,0,0,0,0,Product Page Viewed,Technical issue,13909,3,10
4678,S004679,U002036,2025-02-05 08:39:37,2025-02-05,Organic Search,Mobile,West,45-54,50K-100K,Personal Loan,0,10,911,Product Page Viewed,1,0,0,0,0,Product Page Viewed,Unclear product value,77062,2,6
4679,S004680,U003718,2025-02-11 11:51:24,2025-02-11,Direct,Desktop,East,18-24,50K-100K,Credit Card,0,5,1130,Lead Form Submitted,1,1,1,1,1,,,0,2,7
4680,S004681,U001419,2025-06-10 09:12:11,2025-06-10,Paid Ads,Mobile,Central,45-54,50K-100K,Credit Card,0,9,1164,Product Page Viewed,1,0,0,0,0,Product Page Viewed,Comparing alternatives,30780,6,24
4681,S004682,U003702,2025-03-19 14:32:41,2025-03-19,Social Media,Mobile,North,25-34,25K-50K,Insurance Plan,0,11,159,Calculator Used,1,1,0,0,0,Calculator Used,Technical issue,6011,3,12
4682,S004683,U004514,2025-01-24 15:50:15,2025-01-24,Direct,Mobile,East,25-34,50K-100K,Credit Card,0,7,1082,CTA Clicked,1,1,1,0,0,CTA Clicked,Privacy concern,26067,1,4
4683,S004684,U002210,2025-04-07 15:31:54,2025-04-07,Direct,Mobile,North,25-34,Below 25K,Savings Account,0,7,110,CTA Clicked,1,1,1,0,0,CTA Clicked,Not ready to apply,17321,4,15
4684,S004685,U002111,2025-01-09 12:04:21,2025-01-09,Direct,Mobile,South,45-54,50K-100K,Savings Account,1,11,384,Product Page Viewed,1,0,0,0,0,Product Page Viewed,Unclear product value,16558,1,2
4685,S004686,U001111,2025-05-17 00:57:00,2025-05-17,Direct,Mobile,South,35-44,25K-50K,Personal Loan,0,2,240,Product Page Viewed,1,0,0,0,0,Product Page Viewed,Comparing alternatives,144670,5,20
4686,S004687,U001496,2025-03-23 17:50:48,2025-03-23,Direct,Mobile,Central,55+,25K-50K,Savings Account,0,5,1010,Lead Form Started,1,1,1,1,0,Lead Form Started,Too many required fields,20345,3,12
4687,S004688,U000804,2025-05-30 12:43:53,2025-05-30,Direct,Mobile,North,25-34,50K-100K,Credit Card,0,3,1110,Product Page Viewed,1,0,0,0,0,Product Page Viewed,Unclear product value,32709,5,22
4688,S004689,U000645,2025-05-15 10:00:04,2025-05-15,Organic Search,Mobile,Central,18-24,50K-100K,Savings Account,0,6,360,CTA Clicked,1,1,1,0,0,CTA Clicked,Form looked too long,9231,5,20
4689,S004690,U001830,2025-04-24 20:37:15,2025-04-24,Referral,Mobile,North,45-54,50K-100K,Savings Account,0,8,1192,Product Page Viewed,1,0,0,0,0,Product Page Viewed,High interest-rate concern,11087,4,17
4690,S004691,U000907,2025-04-22 03:41:34,2025-04-22,Email,Mobile,South,25-34,25K-50K,Personal Loan,0,4,1081,Product Page Viewed,1,0,0,0,0,Product Page Viewed,High interest-rate concern,152256,4,17
4691,S004692,U001195,2025-03-29 07:49:35,2025-03-29,Organic Search,Mobile,South,25-34,25K-50K,Personal Loan,0,6,1081,Calculator Used,1,1,0,0,0,Calculator Used,Technical issue,76097,3,13
4692,S004693,U000047,2025-02-18 08:51:44,2025-02-18,Referral,Mobile,South,35-44,100K+,Credit Card,1,12,322,Product Page Viewed,1,0,0,0,0,Product Page Viewed,Unclear product value,25815,2,8
4693,S004694,U001195,2025-06-03 19:20:51,2025-06-03,Paid Ads,Mobile,South,35-44,25K-50K,Personal Loan,0,12,313,Lead Form Submitted,1,1,1,1,1,,,0,6,23
4694,S004695,U002381,2025-01-16 07:59:27,2025-01-16,Paid Ads,Mobile,West,25-34,50K-100K,Personal Loan,0,7,681,Product Page Viewed,1,0,0,0,0,Product Page Viewed,High interest-rate concern,99431,1,3
4695,S004696,U001794,2025-02-07 15:18:35,2025-02-07,Organic Search,Desktop,North,45-54,50K-100K,Savings Account,0,5,842,Lead Form Submitted,1,1,1,1,1,,,0,2,6
4696,S004697,U002674,2025-03-20 11:49:06,2025-03-20,Direct,Mobile,East,45-54,100K+,Credit Card,1,1,47,Lead Form Submitted,1,1,1,1,1,,,0,3,12
4697,S004698,U003113,2025-03-22 08:47:45,2025-03-22,Email,Desktop,West,55+,Below 25K,Insurance Plan,1,4,799,CTA Clicked,1,1,1,0,0,CTA Clicked,Technical issue,5611,3,12
4698,S004699,U002589,2025-06-03 08:26:19,2025-06-03,Direct,Desktop,North,35-44,50K-100K,Personal Loan,0,3,576,Calculator Used,1,1,0,0,0,Calculator Used,Technical issue,157371,6,23
4699,S004700,U001986,2025-04-27 06:15:10,2025-04-27,Organic Search,Desktop,Central,25-34,50K-100K,Insurance Plan,0,2,498,Product Page Viewed,1,0,0,0,0,Product Page Viewed,Unclear product value,10247,4,17
4700,S004701,U003020,2025-05-03 03:51:47,2025-05-03,Direct,Mobile,West,25-34,25K-50K,Savings Account,1,1,1132,Product Page Viewed,1,0,0,0,0,Product Page Viewed,Comparing alternatives,15453,5,18
4701,S004702,U003701,2025-04-24 22:27:07,2025-04-24,Organic Search,Mobile,North,35-44,50K-100K,Savings Account,0,3,558,Calculator Used,1,1,0,0,0,Calculator Used,Calculator result not attractive,19073,4,17
4702,S004703,U002484,2025-05-19 12:25:38,2025-05-19,Social Media,Mobile,Central,18-24,50K-100K,Insurance Plan,0,6,541,Product Page Viewed,1,0,0,0,0,Product Page Viewed,Unclear product value,8153,5,21
4703,S004704,U004589,2025-02-22 08:12:41,2025-02-22,Organic Search,Mobile,West,45-54,25K-50K,Insurance Plan,0,1,759,Calculator Used,1,1,0,0,0,Calculator Used,Required information unavailable,6022,2,8
4704,S004705,U001823,2025-01-09 10:59:48,2025-01-09,Email,Mobile,East,35-44,50K-100K,Insurance Plan,0,5,102,Website Visit,0,0,0,0,0,Website Visit,Immediate bounce,6267,1,2
4705,S004706,U000166,2025-01-17 01:52:20,2025-01-17,Paid Ads,Tablet,West,25-34,100K+,Credit Card,1,1,20,Calculator Used,1,1,0,0,0,Calculator Used,Calculator result not attractive,31844,1,3
4706,S004707,U001895,2025-02-03 23:37:03,2025-02-03,Organic Search,Desktop,Central,35-44,25K-50K,Insurance Plan,0,5,519,Product Page Viewed,1,0,0,0,0,Product Page Viewed,Technical issue,7703,2,6
4707,S004708,U001438,2025-05-06 08:26:38,2025-05-06,Organic Search,Desktop,West,25-34,25K-50K,Insurance Plan,0,8,125,Lead Form Started,1,1,1,1,0,Lead Form Started,Session timeout,8302,5,19
4708,S004709,U003913,2025-05-05 13:56:48,2025-05-05,Direct,Mobile,West,25-34,100K+,Personal Loan,0,12,717,Calculator Used,1,1,0,0,0,Calculator Used,Calculator result not attractive,159903,5,19
4709,S004710,U002317,2025-03-05 00:51:07,2025-03-05,Email,Mobile,East,18-24,Below 25K,Personal Loan,0,10,1003,Website Visit,0,0,0,0,0,Website Visit,Landing page mismatch,109181,3,10
4710,S004711,U004368,2025-05-15 08:18:29,2025-05-15,Email,Mobile,East,35-44,25K-50K,Personal Loan,0,2,183,Product Page Viewed,1,0,0,0,0,Product Page Viewed,High interest-rate concern,73603,5,20
4711,S004712,U002076,2025-05-08 13:42:43,2025-05-08,Referral,Mobile,South,18-24,100K+,Insurance Plan,0,7,919,Product Page Viewed,1,0,0,0,0,Product Page Viewed,High interest-rate concern,5865,5,19
4712,S004713,U004316,2025-01-22 03:05:54,2025-01-22,Referral,Mobile,East,55+,50K-100K,Personal Loan,0,9,1112,Calculator Used,1,1,0,0,0,Calculator Used,Technical issue,125895,1,4
4713,S004714,U003169,2025-06-05 00:00:15,2025-06-05,Direct,Mobile,Central,45-54,50K-100K,Personal Loan,0,4,698,Product Page Viewed,1,0,0,0,0,Product Page Viewed,Unclear product value,139235,6,23
4714,S004715,U002592,2025-05-18 04:47:37,2025-05-18,Referral,Mobile,South,25-34,Below 25K,Credit Card,1,5,421,Calculator Used,1,1,0,0,0,Calculator Used,Comparing alternatives,35947,5,20
4715,S004716,U001472,2025-03-13 18:36:37,2025-03-13,Referral,Mobile,West,25-34,25K-50K,Personal Loan,0,11,56,Product Page Viewed,1,0,0,0,0,Product Page Viewed,Unclear product value,159910,3,11
4716,S004717,U002015,2025-01-16 14:12:20,2025-01-16,Referral,Desktop,East,35-44,50K-100K,Savings Account,0,6,955,Product Page Viewed,1,0,0,0,0,Product Page Viewed,Unclear product value,20658,1,3
4717,S004718,U003574,2025-04-20 01:59:57,2025-04-20,Paid Ads,Mobile,East,25-34,25K-50K,Insurance Plan,0,9,259,Product Page Viewed,1,0,0,0,0,Product Page Viewed,Unclear product value,7570,4,16
4718,S004719,U004558,2025-03-14 11:13:03,2025-03-14,Referral,Tablet,South,35-44,50K-100K,Personal Loan,0,10,882,Lead Form Submitted,1,1,1,1,1,,,0,3,11
4719,S004720,U000032,2025-04-14 01:55:28,2025-04-14,Referral,Tablet,West,35-44,50K-100K,Credit Card,1,4,488,Calculator Used,1,1,0,0,0,Calculator Used,Comparing alternatives,27594,4,16
4720,S004721,U003333,2025-04-27 18:16:33,2025-04-27,Organic Search,Mobile,West,45-54,50K-100K,Personal Loan,0,12,256,Product Page Viewed,1,0,0,0,0,Product Page Viewed,Technical issue,68895,4,17
4721,S004722,U001145,2025-03-20 12:22:39,2025-03-20,Paid Ads,Tablet,West,45-54,50K-100K,Insurance Plan,0,11,34,Product Page Viewed,1,0,0,0,0,Product Page Viewed,Technical issue,8798,3,12
4722,S004723,U003244,2025-02-28 21:02:09,2025-02-28,Social Media,Desktop,East,35-44,25K-50K,Personal Loan,0,10,790,Lead Form Started,1,1,1,1,0,Lead Form Started,Session timeout,121951,2,9
4723,S004724,U004006,2025-02-05 13:58:23,2025-02-05,Social Media,Desktop,East,25-34,25K-50K,Personal Loan,0,8,429,Product Page Viewed,1,0,0,0,0,Product Page Viewed,Technical issue,100650,2,6
4724,S004725,U000848,2025-05-14 13:53:15,2025-05-14,Organic Search,Mobile,East,18-24,25K-50K,Personal Loan,0,5,163,CTA Clicked,1,1,1,0,0,CTA Clicked,Technical issue,82337,5,20
4725,S004726,U002845,2025-05-25 14:36:38,2025-05-25,Direct,Tablet,North,25-34,50K-100K,Insurance Plan,0,4,842,Calculator Used,1,1,0,0,0,Calculator Used,Comparing alternatives,7562,5,21
4726,S004727,U002864,2025-01-28 12:30:55,2025-01-28,Organic Search,Desktop,North,25-34,50K-100K,Insurance Plan,0,4,639,Product Page Viewed,1,0,0,0,0,Product Page Viewed,Technical issue,9574,1,5
4727,S004728,U001689,2025-04-08 02:05:39,2025-04-08,Paid Ads,Mobile,West,35-44,50K-100K,Savings Account,0,5,238,Product Page Viewed,1,0,0,0,0,Product Page Viewed,Comparing alternatives,11837,4,15
4728,S004729,U002877,2025-01-05 00:23:30,2025-01-05,Paid Ads,Desktop,North,35-44,50K-100K,Insurance Plan,0,9,923,Product Page Viewed,1,0,0,0,0,Product Page Viewed,High interest-rate concern,5930,1,1
4729,S004730,U002594,2025-01-04 20:41:36,2025-01-04,Direct,Desktop,West,35-44,Below 25K,Personal Loan,0,5,698,Product Page Viewed,1,0,0,0,0,Product Page Viewed,High interest-rate concern,115730,1,1
4730,S004731,U004186,2025-04-27 16:20:14,2025-04-27,Email,Desktop,West,18-24,25K-50K,Credit Card,0,6,312,Lead Form Submitted,1,1,1,1,1,,,0,4,17
4731,S004732,U001054,2025-05-27 14:50:26,2025-05-27,Paid Ads,Desktop,South,18-24,50K-100K,Credit Card,1,12,922,Product Page Viewed,1,0,0,0,0,Product Page Viewed,Unclear product value,31582,5,22
4732,S004733,U003986,2025-05-01 02:41:05,2025-05-01,Organic Search,Mobile,South,25-34,100K+,Credit Card,1,8,713,Website Visit,0,0,0,0,0,Website Visit,Landing page mismatch,21382,5,18
4733,S004734,U004586,2025-04-10 19:09:18,2025-04-10,Email,Desktop,West,25-34,50K-100K,Credit Card,0,12,488,Calculator Used,1,1,0,0,0,Calculator Used,Required information unavailable,24541,4,15
4734,S004735,U001524,2025-05-11 17:02:53,2025-05-11,Organic Search,Mobile,Central,25-34,Below 25K,Credit Card,0,5,840,Product Page Viewed,1,0,0,0,0,Product Page Viewed,Technical issue,38224,5,19
4735,S004736,U002895,2025-01-22 20:49:00,2025-01-22,Email,Tablet,Central,18-24,100K+,Credit Card,0,5,1133,Product Page Viewed,1,0,0,0,0,Product Page Viewed,Comparing alternatives,28032,1,4
4736,S004737,U002821,2025-04-29 14:05:05,2025-04-29,Direct,Mobile,Central,55+,100K+,Savings Account,1,7,1145,Product Page Viewed,1,0,0,0,0,Product Page Viewed,Technical issue,21209,4,18
4737,S004738,U004696,2025-04-13 05:21:18,2025-04-13,Referral,Mobile,North,45-54,Below 25K,Personal Loan,0,10,1146,Calculator Used,1,1,0,0,0,Calculator Used,Technical issue,80619,4,15
4738,S004739,U000039,2025-05-05 06:17:16,2025-05-05,Paid Ads,Mobile,East,35-44,Below 25K,Personal Loan,0,1,565,Product Page Viewed,1,0,0,0,0,Product Page Viewed,Technical issue,116967,5,19
4739,S004740,U000550,2025-03-06 21:09:31,2025-03-06,Email,Mobile,South,45-54,25K-50K,Personal Loan,0,6,1036,Calculator Used,1,1,0,0,0,Calculator Used,Comparing alternatives,119081,3,10
4740,S004741,U004124,2025-04-04 23:02:58,2025-04-04,Direct,Mobile,East,25-34,25K-50K,Personal Loan,0,10,356,Product Page Viewed,1,0,0,0,0,Product Page Viewed,Comparing alternatives,101804,4,14
4741,S004742,U000918,2025-05-31 11:31:56,2025-05-31,Direct,Mobile,North,25-34,25K-50K,Personal Loan,0,9,254,Lead Form Submitted,1,1,1,1,1,,,0,5,22
4742,S004743,U000459,2025-01-29 08:09:11,2025-01-29,Direct,Mobile,Central,25-34,100K+,Insurance Plan,0,7,890,Lead Form Started,1,1,1,1,0,Lead Form Started,Session timeout,5828,1,5
4743,S004744,U003698,2025-01-31 18:21:34,2025-01-31,Paid Ads,Mobile,East,25-34,50K-100K,Personal Loan,0,9,967,Lead Form Submitted,1,1,1,1,1,,,0,1,5
4744,S004745,U003579,2025-02-13 18:20:57,2025-02-13,Paid Ads,Mobile,West,35-44,50K-100K,Savings Account,0,7,785,Lead Form Submitted,1,1,1,1,1,,,0,2,7
4745,S004746,U001716,2025-04-13 03:43:16,2025-04-13,Social Media,Desktop,South,35-44,25K-50K,Savings Account,0,1,1014,Product Page Viewed,1,0,0,0,0,Product Page Viewed,Comparing alternatives,16251,4,15
4746,S004747,U000408,2025-04-23 06:04:43,2025-04-23,Email,Mobile,North,35-44,25K-50K,Personal Loan,0,1,444,Product Page Viewed,1,0,0,0,0,Product Page Viewed,Unclear product value,127221,4,17
4747,S004748,U000631,2025-03-12 20:44:00,2025-03-12,Paid Ads,Desktop,West,25-34,50K-100K,Savings Account,0,2,251,Product Page Viewed,1,0,0,0,0,Product Page Viewed,Unclear product value,20816,3,11
4748,S004749,U004649,2025-04-05 05:40:04,2025-04-05,Paid Ads,Desktop,West,45-54,Below 25K,Savings Account,1,8,1095,Product Page Viewed,1,0,0,0,0,Product Page Viewed,Unclear product value,13699,4,14
4749,S004750,U001251,2025-02-25 23:13:14,2025-02-25,Organic Search,Mobile,East,35-44,50K-100K,Credit Card,0,11,958,Lead Form Submitted,1,1,1,1,1,,,0,2,9
4750,S004751,U004674,2025-03-14 05:52:42,2025-03-14,Direct,Desktop,East,18-24,100K+,Credit Card,0,7,1161,Product Page Viewed,1,0,0,0,0,Product Page Viewed,Comparing alternatives,32380,3,11
4751,S004752,U003727,2025-03-16 01:03:18,2025-03-16,Direct,Desktop,West,55+,Below 25K,Credit Card,1,12,247,Calculator Used,1,1,0,0,0,Calculator Used,Comparing alternatives,20040,3,11
4752,S004753,U004149,2025-05-02 04:06:56,2025-05-02,Direct,Desktop,West,35-44,25K-50K,Insurance Plan,0,11,775,Lead Form Started,1,1,1,1,0,Lead Form Started,Document requirement concern,10293,5,18
4753,S004754,U000057,2025-04-05 04:22:56,2025-04-05,Referral,Tablet,East,45-54,25K-50K,Credit Card,1,10,89,CTA Clicked,1,1,1,0,0,CTA Clicked,Privacy concern,39630,4,14
4754,S004755,U003332,2025-06-02 01:14:21,2025-06-02,Direct,Desktop,Central,35-44,25K-50K,Personal Loan,1,6,1152,Lead Form Submitted,1,1,1,1,1,,,0,6,23
4755,S004756,U001992,2025-04-25 22:59:25,2025-04-25,Organic Search,Mobile,West,35-44,25K-50K,Credit Card,0,10,467,Product Page Viewed,1,0,0,0,0,Product Page Viewed,Comparing alternatives,17312,4,17
4756,S004757,U001455,2025-02-05 15:28:57,2025-02-05,Referral,Desktop,East,18-24,25K-50K,Personal Loan,0,1,989,Product Page Viewed,1,0,0,0,0,Product Page Viewed,High interest-rate concern,159471,2,6
4757,S004758,U003236,2025-05-04 07:42:55,2025-05-04,Social Media,Mobile,South,25-34,Below 25K,Credit Card,1,1,801,Website Visit,0,0,0,0,0,Website Visit,Immediate bounce,27033,5,18
4758,S004759,U003297,2025-01-20 15:29:13,2025-01-20,Organic Search,Desktop,East,25-34,25K-50K,Credit Card,1,11,426,Product Page Viewed,1,0,0,0,0,Product Page Viewed,Comparing alternatives,31786,1,4
4759,S004760,U000148,2025-01-24 16:10:50,2025-01-24,Direct,Mobile,Central,35-44,Below 25K,Personal Loan,0,8,324,Product Page Viewed,1,0,0,0,0,Product Page Viewed,High interest-rate concern,113156,1,4
4760,S004761,U002549,2025-05-14 05:23:46,2025-05-14,Referral,Desktop,Central,35-44,25K-50K,Credit Card,1,10,1138,Calculator Used,1,1,0,0,0,Calculator Used,Technical issue,26643,5,20
4761,S004762,U001806,2025-01-07 18:06:13,2025-01-07,Direct,Mobile,South,25-34,25K-50K,Savings Account,0,4,573,Product Page Viewed,1,0,0,0,0,Product Page Viewed,High interest-rate concern,8858,1,2
4762,S004763,U000716,2025-06-11 23:42:27,2025-06-11,Paid Ads,Desktop,North,55+,100K+,Savings Account,0,11,80,Lead Form Submitted,1,1,1,1,1,,,0,6,24
4763,S004764,U004208,2025-05-19 03:39:14,2025-05-19,Social Media,Desktop,North,45-54,25K-50K,Savings Account,0,6,370,Product Page Viewed,1,0,0,0,0,Product Page Viewed,Unclear product value,9078,5,21
4764,S004765,U002836,2025-04-10 05:31:33,2025-04-10,Referral,Mobile,Central,25-34,Below 25K,Personal Loan,0,11,414,Product Page Viewed,1,0,0,0,0,Product Page Viewed,Comparing alternatives,141165,4,15
4765,S004766,U002222,2025-01-24 06:25:27,2025-01-24,Email,Desktop,North,45-54,100K+,Personal Loan,0,8,544,Lead Form Submitted,1,1,1,1,1,,,0,1,4
4766,S004767,U001491,2025-01-17 11:19:59,2025-01-17,Referral,Mobile,East,25-34,50K-100K,Personal Loan,1,6,328,Lead Form Submitted,1,1,1,1,1,,,0,1,3
4767,S004768,U004541,2025-04-10 06:07:46,2025-04-10,Referral,Desktop,East,45-54,100K+,Insurance Plan,1,5,229,Lead Form Submitted,1,1,1,1,1,,,0,4,15
4768,S004769,U001415,2025-02-22 05:45:27,2025-02-22,Email,Mobile,North,35-44,Below 25K,Personal Loan,0,10,464,Lead Form Started,1,1,1,1,0,Lead Form Started,Technical issue,129958,2,8
4769,S004770,U001051,2025-03-27 11:46:45,2025-03-27,Organic Search,Mobile,North,35-44,Below 25K,Personal Loan,1,11,632,CTA Clicked,1,1,1,0,0,CTA Clicked,Technical issue,139374,3,13
4770,S004771,U002583,2025-05-30 10:31:33,2025-05-30,Social Media,Tablet,West,35-44,50K-100K,Insurance Plan,0,9,431,Product Page Viewed,1,0,0,0,0,Product Page Viewed,High interest-rate concern,8040,5,22
4771,S004772,U000824,2025-05-20 08:18:23,2025-05-20,Email,Mobile,East,55+,50K-100K,Personal Loan,1,10,393,Product Page Viewed,1,0,0,0,0,Product Page Viewed,Technical issue,79653,5,21
4772,S004773,U003286,2025-01-13 14:29:35,2025-01-13,Paid Ads,Mobile,West,25-34,25K-50K,Savings Account,0,9,72,Lead Form Started,1,1,1,1,0,Lead Form Started,Session timeout,13008,1,3
4773,S004774,U001822,2025-06-26 06:36:19,2025-06-26,Email,Mobile,Central,25-34,50K-100K,Personal Loan,0,3,834,Lead Form Submitted,1,1,1,1,1,,,0,6,26
4774,S004775,U001653,2025-02-11 06:14:15,2025-02-11,Email,Mobile,South,18-24,25K-50K,Personal Loan,1,5,895,Lead Form Submitted,1,1,1,1,1,,,0,2,7
4775,S004776,U002685,2025-05-18 14:31:40,2025-05-18,Organic Search,Tablet,Central,35-44,25K-50K,Credit Card,0,9,122,Product Page Viewed,1,0,0,0,0,Product Page Viewed,Comparing alternatives,19901,5,20
4776,S004777,U001343,2025-02-05 17:11:56,2025-02-05,Paid Ads,Desktop,West,45-54,50K-100K,Insurance Plan,0,10,289,Product Page Viewed,1,0,0,0,0,Product Page Viewed,Technical issue,8647,2,6
4777,S004778,U001793,2025-04-11 22:12:06,2025-04-11,Paid Ads,Mobile,South,35-44,50K-100K,Savings Account,0,3,997,Product Page Viewed,1,0,0,0,0,Product Page Viewed,Technical issue,11221,4,15
4778,S004779,U000065,2025-01-11 00:34:21,2025-01-11,Email,Mobile,West,35-44,25K-50K,Credit Card,0,9,818,Website Visit,0,0,0,0,0,Website Visit,Landing page mismatch,21546,1,2
4779,S004780,U004320,2025-06-28 12:50:33,2025-06-28,Organic Search,Mobile,East,45-54,25K-50K,Credit Card,0,1,431,Product Page Viewed,1,0,0,0,0,Product Page Viewed,Comparing alternatives,36136,6,26
4780,S004781,U001755,2025-01-07 04:35:01,2025-01-07,Direct,Mobile,South,25-34,50K-100K,Credit Card,0,6,40,Calculator Used,1,1,0,0,0,Calculator Used,Required information unavailable,34231,1,2
4781,S004782,U003149,2025-06-07 22:04:51,2025-06-07,Referral,Mobile,East,55+,25K-50K,Credit Card,0,3,991,Calculator Used,1,1,0,0,0,Calculator Used,Comparing alternatives,17854,6,23
4782,S004783,U004615,2025-02-28 23:28:59,2025-02-28,Direct,Mobile,West,45-54,25K-50K,Insurance Plan,0,7,197,Calculator Used,1,1,0,0,0,Calculator Used,Required information unavailable,7187,2,9
4783,S004784,U004491,2025-01-25 13:09:42,2025-01-25,Organic Search,Desktop,Central,45-54,25K-50K,Credit Card,0,3,1064,Product Page Viewed,1,0,0,0,0,Product Page Viewed,Technical issue,24567,1,4
4784,S004785,U000101,2025-03-25 04:02:12,2025-03-25,Direct,Mobile,North,25-34,25K-50K,Credit Card,0,11,1119,Product Page Viewed,1,0,0,0,0,Product Page Viewed,Technical issue,27252,3,13
4785,S004786,U001446,2025-05-06 16:48:25,2025-05-06,Paid Ads,Mobile,East,35-44,25K-50K,Savings Account,1,5,96,CTA Clicked,1,1,1,0,0,CTA Clicked,Privacy concern,17810,5,19
4786,S004787,U000040,2025-02-06 22:09:58,2025-02-06,Organic Search,Desktop,Central,25-34,Below 25K,Insurance Plan,0,1,1104,Product Page Viewed,1,0,0,0,0,Product Page Viewed,High interest-rate concern,8351,2,6
4787,S004788,U002922,2025-01-28 00:36:20,2025-01-28,Organic Search,Mobile,South,18-24,25K-50K,Savings Account,0,6,476,Lead Form Started,1,1,1,1,0,Lead Form Started,Technical issue,10578,1,5
4788,S004789,U004449,2025-06-24 00:51:49,2025-06-24,Direct,Mobile,West,25-34,50K-100K,Personal Loan,0,4,843,Product Page Viewed,1,0,0,0,0,Product Page Viewed,Unclear product value,153500,6,26
4789,S004790,U002803,2025-03-27 10:04:45,2025-03-27,Email,Mobile,South,25-34,25K-50K,Savings Account,0,2,144,CTA Clicked,1,1,1,0,0,CTA Clicked,Privacy concern,15203,3,13
4790,S004791,U003265,2025-01-22 06:47:56,2025-01-22,Referral,Tablet,North,25-34,Below 25K,Credit Card,0,7,346,Calculator Used,1,1,0,0,0,Calculator Used,Technical issue,17517,1,4
4791,S004792,U000874,2025-06-06 12:40:34,2025-06-06,Paid Ads,Tablet,North,18-24,Below 25K,Personal Loan,1,5,500,Product Page Viewed,1,0,0,0,0,Product Page Viewed,High interest-rate concern,116072,6,23
4792,S004793,U002199,2025-05-25 13:42:49,2025-05-25,Email,Mobile,North,45-54,50K-100K,Credit Card,0,11,279,Calculator Used,1,1,0,0,0,Calculator Used,Technical issue,24099,5,21
4793,S004794,U002273,2025-01-07 04:13:26,2025-01-07,Paid Ads,Mobile,South,25-34,Below 25K,Insurance Plan,0,1,584,Product Page Viewed,1,0,0,0,0,Product Page Viewed,Technical issue,4995,1,2
4794,S004795,U003418,2025-05-22 22:09:43,2025-05-22,Organic Search,Mobile,Central,35-44,Below 25K,Insurance Plan,0,11,639,Product Page Viewed,1,0,0,0,0,Product Page Viewed,Unclear product value,7019,5,21
4795,S004796,U000098,2025-04-04 06:28:07,2025-04-04,Direct,Desktop,East,35-44,25K-50K,Personal Loan,1,6,126,Lead Form Started,1,1,1,1,0,Lead Form Started,Technical issue,138546,4,14
4796,S004797,U003280,2025-04-06 02:35:32,2025-04-06,Email,Mobile,North,45-54,25K-50K,Savings Account,0,10,673,Product Page Viewed,1,0,0,0,0,Product Page Viewed,High interest-rate concern,20694,4,14
4797,S004798,U000657,2025-03-19 01:55:45,2025-03-19,Paid Ads,Mobile,West,45-54,50K-100K,Credit Card,0,1,931,Website Visit,0,0,0,0,0,Website Visit,Immediate bounce,33292,3,12
4798,S004799,U004578,2025-06-15 00:34:12,2025-06-15,Direct,Desktop,North,18-24,100K+,Credit Card,0,4,750,Calculator Used,1,1,0,0,0,Calculator Used,Required information unavailable,26072,6,24
4799,S004800,U003041,2025-01-19 00:25:15,2025-01-19,Direct,Mobile,North,25-34,100K+,Personal Loan,0,5,678,Website Visit,0,0,0,0,0,Website Visit,Not ready to explore,83917,1,3
4800,S004801,U004660,2025-02-19 13:02:20,2025-02-19,Paid Ads,Mobile,South,25-34,Below 25K,Personal Loan,0,12,231,Calculator Used,1,1,0,0,0,Calculator Used,Calculator result not attractive,78610,2,8
4801,S004802,U003929,2025-04-10 09:59:11,2025-04-10,Referral,Desktop,North,35-44,Below 25K,Personal Loan,0,12,174,Lead Form Submitted,1,1,1,1,1,,,0,4,15
4802,S004803,U002243,2025-03-30 12:48:27,2025-03-30,Direct,Mobile,South,35-44,Below 25K,Savings Account,1,6,568,CTA Clicked,1,1,1,0,0,CTA Clicked,Not ready to apply,13782,3,13
4803,S004804,U000854,2025-04-04 03:34:34,2025-04-04,Social Media,Desktop,West,25-34,Below 25K,Savings Account,0,3,700,Product Page Viewed,1,0,0,0,0,Product Page Viewed,Comparing alternatives,11704,4,14
4804,S004805,U002599,2025-05-24 23:12:15,2025-05-24,Social Media,Desktop,South,55+,50K-100K,Insurance Plan,1,10,311,Calculator Used,1,1,0,0,0,Calculator Used,Comparing alternatives,4394,5,21
4805,S004806,U000242,2025-06-25 03:47:42,2025-06-25,Paid Ads,Desktop,West,18-24,50K-100K,Savings Account,0,4,319,Lead Form Started,1,1,1,1,0,Lead Form Started,Technical issue,19607,6,26
4806,S004807,U001645,2025-01-26 14:07:37,2025-01-26,Paid Ads,Desktop,North,45-54,50K-100K,Savings Account,0,4,304,Product Page Viewed,1,0,0,0,0,Product Page Viewed,Unclear product value,11568,1,4
4807,S004808,U002877,2025-05-07 00:04:01,2025-05-07,Paid Ads,Desktop,Central,45-54,Below 25K,Savings Account,0,12,1163,Product Page Viewed,1,0,0,0,0,Product Page Viewed,Unclear product value,11356,5,19
4808,S004809,U000091,2025-04-17 18:18:37,2025-04-17,Email,Mobile,West,25-34,25K-50K,Credit Card,0,5,486,Website Visit,0,0,0,0,0,Website Visit,Landing page mismatch,25064,4,16
4809,S004810,U000587,2025-05-08 23:57:05,2025-05-08,Direct,Mobile,South,18-24,Below 25K,Personal Loan,0,2,523,Lead Form Submitted,1,1,1,1,1,,,0,5,19
4810,S004811,U000962,2025-05-31 07:16:37,2025-05-31,Organic Search,Mobile,West,25-34,25K-50K,Insurance Plan,0,10,256,Product Page Viewed,1,0,0,0,0,Product Page Viewed,Comparing alternatives,8419,5,22
4811,S004812,U001352,2025-06-25 19:33:41,2025-06-25,Paid Ads,Desktop,South,35-44,50K-100K,Personal Loan,0,6,660,Calculator Used,1,1,0,0,0,Calculator Used,Technical issue,100126,6,26
4812,S004813,U001594,2025-05-01 17:11:32,2025-05-01,Organic Search,Desktop,West,25-34,100K+,Personal Loan,1,9,1187,Product Page Viewed,1,0,0,0,0,Product Page Viewed,Technical issue,68661,5,18
4813,S004814,U002704,2025-03-25 21:07:46,2025-03-25,Organic Search,Mobile,North,45-54,50K-100K,Credit Card,1,12,845,Product Page Viewed,1,0,0,0,0,Product Page Viewed,High interest-rate concern,33032,3,13
4814,S004815,U002082,2025-03-12 06:51:36,2025-03-12,Paid Ads,Mobile,North,25-34,25K-50K,Credit Card,1,4,374,Product Page Viewed,1,0,0,0,0,Product Page Viewed,Unclear product value,23892,3,11
4815,S004816,U002555,2025-03-07 17:12:12,2025-03-07,Organic Search,Desktop,West,35-44,25K-50K,Savings Account,0,3,342,Calculator Used,1,1,0,0,0,Calculator Used,Calculator result not attractive,10286,3,10
4816,S004817,U002497,2025-05-11 04:31:56,2025-05-11,Direct,Mobile,North,45-54,100K+,Savings Account,1,3,991,Product Page Viewed,1,0,0,0,0,Product Page Viewed,Technical issue,9790,5,19
4817,S004818,U004111,2025-04-05 19:42:29,2025-04-05,Social Media,Desktop,Central,25-34,50K-100K,Savings Account,0,6,755,Lead Form Submitted,1,1,1,1,1,,,0,4,14
4818,S004819,U003121,2025-05-26 18:29:48,2025-05-26,Social Media,Mobile,West,18-24,50K-100K,Credit Card,1,4,896,Product Page Viewed,1,0,0,0,0,Product Page Viewed,Unclear product value,16261,5,22
4819,S004820,U004444,2025-05-09 05:16:05,2025-05-09,Organic Search,Mobile,West,25-34,50K-100K,Credit Card,0,9,261,Product Page Viewed,1,0,0,0,0,Product Page Viewed,High interest-rate concern,18542,5,19
4820,S004821,U001704,2025-05-03 11:26:48,2025-05-03,Organic Search,Desktop,South,35-44,25K-50K,Savings Account,0,11,120,Calculator Used,1,1,0,0,0,Calculator Used,Calculator result not attractive,11359,5,18
4821,S004822,U003518,2025-04-27 04:05:00,2025-04-27,Organic Search,Mobile,North,45-54,100K+,Credit Card,0,3,1143,Product Page Viewed,1,0,0,0,0,Product Page Viewed,High interest-rate concern,26889,4,17
4822,S004823,U002787,2025-01-24 10:22:33,2025-01-24,Paid Ads,Desktop,Central,45-54,25K-50K,Credit Card,0,12,380,Product Page Viewed,1,0,0,0,0,Product Page Viewed,Unclear product value,28028,1,4
4823,S004824,U004380,2025-05-03 18:58:42,2025-05-03,Paid Ads,Mobile,West,55+,25K-50K,Insurance Plan,0,2,55,Product Page Viewed,1,0,0,0,0,Product Page Viewed,High interest-rate concern,5990,5,18
4824,S004825,U001218,2025-05-16 02:30:58,2025-05-16,Direct,Desktop,East,25-34,50K-100K,Personal Loan,0,4,401,Product Page Viewed,1,0,0,0,0,Product Page Viewed,High interest-rate concern,122710,5,20
4825,S004826,U001134,2025-04-11 07:13:39,2025-04-11,Organic Search,Desktop,West,35-44,50K-100K,Personal Loan,0,5,1045,Product Page Viewed,1,0,0,0,0,Product Page Viewed,Technical issue,135324,4,15
4826,S004827,U002036,2025-03-05 17:59:07,2025-03-05,Email,Mobile,Central,55+,Below 25K,Credit Card,0,11,558,Website Visit,0,0,0,0,0,Website Visit,Landing page mismatch,22688,3,10
4827,S004828,U002934,2025-04-08 06:52:48,2025-04-08,Referral,Desktop,North,35-44,100K+,Personal Loan,0,3,357,Lead Form Submitted,1,1,1,1,1,,,0,4,15
4828,S004829,U003112,2025-02-04 17:25:28,2025-02-04,Social Media,Mobile,Central,35-44,25K-50K,Personal Loan,0,7,289,Product Page Viewed,1,0,0,0,0,Product Page Viewed,Technical issue,78832,2,6
4829,S004830,U000467,2025-05-23 20:53:15,2025-05-23,Organic Search,Mobile,South,25-34,100K+,Personal Loan,0,7,622,Lead Form Submitted,1,1,1,1,1,,,0,5,21
4830,S004831,U004300,2025-04-12 07:05:35,2025-04-12,Paid Ads,Mobile,West,25-34,25K-50K,Credit Card,1,8,617,Calculator Used,1,1,0,0,0,Calculator Used,Comparing alternatives,15984,4,15
4831,S004832,U004114,2025-01-08 05:18:28,2025-01-08,Paid Ads,Desktop,West,45-54,25K-50K,Credit Card,0,4,980,Calculator Used,1,1,0,0,0,Calculator Used,Required information unavailable,16345,1,2
4832,S004833,U003489,2025-02-13 11:02:58,2025-02-13,Direct,Desktop,West,35-44,25K-50K,Credit Card,0,4,272,Calculator Used,1,1,0,0,0,Calculator Used,Calculator result not attractive,16754,2,7
4833,S004834,U003411,2025-02-19 07:32:26,2025-02-19,Referral,Mobile,East,55+,25K-50K,Savings Account,0,11,436,Lead Form Submitted,1,1,1,1,1,,,0,2,8
4834,S004835,U001796,2025-03-06 23:43:09,2025-03-06,Paid Ads,Mobile,North,45-54,50K-100K,Credit Card,0,7,114,Product Page Viewed,1,0,0,0,0,Product Page Viewed,High interest-rate concern,24046,3,10
4835,S004836,U004750,2025-03-16 19:27:25,2025-03-16,Organic Search,Mobile,West,55+,50K-100K,Credit Card,0,11,732,Website Visit,0,0,0,0,0,Website Visit,Landing page mismatch,26896,3,11
4836,S004837,U004077,2025-02-09 03:54:03,2025-02-09,Referral,Desktop,North,25-34,Below 25K,Personal Loan,0,5,105,Website Visit,0,0,0,0,0,Website Visit,Landing page mismatch,124058,2,6
4837,S004838,U003992,2025-04-20 23:36:15,2025-04-20,Paid Ads,Mobile,Central,35-44,25K-50K,Credit Card,1,6,451,Lead Form Started,1,1,1,1,0,Lead Form Started,Document requirement concern,18658,4,16
4838,S004839,U001668,2025-06-05 12:26:54,2025-06-05,Organic Search,Mobile,West,25-34,100K+,Credit Card,0,2,464,Calculator Used,1,1,0,0,0,Calculator Used,Required information unavailable,39078,6,23
4839,S004840,U002196,2025-01-19 21:35:23,2025-01-19,Paid Ads,Mobile,North,35-44,50K-100K,Personal Loan,0,6,774,Product Page Viewed,1,0,0,0,0,Product Page Viewed,Comparing alternatives,129657,1,3
4840,S004841,U004429,2025-01-26 02:10:29,2025-01-26,Direct,Mobile,West,45-54,50K-100K,Credit Card,0,5,925,Lead Form Submitted,1,1,1,1,1,,,0,1,4
4841,S004842,U003283,2025-06-10 23:10:20,2025-06-10,Social Media,Mobile,West,35-44,25K-50K,Personal Loan,0,1,566,Calculator Used,1,1,0,0,0,Calculator Used,Required information unavailable,109049,6,24
4842,S004843,U003032,2025-03-06 07:53:37,2025-03-06,Organic Search,Mobile,South,35-44,25K-50K,Insurance Plan,1,12,17,CTA Clicked,1,1,1,0,0,CTA Clicked,Technical issue,5702,3,10
4843,S004844,U003597,2025-01-01 04:01:22,2025-01-01,Direct,Mobile,South,25-34,25K-50K,Savings Account,0,9,753,Product Page Viewed,1,0,0,0,0,Product Page Viewed,Technical issue,10083,1,1
4844,S004845,U001034,2025-06-24 23:00:07,2025-06-24,Paid Ads,Mobile,West,35-44,25K-50K,Credit Card,1,10,1025,Website Visit,0,0,0,0,0,Website Visit,Immediate bounce,22529,6,26
4845,S004846,U002491,2025-05-19 18:02:54,2025-05-19,Email,Desktop,Central,35-44,100K+,Personal Loan,0,2,1049,Product Page Viewed,1,0,0,0,0,Product Page Viewed,Technical issue,143573,5,21
4846,S004847,U000887,2025-03-04 19:18:42,2025-03-04,Organic Search,Desktop,East,25-34,25K-50K,Savings Account,0,1,1114,Product Page Viewed,1,0,0,0,0,Product Page Viewed,High interest-rate concern,13269,3,10
4847,S004848,U000632,2025-01-03 21:09:07,2025-01-03,Direct,Desktop,West,45-54,25K-50K,Insurance Plan,0,6,310,Lead Form Submitted,1,1,1,1,1,,,0,1,1
4848,S004849,U000664,2025-03-21 09:41:44,2025-03-21,Paid Ads,Mobile,North,35-44,Below 25K,Personal Loan,0,2,89,Product Page Viewed,1,0,0,0,0,Product Page Viewed,Comparing alternatives,66379,3,12
4849,S004850,U000355,2025-05-07 07:01:08,2025-05-07,Paid Ads,Mobile,South,45-54,25K-50K,Personal Loan,0,8,1099,Website Visit,0,0,0,0,0,Website Visit,Immediate bounce,120280,5,19
4850,S004851,U003652,2025-01-02 03:59:25,2025-01-02,Direct,Mobile,North,25-34,25K-50K,Credit Card,0,10,60,Lead Form Submitted,1,1,1,1,1,,,0,1,1
4851,S004852,U003842,2025-02-08 15:13:28,2025-02-08,Email,Desktop,North,35-44,100K+,Credit Card,0,12,295,Lead Form Submitted,1,1,1,1,1,,,0,2,6
4852,S004853,U004117,2025-05-29 23:04:35,2025-05-29,Email,Mobile,North,35-44,25K-50K,Savings Account,0,11,697,Product Page Viewed,1,0,0,0,0,Product Page Viewed,Unclear product value,14009,5,22
4853,S004854,U000003,2025-03-15 16:50:03,2025-03-15,Email,Desktop,North,25-34,25K-50K,Savings Account,1,4,907,Lead Form Started,1,1,1,1,0,Lead Form Started,Too many required fields,14702,3,11
4854,S004855,U002290,2025-05-30 21:54:40,2025-05-30,Email,Mobile,South,25-34,25K-50K,Savings Account,0,8,1060,Product Page Viewed,1,0,0,0,0,Product Page Viewed,High interest-rate concern,19430,5,22
4855,S004856,U000900,2025-04-15 04:14:11,2025-04-15,Direct,Mobile,West,55+,25K-50K,Insurance Plan,0,6,239,Lead Form Submitted,1,1,1,1,1,,,0,4,16
4856,S004857,U000192,2025-03-15 11:19:52,2025-03-15,Direct,Desktop,North,35-44,25K-50K,Personal Loan,0,5,568,Calculator Used,1,1,0,0,0,Calculator Used,Calculator result not attractive,81554,3,11
4857,S004858,U002857,2025-02-24 00:21:54,2025-02-24,Direct,Mobile,East,35-44,50K-100K,Savings Account,0,12,864,Product Page Viewed,1,0,0,0,0,Product Page Viewed,Comparing alternatives,17022,2,9
4858,S004859,U000582,2025-02-23 14:15:55,2025-02-23,Organic Search,Desktop,Central,25-34,25K-50K,Insurance Plan,0,1,193,Calculator Used,1,1,0,0,0,Calculator Used,Comparing alternatives,5801,2,8
4859,S004860,U004256,2025-03-26 00:10:41,2025-03-26,Direct,Mobile,East,55+,50K-100K,Credit Card,0,10,992,Product Page Viewed,1,0,0,0,0,Product Page Viewed,Comparing alternatives,39259,3,13
4860,S004861,U000221,2025-02-27 00:31:04,2025-02-27,Direct,Desktop,Central,35-44,50K-100K,Personal Loan,0,11,92,Calculator Used,1,1,0,0,0,Calculator Used,Required information unavailable,88907,2,9
4861,S004862,U002073,2025-03-25 10:19:02,2025-03-25,Direct,Mobile,East,25-34,50K-100K,Credit Card,1,9,324,Product Page Viewed,1,0,0,0,0,Product Page Viewed,Unclear product value,28008,3,13
4862,S004863,U000534,2025-03-08 09:03:05,2025-03-08,Social Media,Mobile,South,35-44,25K-50K,Savings Account,0,4,1137,Lead Form Started,1,1,1,1,0,Lead Form Started,Technical issue,8912,3,10
4863,S004864,U004592,2025-03-22 14:43:29,2025-03-22,Organic Search,Mobile,West,25-34,50K-100K,Savings Account,0,7,345,Product Page Viewed,1,0,0,0,0,Product Page Viewed,Comparing alternatives,10937,3,12
4864,S004865,U003143,2025-01-20 09:06:05,2025-01-20,Direct,Desktop,West,18-24,100K+,Savings Account,0,1,858,Lead Form Submitted,1,1,1,1,1,,,0,1,4
4865,S004866,U001195,2025-03-02 23:45:42,2025-03-02,Organic Search,Desktop,East,45-54,50K-100K,Savings Account,0,1,762,Website Visit,0,0,0,0,0,Website Visit,Immediate bounce,17564,3,9
4866,S004867,U000514,2025-01-28 07:12:46,2025-01-28,Referral,Mobile,West,45-54,25K-50K,Personal Loan,0,3,25,CTA Clicked,1,1,1,0,0,CTA Clicked,Form looked too long,69670,1,5
4867,S004868,U000527,2025-05-02 12:46:05,2025-05-02,Referral,Desktop,East,18-24,50K-100K,Insurance Plan,0,4,1155,Lead Form Submitted,1,1,1,1,1,,,0,5,18
4868,S004869,U002621,2025-02-06 21:07:48,2025-02-06,Direct,Desktop,North,35-44,25K-50K,Savings Account,0,12,912,Website Visit,0,0,0,0,0,Website Visit,Landing page mismatch,12398,2,6
4869,S004870,U001512,2025-05-20 02:54:32,2025-05-20,Direct,Mobile,North,25-34,25K-50K,Personal Loan,0,7,992,CTA Clicked,1,1,1,0,0,CTA Clicked,Technical issue,117625,5,21
4870,S004871,U001278,2025-02-16 14:32:05,2025-02-16,Email,Desktop,West,35-44,25K-50K,Savings Account,0,9,974,Calculator Used,1,1,0,0,0,Calculator Used,Calculator result not attractive,13372,2,7
4871,S004872,U004362,2025-03-01 06:27:32,2025-03-01,Email,Mobile,East,35-44,25K-50K,Insurance Plan,0,10,610,Product Page Viewed,1,0,0,0,0,Product Page Viewed,High interest-rate concern,5836,3,9
4872,S004873,U003112,2025-06-25 22:15:08,2025-06-25,Social Media,Desktop,East,25-34,Below 25K,Savings Account,1,2,33,Product Page Viewed,1,0,0,0,0,Product Page Viewed,Technical issue,21351,6,26
4873,S004874,U002787,2025-03-31 15:34:52,2025-03-31,Direct,Mobile,Central,25-34,25K-50K,Personal Loan,0,1,726,Lead Form Submitted,1,1,1,1,1,,,0,3,14
4874,S004875,U004801,2025-06-09 06:40:19,2025-06-09,Email,Desktop,North,35-44,100K+,Personal Loan,0,1,461,Product Page Viewed,1,0,0,0,0,Product Page Viewed,High interest-rate concern,103776,6,24
4875,S004876,U002901,2025-05-26 19:24:07,2025-05-26,Referral,Desktop,Central,35-44,100K+,Personal Loan,0,2,463,Lead Form Submitted,1,1,1,1,1,,,0,5,22
4876,S004877,U003071,2025-02-25 04:07:27,2025-02-25,Organic Search,Desktop,Central,18-24,Below 25K,Credit Card,0,12,511,Product Page Viewed,1,0,0,0,0,Product Page Viewed,Comparing alternatives,29501,2,9
4877,S004878,U001260,2025-02-10 22:48:41,2025-02-10,Direct,Desktop,West,55+,50K-100K,Personal Loan,0,9,627,Product Page Viewed,1,0,0,0,0,Product Page Viewed,Technical issue,151762,2,7
4878,S004879,U000546,2025-04-15 13:14:41,2025-04-15,Paid Ads,Desktop,South,45-54,25K-50K,Personal Loan,1,1,199,Lead Form Started,1,1,1,1,0,Lead Form Started,Session timeout,136092,4,16
4879,S004880,U000023,2025-02-03 11:22:35,2025-02-03,Paid Ads,Desktop,Central,45-54,Below 25K,Personal Loan,0,2,103,Product Page Viewed,1,0,0,0,0,Product Page Viewed,High interest-rate concern,113110,2,6
4880,S004881,U001875,2025-05-16 00:03:20,2025-05-16,Referral,Tablet,South,55+,50K-100K,Insurance Plan,0,10,1011,Website Visit,0,0,0,0,0,Website Visit,Slow page load,8317,5,20
4881,S004882,U002487,2025-06-21 08:52:07,2025-06-21,Organic Search,Mobile,East,18-24,100K+,Insurance Plan,0,10,264,CTA Clicked,1,1,1,0,0,CTA Clicked,Technical issue,6534,6,25
4882,S004883,U001640,2025-01-23 18:28:34,2025-01-23,Referral,Desktop,South,35-44,Below 25K,Personal Loan,1,2,1192,Product Page Viewed,1,0,0,0,0,Product Page Viewed,High interest-rate concern,116921,1,4
4883,S004884,U002260,2025-05-13 21:24:52,2025-05-13,Referral,Mobile,North,25-34,50K-100K,Personal Loan,0,6,765,CTA Clicked,1,1,1,0,0,CTA Clicked,Form looked too long,161285,5,20
4884,S004885,U001692,2025-03-29 23:06:48,2025-03-29,Direct,Desktop,South,55+,25K-50K,Savings Account,0,12,622,Product Page Viewed,1,0,0,0,0,Product Page Viewed,Unclear product value,9774,3,13
4885,S004886,U000332,2025-01-14 01:51:20,2025-01-14,Organic Search,Mobile,West,18-24,25K-50K,Personal Loan,0,3,534,Product Page Viewed,1,0,0,0,0,Product Page Viewed,High interest-rate concern,64473,1,3
4886,S004887,U001946,2025-03-05 17:21:38,2025-03-05,Organic Search,Desktop,North,35-44,50K-100K,Savings Account,1,9,1127,Product Page Viewed,1,0,0,0,0,Product Page Viewed,Technical issue,10918,3,10
4887,S004888,U000770,2025-06-08 02:05:38,2025-06-08,Social Media,Mobile,North,25-34,25K-50K,Savings Account,0,2,1020,Product Page Viewed,1,0,0,0,0,Product Page Viewed,Technical issue,14318,6,23
4888,S004889,U000205,2025-04-06 23:52:49,2025-04-06,Organic Search,Mobile,East,55+,50K-100K,Insurance Plan,0,7,1179,Product Page Viewed,1,0,0,0,0,Product Page Viewed,Comparing alternatives,5577,4,14
4889,S004890,U000727,2025-05-20 07:36:16,2025-05-20,Direct,Tablet,North,25-34,50K-100K,Personal Loan,0,9,816,Product Page Viewed,1,0,0,0,0,Product Page Viewed,Technical issue,118219,5,21
4890,S004891,U000560,2025-02-12 09:11:23,2025-02-12,Direct,Desktop,South,45-54,50K-100K,Insurance Plan,0,12,928,Product Page Viewed,1,0,0,0,0,Product Page Viewed,Technical issue,4256,2,7
4891,S004892,U000057,2025-04-13 18:29:01,2025-04-13,Organic Search,Desktop,Central,25-34,100K+,Credit Card,0,4,227,Product Page Viewed,1,0,0,0,0,Product Page Viewed,Technical issue,32755,4,15
4892,S004893,U003773,2025-01-31 17:06:06,2025-01-31,Organic Search,Mobile,North,25-34,25K-50K,Personal Loan,0,12,892,Lead Form Submitted,1,1,1,1,1,,,0,1,5
4893,S004894,U002746,2025-06-22 05:20:24,2025-06-22,Referral,Mobile,East,18-24,25K-50K,Personal Loan,0,1,882,Product Page Viewed,1,0,0,0,0,Product Page Viewed,Technical issue,90174,6,25
4894,S004895,U003453,2025-05-31 20:38:14,2025-05-31,Email,Desktop,North,25-34,100K+,Credit Card,1,11,559,Calculator Used,1,1,0,0,0,Calculator Used,Required information unavailable,31506,5,22
4895,S004896,U000593,2025-06-06 23:09:03,2025-06-06,Direct,Mobile,West,35-44,25K-50K,Personal Loan,0,4,1077,CTA Clicked,1,1,1,0,0,CTA Clicked,Privacy concern,84635,6,23
4896,S004897,U000762,2025-01-14 14:34:59,2025-01-14,Paid Ads,Mobile,East,45-54,50K-100K,Credit Card,0,3,74,Lead Form Submitted,1,1,1,1,1,,,0,1,3
4897,S004898,U000605,2025-03-30 16:10:29,2025-03-30,Social Media,Desktop,Central,25-34,50K-100K,Savings Account,0,12,427,Product Page Viewed,1,0,0,0,0,Product Page Viewed,Comparing alternatives,12957,3,13
4898,S004899,U002356,2025-05-04 07:54:03,2025-05-04,Organic Search,Mobile,East,55+,100K+,Personal Loan,1,4,295,Product Page Viewed,1,0,0,0,0,Product Page Viewed,High interest-rate concern,109483,5,18
4899,S004900,U003071,2025-05-11 02:29:01,2025-05-11,Email,Mobile,East,55+,50K-100K,Insurance Plan,0,1,147,CTA Clicked,1,1,1,0,0,CTA Clicked,Not ready to apply,8182,5,19
4900,S004901,U000224,2025-04-30 13:50:39,2025-04-30,Direct,Mobile,West,25-34,Below 25K,Credit Card,0,10,135,Product Page Viewed,1,0,0,0,0,Product Page Viewed,Technical issue,34013,4,18
4901,S004902,U003444,2025-02-11 19:14:32,2025-02-11,Paid Ads,Desktop,East,18-24,50K-100K,Savings Account,0,2,97,Product Page Viewed,1,0,0,0,0,Product Page Viewed,Unclear product value,20777,2,7
4902,S004903,U002864,2025-03-21 19:36:52,2025-03-21,Direct,Desktop,North,35-44,25K-50K,Personal Loan,0,7,301,Product Page Viewed,1,0,0,0,0,Product Page Viewed,High interest-rate concern,92780,3,12
4903,S004904,U000020,2025-01-25 10:25:09,2025-01-25,Paid Ads,Mobile,East,55+,25K-50K,Credit Card,1,7,910,Website Visit,0,0,0,0,0,Website Visit,Not ready to explore,33716,1,4
4904,S004905,U003799,2025-04-05 23:44:48,2025-04-05,Referral,Mobile,West,55+,50K-100K,Credit Card,0,9,798,Lead Form Submitted,1,1,1,1,1,,,0,4,14
4905,S004906,U000278,2025-01-23 05:00:40,2025-01-23,Paid Ads,Mobile,North,35-44,50K-100K,Credit Card,1,3,660,Product Page Viewed,1,0,0,0,0,Product Page Viewed,High interest-rate concern,20310,1,4
4906,S004907,U003154,2025-05-21 04:13:40,2025-05-21,Email,Mobile,West,25-34,50K-100K,Insurance Plan,0,5,799,Calculator Used,1,1,0,0,0,Calculator Used,Technical issue,5432,5,21
4907,S004908,U001976,2025-02-01 02:47:38,2025-02-01,Organic Search,Desktop,West,35-44,50K-100K,Personal Loan,1,3,423,Lead Form Started,1,1,1,1,0,Lead Form Started,Session timeout,121696,2,5
4908,S004909,U000700,2025-06-16 03:47:58,2025-06-16,Referral,Mobile,North,25-34,50K-100K,Personal Loan,0,5,439,Website Visit,0,0,0,0,0,Website Visit,Not ready to explore,153279,6,25
4909,S004910,U004053,2025-01-28 09:43:53,2025-01-28,Paid Ads,Mobile,Central,55+,50K-100K,Personal Loan,0,4,740,Website Visit,0,0,0,0,0,Website Visit,Immediate bounce,133164,1,5
4910,S004911,U000071,2025-04-29 00:44:00,2025-04-29,Direct,Mobile,North,55+,50K-100K,Savings Account,0,4,199,Calculator Used,1,1,0,0,0,Calculator Used,Comparing alternatives,13472,4,18
4911,S004912,U003663,2025-02-26 21:14:00,2025-02-26,Paid Ads,Desktop,North,35-44,25K-50K,Credit Card,0,11,788,Product Page Viewed,1,0,0,0,0,Product Page Viewed,Unclear product value,20831,2,9
4912,S004913,U001321,2025-06-25 17:48:37,2025-06-25,Organic Search,Desktop,North,35-44,50K-100K,Credit Card,1,5,548,Calculator Used,1,1,0,0,0,Calculator Used,Comparing alternatives,38856,6,26
4913,S004914,U004865,2025-03-03 17:35:06,2025-03-03,Referral,Mobile,South,45-54,Below 25K,Credit Card,1,6,651,Website Visit,0,0,0,0,0,Website Visit,Not ready to explore,37215,3,10
4914,S004915,U002940,2025-01-28 05:38:15,2025-01-28,Organic Search,Mobile,South,35-44,50K-100K,Insurance Plan,0,9,1002,Lead Form Started,1,1,1,1,0,Lead Form Started,Document requirement concern,9917,1,5
4915,S004916,U004262,2025-01-26 13:26:57,2025-01-26,Referral,Mobile,East,25-34,25K-50K,Savings Account,0,3,1095,Product Page Viewed,1,0,0,0,0,Product Page Viewed,High interest-rate concern,11060,1,4
4916,S004917,U003647,2025-05-29 10:41:31,2025-05-29,Referral,Mobile,North,18-24,50K-100K,Credit Card,1,6,192,Product Page Viewed,1,0,0,0,0,Product Page Viewed,Unclear product value,19870,5,22
4917,S004918,U004871,2025-01-04 15:44:19,2025-01-04,Direct,Tablet,East,45-54,Below 25K,Personal Loan,0,8,274,Lead Form Submitted,1,1,1,1,1,,,0,1,1
4918,S004919,U003003,2025-06-20 16:51:45,2025-06-20,Paid Ads,Mobile,West,25-34,100K+,Insurance Plan,0,1,1068,Product Page Viewed,1,0,0,0,0,Product Page Viewed,High interest-rate concern,5591,6,25
4919,S004920,U001655,2025-05-30 11:01:46,2025-05-30,Direct,Mobile,West,55+,50K-100K,Savings Account,0,10,90,Product Page Viewed,1,0,0,0,0,Product Page Viewed,Comparing alternatives,13699,5,22
4920,S004921,U003094,2025-03-15 09:59:36,2025-03-15,Paid Ads,Mobile,North,25-34,25K-50K,Insurance Plan,0,10,464,Product Page Viewed,1,0,0,0,0,Product Page Viewed,Comparing alternatives,10587,3,11
4921,S004922,U001815,2025-05-09 11:17:15,2025-05-09,Email,Tablet,Central,35-44,50K-100K,Personal Loan,0,8,589,Calculator Used,1,1,0,0,0,Calculator Used,Comparing alternatives,153973,5,19
4922,S004923,U004763,2025-03-26 00:53:37,2025-03-26,Organic Search,Tablet,East,25-34,25K-50K,Personal Loan,1,2,1095,Product Page Viewed,1,0,0,0,0,Product Page Viewed,Comparing alternatives,76667,3,13
4923,S004924,U003701,2025-02-12 22:31:24,2025-02-12,Referral,Mobile,North,18-24,25K-50K,Credit Card,0,4,823,CTA Clicked,1,1,1,0,0,CTA Clicked,Not ready to apply,29974,2,7
4924,S004925,U001445,2025-05-12 22:57:52,2025-05-12,Referral,Desktop,West,25-34,50K-100K,Personal Loan,0,4,1078,Lead Form Submitted,1,1,1,1,1,,,0,5,20
4925,S004926,U001829,2025-06-26 16:14:31,2025-06-26,Social Media,Mobile,West,25-34,50K-100K,Credit Card,0,9,396,Calculator Used,1,1,0,0,0,Calculator Used,Technical issue,32580,6,26
4926,S004927,U000609,2025-04-15 14:23:14,2025-04-15,Email,Mobile,West,25-34,Below 25K,Credit Card,1,2,775,Product Page Viewed,1,0,0,0,0,Product Page Viewed,Unclear product value,16495,4,16
4927,S004928,U002900,2025-02-07 01:54:29,2025-02-07,Social Media,Mobile,North,25-34,Below 25K,Credit Card,0,6,1173,Website Visit,0,0,0,0,0,Website Visit,Slow page load,29745,2,6
4928,S004929,U000782,2025-06-24 05:54:04,2025-06-24,Organic Search,Tablet,South,35-44,25K-50K,Personal Loan,0,7,1021,Lead Form Started,1,1,1,1,0,Lead Form Started,Too many required fields,84220,6,26
4929,S004930,U004159,2025-03-15 12:00:03,2025-03-15,Direct,Tablet,South,25-34,100K+,Savings Account,0,12,980,Lead Form Submitted,1,1,1,1,1,,,0,3,11
4930,S004931,U001041,2025-02-07 18:40:47,2025-02-07,Organic Search,Desktop,East,35-44,50K-100K,Credit Card,0,9,1183,Lead Form Submitted,1,1,1,1,1,,,0,2,6
4931,S004932,U001301,2025-05-19 21:55:46,2025-05-19,Paid Ads,Mobile,South,45-54,50K-100K,Personal Loan,1,10,274,Lead Form Submitted,1,1,1,1,1,,,0,5,21
4932,S004933,U000251,2025-01-04 22:34:09,2025-01-04,Organic Search,Mobile,West,18-24,50K-100K,Credit Card,0,12,54,Product Page Viewed,1,0,0,0,0,Product Page Viewed,Unclear product value,37603,1,1
4933,S004934,U003779,2025-01-26 18:01:47,2025-01-26,Social Media,Mobile,Central,35-44,25K-50K,Insurance Plan,0,9,57,CTA Clicked,1,1,1,0,0,CTA Clicked,Not ready to apply,6927,1,4
4934,S004935,U003447,2025-01-12 22:39:49,2025-01-12,Email,Mobile,South,35-44,50K-100K,Credit Card,0,1,682,Lead Form Submitted,1,1,1,1,1,,,0,1,2
4935,S004936,U002602,2025-05-02 08:42:30,2025-05-02,Email,Mobile,East,45-54,50K-100K,Credit Card,0,9,1077,Lead Form Submitted,1,1,1,1,1,,,0,5,18
4936,S004937,U002549,2025-03-27 03:04:37,2025-03-27,Paid Ads,Mobile,North,35-44,100K+,Credit Card,0,1,63,Product Page Viewed,1,0,0,0,0,Product Page Viewed,Unclear product value,32425,3,13
4937,S004938,U003987,2025-03-26 13:21:09,2025-03-26,Paid Ads,Mobile,East,25-34,50K-100K,Personal Loan,0,1,317,Lead Form Started,1,1,1,1,0,Lead Form Started,Session timeout,65948,3,13
4938,S004939,U001409,2025-04-11 06:16:04,2025-04-11,Social Media,Tablet,West,18-24,Below 25K,Personal Loan,1,4,1168,Product Page Viewed,1,0,0,0,0,Product Page Viewed,Comparing alternatives,96466,4,15
4939,S004940,U000084,2025-03-31 02:46:21,2025-03-31,Organic Search,Desktop,East,35-44,25K-50K,Credit Card,0,1,274,Product Page Viewed,1,0,0,0,0,Product Page Viewed,Unclear product value,33896,3,14
4940,S004941,U001271,2025-02-19 00:22:58,2025-02-19,Referral,Desktop,West,35-44,25K-50K,Personal Loan,0,6,586,Lead Form Submitted,1,1,1,1,1,,,0,2,8
4941,S004942,U001205,2025-03-28 12:44:28,2025-03-28,Organic Search,Mobile,North,35-44,50K-100K,Personal Loan,1,8,158,Product Page Viewed,1,0,0,0,0,Product Page Viewed,Unclear product value,86833,3,13
4942,S004943,U002757,2025-06-20 03:35:05,2025-06-20,Organic Search,Tablet,South,25-34,Below 25K,Personal Loan,0,12,240,Lead Form Submitted,1,1,1,1,1,,,0,6,25
4943,S004944,U002256,2025-05-22 03:20:34,2025-05-22,Social Media,Desktop,South,35-44,25K-50K,Insurance Plan,0,8,213,Lead Form Started,1,1,1,1,0,Lead Form Started,Too many required fields,7455,5,21
4944,S004945,U002774,2025-02-05 17:57:03,2025-02-05,Direct,Mobile,East,35-44,25K-50K,Personal Loan,1,9,935,Product Page Viewed,1,0,0,0,0,Product Page Viewed,Unclear product value,148777,2,6
4945,S004946,U003960,2025-05-24 22:14:27,2025-05-24,Email,Mobile,East,55+,50K-100K,Credit Card,0,12,780,Website Visit,0,0,0,0,0,Website Visit,Slow page load,24516,5,21
4946,S004947,U001112,2025-02-18 12:08:40,2025-02-18,Organic Search,Mobile,South,35-44,25K-50K,Personal Loan,0,10,463,Product Page Viewed,1,0,0,0,0,Product Page Viewed,High interest-rate concern,159035,2,8
4947,S004948,U001158,2025-01-24 06:52:32,2025-01-24,Referral,Mobile,North,25-34,50K-100K,Personal Loan,0,9,943,Lead Form Submitted,1,1,1,1,1,,,0,1,4
4948,S004949,U004428,2025-03-04 12:43:35,2025-03-04,Organic Search,Mobile,Central,25-34,100K+,Insurance Plan,1,2,383,Product Page Viewed,1,0,0,0,0,Product Page Viewed,Comparing alternatives,5946,3,10
4949,S004950,U003846,2025-01-15 08:22:54,2025-01-15,Organic Search,Mobile,South,35-44,25K-50K,Credit Card,0,3,78,Product Page Viewed,1,0,0,0,0,Product Page Viewed,Unclear product value,39604,1,3
4950,S004951,U000458,2025-03-05 12:52:37,2025-03-05,Email,Desktop,North,35-44,100K+,Savings Account,0,11,212,Product Page Viewed,1,0,0,0,0,Product Page Viewed,Comparing alternatives,18995,3,10
4951,S004952,U002389,2025-01-04 06:42:59,2025-01-04,Social Media,Mobile,Central,35-44,25K-50K,Personal Loan,0,6,800,Calculator Used,1,1,0,0,0,Calculator Used,Technical issue,112201,1,1
4952,S004953,U001047,2025-06-14 16:40:48,2025-06-14,Email,Mobile,East,25-34,50K-100K,Credit Card,0,4,719,Product Page Viewed,1,0,0,0,0,Product Page Viewed,Technical issue,29340,6,24
4953,S004954,U000530,2025-03-15 23:04:09,2025-03-15,Organic Search,Desktop,East,45-54,50K-100K,Personal Loan,0,10,392,Calculator Used,1,1,0,0,0,Calculator Used,Comparing alternatives,140796,3,11
4954,S004955,U000158,2025-04-18 11:47:01,2025-04-18,Social Media,Desktop,West,35-44,50K-100K,Savings Account,0,5,281,Product Page Viewed,1,0,0,0,0,Product Page Viewed,Comparing alternatives,17810,4,16
4955,S004956,U000232,2025-03-09 05:05:32,2025-03-09,Paid Ads,Desktop,North,25-34,50K-100K,Insurance Plan,0,7,1191,Product Page Viewed,1,0,0,0,0,Product Page Viewed,Comparing alternatives,6500,3,10
4956,S004957,U001835,2025-03-14 11:56:06,2025-03-14,Social Media,Mobile,Central,35-44,Below 25K,Savings Account,0,10,923,Product Page Viewed,1,0,0,0,0,Product Page Viewed,High interest-rate concern,11353,3,11
4957,S004958,U003539,2025-02-18 22:54:03,2025-02-18,Organic Search,Mobile,East,25-34,50K-100K,Insurance Plan,0,7,164,Product Page Viewed,1,0,0,0,0,Product Page Viewed,Technical issue,6171,2,8
4958,S004959,U000246,2025-03-11 21:13:38,2025-03-11,Paid Ads,Mobile,North,35-44,100K+,Credit Card,0,12,1106,Product Page Viewed,1,0,0,0,0,Product Page Viewed,Unclear product value,16773,3,11
4959,S004960,U002864,2025-04-08 03:00:24,2025-04-08,Referral,Desktop,Central,25-34,50K-100K,Personal Loan,0,2,798,Lead Form Started,1,1,1,1,0,Lead Form Started,Too many required fields,96828,4,15
4960,S004961,U004692,2025-01-15 07:55:50,2025-01-15,Paid Ads,Desktop,North,45-54,50K-100K,Personal Loan,0,9,777,Calculator Used,1,1,0,0,0,Calculator Used,Required information unavailable,114922,1,3
4961,S004962,U003001,2025-01-17 12:04:26,2025-01-17,Referral,Mobile,East,55+,50K-100K,Personal Loan,1,6,122,Lead Form Submitted,1,1,1,1,1,,,0,1,3
4962,S004963,U001250,2025-03-10 18:45:30,2025-03-10,Email,Mobile,West,18-24,50K-100K,Savings Account,0,10,863,Lead Form Started,1,1,1,1,0,Lead Form Started,Session timeout,20192,3,11
4963,S004964,U002616,2025-01-31 07:36:57,2025-01-31,Direct,Mobile,South,25-34,100K+,Personal Loan,1,3,1106,Product Page Viewed,1,0,0,0,0,Product Page Viewed,Technical issue,112742,1,5
4964,S004965,U003784,2025-04-01 16:38:04,2025-04-01,Direct,Mobile,South,35-44,Below 25K,Savings Account,0,10,174,Lead Form Started,1,1,1,1,0,Lead Form Started,Document requirement concern,17228,4,14
4965,S004966,U004311,2025-02-25 08:05:03,2025-02-25,Direct,Mobile,North,35-44,50K-100K,Personal Loan,1,8,1002,Lead Form Started,1,1,1,1,0,Lead Form Started,Technical issue,80257,2,9
4966,S004967,U003405,2025-02-03 16:19:56,2025-02-03,Email,Desktop,East,35-44,Below 25K,Credit Card,0,11,39,Calculator Used,1,1,0,0,0,Calculator Used,Technical issue,24088,2,6
4967,S004968,U001653,2025-03-28 09:32:52,2025-03-28,Social Media,Tablet,North,55+,Below 25K,Insurance Plan,1,1,1031,Product Page Viewed,1,0,0,0,0,Product Page Viewed,High interest-rate concern,7570,3,13
4968,S004969,U002495,2025-06-25 22:32:54,2025-06-25,Paid Ads,Mobile,South,25-34,50K-100K,Savings Account,0,3,487,Calculator Used,1,1,0,0,0,Calculator Used,Calculator result not attractive,10716,6,26
4969,S004970,U001279,2025-06-04 03:24:44,2025-06-04,Social Media,Desktop,Central,45-54,25K-50K,Insurance Plan,0,8,291,Product Page Viewed,1,0,0,0,0,Product Page Viewed,High interest-rate concern,7807,6,23
4970,S004971,U002627,2025-03-04 08:03:54,2025-03-04,Paid Ads,Mobile,North,35-44,100K+,Credit Card,0,11,906,Product Page Viewed,1,0,0,0,0,Product Page Viewed,High interest-rate concern,23181,3,10
4971,S004972,U001617,2025-05-19 14:25:03,2025-05-19,Email,Tablet,South,25-34,50K-100K,Personal Loan,0,8,999,Product Page Viewed,1,0,0,0,0,Product Page Viewed,High interest-rate concern,70479,5,21
4972,S004973,U001892,2025-03-21 09:46:49,2025-03-21,Direct,Desktop,North,35-44,Below 25K,Savings Account,0,7,52,Product Page Viewed,1,0,0,0,0,Product Page Viewed,Technical issue,13840,3,12
4973,S004974,U001359,2025-02-07 10:45:16,2025-02-07,Organic Search,Mobile,North,25-34,50K-100K,Personal Loan,0,5,909,Website Visit,0,0,0,0,0,Website Visit,Immediate bounce,159166,2,6
4974,S004975,U000141,2025-03-04 22:59:00,2025-03-04,Referral,Desktop,Central,45-54,100K+,Personal Loan,0,11,368,Product Page Viewed,1,0,0,0,0,Product Page Viewed,Comparing alternatives,89189,3,10
4975,S004976,U001494,2025-06-27 21:03:45,2025-06-27,Direct,Tablet,West,35-44,100K+,Credit Card,0,7,476,Product Page Viewed,1,0,0,0,0,Product Page Viewed,High interest-rate concern,36502,6,26
4976,S004977,U000243,2025-02-13 13:06:30,2025-02-13,Social Media,Mobile,West,25-34,25K-50K,Personal Loan,0,10,758,Lead Form Submitted,1,1,1,1,1,,,0,2,7
4977,S004978,U003230,2025-06-12 12:08:45,2025-06-12,Organic Search,Mobile,East,35-44,100K+,Credit Card,1,10,487,Lead Form Submitted,1,1,1,1,1,,,0,6,24
4978,S004979,U002521,2025-05-26 18:37:42,2025-05-26,Paid Ads,Mobile,North,45-54,50K-100K,Credit Card,1,10,901,Lead Form Submitted,1,1,1,1,1,,,0,5,22
4979,S004980,U004665,2025-06-10 00:07:12,2025-06-10,Social Media,Mobile,North,25-34,50K-100K,Personal Loan,0,2,472,Calculator Used,1,1,0,0,0,Calculator Used,Comparing alternatives,98332,6,24
4980,S004981,U001301,2025-02-20 18:44:31,2025-02-20,Paid Ads,Desktop,West,18-24,Below 25K,Personal Loan,0,2,994,Calculator Used,1,1,0,0,0,Calculator Used,Comparing alternatives,147160,2,8
4981,S004982,U002391,2025-05-09 18:48:26,2025-05-09,Direct,Mobile,South,18-24,50K-100K,Personal Loan,0,9,827,Product Page Viewed,1,0,0,0,0,Product Page Viewed,Unclear product value,70802,5,19
4982,S004983,U002567,2025-06-18 21:19:06,2025-06-18,Organic Search,Mobile,South,55+,25K-50K,Insurance Plan,0,4,114,Lead Form Started,1,1,1,1,0,Lead Form Started,Session timeout,4422,6,25
4983,S004984,U002503,2025-03-03 15:01:17,2025-03-03,Paid Ads,Tablet,East,45-54,50K-100K,Insurance Plan,0,6,1085,CTA Clicked,1,1,1,0,0,CTA Clicked,Not ready to apply,7322,3,10
4984,S004985,U002256,2025-05-11 04:52:37,2025-05-11,Referral,Desktop,East,25-34,25K-50K,Personal Loan,0,8,287,Lead Form Submitted,1,1,1,1,1,,,0,5,19
4985,S004986,U000573,2025-05-10 10:36:19,2025-05-10,Organic Search,Mobile,North,35-44,50K-100K,Personal Loan,0,8,1151,Product Page Viewed,1,0,0,0,0,Product Page Viewed,Unclear product value,136781,5,19
4986,S004987,U002239,2025-01-12 19:13:55,2025-01-12,Direct,Desktop,West,18-24,100K+,Personal Loan,1,12,60,Calculator Used,1,1,0,0,0,Calculator Used,Calculator result not attractive,69852,1,2
4987,S004988,U003175,2025-02-19 17:00:50,2025-02-19,Social Media,Desktop,East,25-34,50K-100K,Credit Card,1,3,217,Product Page Viewed,1,0,0,0,0,Product Page Viewed,Unclear product value,24582,2,8
4988,S004989,U001537,2025-04-21 01:00:43,2025-04-21,Email,Mobile,West,25-34,Below 25K,Credit Card,0,3,156,Product Page Viewed,1,0,0,0,0,Product Page Viewed,High interest-rate concern,21321,4,17
4989,S004990,U000743,2025-01-20 06:06:38,2025-01-20,Paid Ads,Desktop,North,25-34,50K-100K,Savings Account,0,1,977,Calculator Used,1,1,0,0,0,Calculator Used,Comparing alternatives,15992,1,4
4990,S004991,U000491,2025-03-22 15:34:09,2025-03-22,Direct,Desktop,East,35-44,25K-50K,Personal Loan,0,3,538,Lead Form Submitted,1,1,1,1,1,,,0,3,12
4991,S004992,U003621,2025-04-09 23:15:32,2025-04-09,Organic Search,Desktop,North,45-54,50K-100K,Credit Card,1,3,233,Lead Form Submitted,1,1,1,1,1,,,0,4,15
4992,S004993,U001426,2025-05-01 15:45:50,2025-05-01,Paid Ads,Desktop,North,25-34,25K-50K,Personal Loan,0,3,954,Product Page Viewed,1,0,0,0,0,Product Page Viewed,Comparing alternatives,75960,5,18
4993,S004994,U004923,2025-05-08 15:45:39,2025-05-08,Organic Search,Desktop,East,35-44,25K-50K,Credit Card,0,10,534,Calculator Used,1,1,0,0,0,Calculator Used,Comparing alternatives,22203,5,19
4994,S004995,U002418,2025-03-11 09:59:35,2025-03-11,Email,Mobile,East,55+,25K-50K,Personal Loan,1,7,366,Calculator Used,1,1,0,0,0,Calculator Used,Technical issue,113354,3,11
4995,S004996,U003622,2025-05-26 11:34:55,2025-05-26,Paid Ads,Mobile,Central,45-54,50K-100K,Personal Loan,0,2,311,Lead Form Submitted,1,1,1,1,1,,,0,5,22
4996,S004997,U004724,2025-05-09 21:52:28,2025-05-09,Paid Ads,Desktop,North,35-44,25K-50K,Savings Account,0,6,434,Product Page Viewed,1,0,0,0,0,Product Page Viewed,Unclear product value,11668,5,19
4997,S004998,U003030,2025-02-05 21:33:07,2025-02-05,Paid Ads,Desktop,East,45-54,50K-100K,Credit Card,1,9,141,Lead Form Submitted,1,1,1,1,1,,,0,2,6
4998,S004999,U001983,2025-03-30 14:10:11,2025-03-30,Direct,Mobile,Central,25-34,Below 25K,Savings Account,0,1,1141,Product Page Viewed,1,0,0,0,0,Product Page Viewed,Comparing alternatives,19618,3,13
4999,S005000,U001882,2025-02-04 20:36:05,2025-02-04,Organic Search,Desktop,East,25-34,25K-50K,Savings Account,0,7,731,Product Page Viewed,1,0,0,0,0,Product Page Viewed,Technical issue,12111,2,6
